# Digitized traces from Genet et al. (2023), their Fig 9 (fiber angle +-alpha [deg]).
# Extracted from the published figure by hue segmentation (provenance/reproduction).
# Where variations overlap (curves coincide) an occluded segment is completed from
# the nearest visible variation. columns: panel {pressure[kPa],volume[mL],torsion[deg]}, variation, x=time[ms], y.
panel,variation,x,y
pressure,30,0.00,0.8706
pressure,30,1.73,0.8706
pressure,30,3.46,0.8706
pressure,30,5.19,0.8706
pressure,30,6.93,0.8706
pressure,30,8.66,0.8706
pressure,30,10.39,0.8706
pressure,30,12.12,0.8706
pressure,30,13.85,0.8706
pressure,30,15.58,0.8706
pressure,30,17.32,0.8706
pressure,30,19.05,0.8706
pressure,30,20.78,0.8706
pressure,30,22.51,0.8706
pressure,30,24.24,0.8706
pressure,30,25.97,0.8706
pressure,30,27.71,0.8706
pressure,30,29.44,0.8706
pressure,30,31.17,0.8706
pressure,30,32.90,0.8706
pressure,30,34.63,0.8706
pressure,30,36.36,0.8706
pressure,30,38.10,0.8706
pressure,30,39.83,0.8706
pressure,30,41.56,0.8706
pressure,30,43.29,0.8706
pressure,30,45.02,0.8706
pressure,30,46.75,0.8706
pressure,30,48.48,0.8706
pressure,30,50.22,0.8706
pressure,30,51.95,0.8706
pressure,30,53.68,0.8706
pressure,30,55.41,0.8706
pressure,30,57.14,0.8706
pressure,30,58.87,0.8706
pressure,30,60.61,0.8706
pressure,30,62.34,0.8706
pressure,30,64.07,0.8706
pressure,30,65.80,0.8706
pressure,30,67.53,0.8706
pressure,30,69.26,0.8706
pressure,30,71.00,0.8706
pressure,30,72.73,0.8706
pressure,30,74.46,0.8706
pressure,30,76.19,0.8706
pressure,30,77.92,0.8706
pressure,30,79.65,0.8706
pressure,30,81.39,0.8706
pressure,30,83.12,0.8706
pressure,30,84.85,0.8706
pressure,30,86.58,0.8706
pressure,30,88.31,0.8706
pressure,30,90.04,0.8706
pressure,30,91.77,0.8706
pressure,30,93.51,0.8706
pressure,30,95.24,0.8706
pressure,30,96.97,0.8706
pressure,30,98.70,0.8706
pressure,30,100.43,0.8706
pressure,30,102.16,0.8706
pressure,30,103.90,0.8706
pressure,30,105.63,0.8706
pressure,30,107.36,0.8706
pressure,30,109.09,0.8706
pressure,30,110.82,0.8706
pressure,30,112.55,0.9239
pressure,30,114.29,0.9416
pressure,30,116.02,1.0127
pressure,30,117.75,1.0838
pressure,30,119.48,1.1726
pressure,30,121.21,1.2792
pressure,30,122.94,1.4213
pressure,30,124.68,1.5635
pressure,30,126.41,1.7056
pressure,30,128.14,1.8832
pressure,30,129.87,2.0609
pressure,30,131.60,2.2386
pressure,30,133.33,2.4518
pressure,30,135.06,2.6650
pressure,30,136.80,2.8959
pressure,30,138.53,3.1091
pressure,30,140.26,3.3401
pressure,30,141.99,3.5888
pressure,30,143.72,3.8198
pressure,30,145.45,4.0863
pressure,30,147.19,4.3528
pressure,30,148.92,4.6015
pressure,30,150.65,4.8680
pressure,30,152.38,5.1523
pressure,30,154.11,5.4365
pressure,30,155.84,5.7208
pressure,30,157.58,6.0051
pressure,30,159.31,6.2893
pressure,30,161.04,6.5914
pressure,30,162.77,6.8579
pressure,30,164.50,7.1599
pressure,30,166.23,7.4264
pressure,30,167.97,7.7284
pressure,30,169.70,8.0127
pressure,30,171.43,8.2614
pressure,30,173.16,8.5457
pressure,30,174.89,8.7766
pressure,30,176.62,9.0254
pressure,30,178.35,9.2386
pressure,30,180.09,9.4518
pressure,30,181.82,9.6650
pressure,30,183.55,9.8426
pressure,30,185.28,10.0203
pressure,30,187.01,10.1802
pressure,30,188.74,10.3401
pressure,30,190.48,10.4645
pressure,30,192.21,10.5888
pressure,30,193.94,10.7310
pressure,30,195.67,10.8376
pressure,30,197.40,10.9264
pressure,30,199.13,11.0152
pressure,30,200.87,11.1041
pressure,30,202.60,11.1574
pressure,30,204.33,11.2284
pressure,30,206.06,11.2640
pressure,30,207.79,11.3173
pressure,30,209.52,11.3528
pressure,30,211.26,11.3883
pressure,30,212.99,11.4239
pressure,30,214.72,11.4416
pressure,30,216.45,11.4594
pressure,30,218.18,11.4949
pressure,30,219.91,11.4949
pressure,30,221.65,11.5305
pressure,30,223.38,11.5305
pressure,30,225.11,11.5305
pressure,30,226.84,11.4772
pressure,30,228.57,11.4772
pressure,30,230.30,11.4594
pressure,30,232.03,11.4594
pressure,30,233.77,11.4594
pressure,30,235.50,11.4594
pressure,30,237.23,11.4416
pressure,30,238.96,11.4061
pressure,30,240.69,11.3883
pressure,30,242.42,11.3706
pressure,30,244.16,11.3350
pressure,30,245.89,11.2995
pressure,30,247.62,11.2817
pressure,30,249.35,11.2640
pressure,30,251.08,11.2284
pressure,30,252.81,11.2107
pressure,30,254.55,11.1929
pressure,30,256.28,11.1574
pressure,30,258.01,11.1218
pressure,30,259.74,11.0863
pressure,30,261.47,11.0863
pressure,30,263.20,11.0508
pressure,30,264.94,11.0152
pressure,30,266.67,10.9975
pressure,30,268.40,10.9797
pressure,30,270.13,10.9442
pressure,30,271.86,10.9086
pressure,30,273.59,10.8731
pressure,30,275.32,10.8731
pressure,30,277.06,10.8376
pressure,30,278.79,10.8020
pressure,30,280.52,10.7665
pressure,30,282.25,10.7487
pressure,30,283.98,10.7310
pressure,30,285.71,10.6954
pressure,30,287.45,10.6599
pressure,30,289.18,10.6421
pressure,30,290.91,10.6244
pressure,30,292.64,10.5888
pressure,30,294.37,10.5711
pressure,30,296.10,10.5533
pressure,30,297.84,10.5178
pressure,30,299.57,10.4822
pressure,30,301.30,10.4645
pressure,30,303.03,10.4467
pressure,30,304.76,10.4112
pressure,30,306.49,10.3756
pressure,30,308.23,10.3579
pressure,30,309.96,10.3401
pressure,30,311.69,10.3046
pressure,30,313.42,10.2868
pressure,30,315.15,10.2690
pressure,30,316.88,10.2335
pressure,30,318.61,10.2157
pressure,30,320.35,10.1980
pressure,30,322.08,10.1624
pressure,30,323.81,10.1447
pressure,30,325.54,10.1269
pressure,30,327.27,10.0914
pressure,30,329.00,10.0558
pressure,30,330.74,10.0381
pressure,30,332.47,10.0203
pressure,30,334.20,9.9848
pressure,30,335.93,9.9492
pressure,30,337.66,9.9137
pressure,30,339.39,9.9137
pressure,30,341.13,9.8782
pressure,30,342.86,9.8426
pressure,30,344.59,9.8071
pressure,30,346.32,9.7716
pressure,30,348.05,9.7360
pressure,30,349.78,9.7360
pressure,30,351.52,9.7005
pressure,30,353.25,9.6650
pressure,30,354.98,9.6294
pressure,30,356.71,9.5939
pressure,30,358.44,9.5584
pressure,30,360.17,9.5406
pressure,30,361.90,9.5228
pressure,30,363.64,9.4873
pressure,30,365.37,9.4518
pressure,30,367.10,9.4162
pressure,30,368.83,9.3807
pressure,30,370.56,9.3629
pressure,30,372.29,9.3452
pressure,30,374.03,9.3096
pressure,30,375.76,9.2741
pressure,30,377.49,9.2386
pressure,30,379.22,9.2030
pressure,30,380.95,9.2030
pressure,30,382.68,9.1675
pressure,30,384.42,9.1320
pressure,30,386.15,9.0964
pressure,30,387.88,9.0609
pressure,30,389.61,9.0431
pressure,30,391.34,9.0254
pressure,30,393.07,8.9898
pressure,30,394.81,8.9543
pressure,30,396.54,8.9188
pressure,30,398.27,8.8832
pressure,30,400.00,8.8832
pressure,30,401.73,8.8477
pressure,30,403.46,8.8122
pressure,30,405.19,8.7411
pressure,30,406.93,8.6345
pressure,30,408.66,8.4924
pressure,30,410.39,8.2792
pressure,30,412.12,7.9416
pressure,30,413.85,7.4797
pressure,30,415.58,7.0533
pressure,30,417.32,6.6447
pressure,30,419.05,6.2538
pressure,30,420.78,5.8629
pressure,30,422.51,5.5076
pressure,30,424.24,5.2234
pressure,30,425.97,4.8858
pressure,30,427.71,4.5838
pressure,30,429.44,4.3173
pressure,30,431.17,4.0508
pressure,30,432.90,3.8198
pressure,30,434.63,3.5888
pressure,30,436.36,3.3579
pressure,30,438.10,3.1624
pressure,30,439.83,2.9848
pressure,30,441.56,2.7893
pressure,30,443.29,2.6294
pressure,30,445.02,2.4695
pressure,30,446.75,2.3274
pressure,30,448.48,2.1853
pressure,30,450.22,2.0609
pressure,30,451.95,1.9365
pressure,30,453.68,1.8299
pressure,30,455.41,1.7056
pressure,30,457.14,1.5990
pressure,30,458.87,1.5102
pressure,30,460.61,1.4036
pressure,30,462.34,1.3325
pressure,30,464.07,1.2614
pressure,30,465.80,1.1726
pressure,30,467.53,1.1015
pressure,30,469.26,1.0305
pressure,30,471.00,0.9772
pressure,30,472.73,0.9061
pressure,30,474.46,0.8706
pressure,30,476.19,0.7995
pressure,30,477.92,0.7640
pressure,30,479.65,0.7107
pressure,30,481.39,0.6574
pressure,30,483.12,0.6218
pressure,30,484.85,0.6218
pressure,30,486.58,0.5863
pressure,30,488.31,0.5685
pressure,30,490.04,0.5508
pressure,30,491.77,0.5508
pressure,30,493.51,0.5508
pressure,30,495.24,0.5330
pressure,30,496.97,0.5152
pressure,30,498.70,0.5152
pressure,30,500.43,0.5152
pressure,30,502.16,0.5152
pressure,30,503.90,0.5152
pressure,30,505.63,0.4975
pressure,30,507.36,0.4975
pressure,30,509.09,0.4975
pressure,30,510.82,0.4975
pressure,30,512.55,0.4797
pressure,30,514.29,0.4797
pressure,30,516.02,0.4797
pressure,30,517.75,0.4797
pressure,30,519.48,0.4797
pressure,30,521.21,0.4797
pressure,30,522.94,0.4797
pressure,30,524.68,0.4797
pressure,30,526.41,0.4797
pressure,30,528.14,0.4797
pressure,30,529.87,0.4797
pressure,30,531.60,0.4797
pressure,30,533.33,0.4797
pressure,30,535.06,0.4797
pressure,30,536.80,0.4797
pressure,30,538.53,0.4797
pressure,30,540.26,0.4797
pressure,30,541.99,0.4797
pressure,30,543.72,0.4797
pressure,30,545.45,0.4797
pressure,30,547.19,0.4797
pressure,30,548.92,0.4797
pressure,30,550.65,0.4797
pressure,30,552.38,0.4797
pressure,30,554.11,0.4975
pressure,30,555.84,0.4975
pressure,30,557.58,0.4975
pressure,30,559.31,0.4975
pressure,30,561.04,0.4975
pressure,30,562.77,0.4975
pressure,30,564.50,0.4975
pressure,30,566.23,0.4975
pressure,30,567.97,0.5152
pressure,30,569.70,0.5152
pressure,30,571.43,0.5152
pressure,30,573.16,0.5152
pressure,30,574.89,0.5152
pressure,30,576.62,0.5152
pressure,30,578.35,0.5152
pressure,30,580.09,0.5152
pressure,30,581.82,0.5152
pressure,30,583.55,0.5152
pressure,30,585.28,0.5152
pressure,30,587.01,0.5152
pressure,30,588.74,0.5330
pressure,30,590.48,0.5330
pressure,30,592.21,0.5330
pressure,30,593.94,0.5330
pressure,30,595.67,0.5330
pressure,30,597.40,0.5330
pressure,30,599.13,0.5330
pressure,30,600.87,0.5330
pressure,30,602.60,0.5330
pressure,30,604.33,0.5330
pressure,30,606.06,0.5330
pressure,30,607.79,0.5330
pressure,30,609.52,0.5330
pressure,30,611.26,0.5330
pressure,30,612.99,0.5330
pressure,30,614.72,0.5330
pressure,30,616.45,0.5330
pressure,30,618.18,0.5330
pressure,30,619.91,0.5508
pressure,30,621.65,0.5508
pressure,30,623.38,0.5508
pressure,30,625.11,0.5508
pressure,30,626.84,0.5508
pressure,30,628.57,0.5508
pressure,30,630.30,0.5508
pressure,30,632.03,0.5508
pressure,30,633.77,0.5508
pressure,30,635.50,0.5508
pressure,30,637.23,0.5508
pressure,30,638.96,0.5508
pressure,30,640.69,0.5508
pressure,30,642.42,0.5508
pressure,30,644.16,0.5508
pressure,30,645.89,0.5508
pressure,30,647.62,0.5508
pressure,30,649.35,0.5508
pressure,30,651.08,0.5508
pressure,30,652.81,0.5508
pressure,30,654.55,0.5508
pressure,30,656.28,0.5508
pressure,30,658.01,0.5508
pressure,30,659.74,0.5508
pressure,30,661.47,0.5508
pressure,30,663.20,0.5508
pressure,30,664.94,0.5508
pressure,30,666.67,0.5508
pressure,30,668.40,0.5508
pressure,30,670.13,0.5508
pressure,30,671.86,0.5508
pressure,30,673.59,0.5508
pressure,30,675.32,0.5508
pressure,30,677.06,0.5685
pressure,30,678.79,0.5685
pressure,30,680.52,0.5863
pressure,30,682.25,0.5863
pressure,30,683.98,0.5863
pressure,30,685.71,0.6041
pressure,30,687.45,0.6218
pressure,30,689.18,0.6218
pressure,30,690.91,0.6218
pressure,30,692.64,0.6396
pressure,30,694.37,0.6574
pressure,30,696.10,0.6574
pressure,30,697.84,0.6574
pressure,30,699.57,0.6751
pressure,30,701.30,0.6929
pressure,30,703.03,0.6929
pressure,30,704.76,0.6929
pressure,30,706.49,0.7107
pressure,30,708.23,0.7284
pressure,30,709.96,0.7284
pressure,30,711.69,0.7462
pressure,30,713.42,0.7640
pressure,30,715.15,0.7640
pressure,30,716.88,0.7640
pressure,30,718.61,0.7817
pressure,30,720.35,0.7995
pressure,30,722.08,0.7995
pressure,30,723.81,0.8173
pressure,30,725.54,0.8173
pressure,30,727.27,0.8350
pressure,30,729.00,0.8350
pressure,30,730.74,0.8528
pressure,30,732.47,0.8528
pressure,30,734.20,0.8706
pressure,30,735.93,0.8706
pressure,30,737.66,0.8706
pressure,30,739.39,0.8706
pressure,30,741.13,0.8706
pressure,30,742.86,0.8706
pressure,30,744.59,0.8706
pressure,30,746.32,0.8706
pressure,30,748.05,0.8706
pressure,30,749.78,0.8706
pressure,30,751.52,0.8706
pressure,30,753.25,0.8706
pressure,30,754.98,0.8706
pressure,30,756.71,0.8706
pressure,30,758.44,0.8706
pressure,30,760.17,0.8706
pressure,30,761.90,0.8706
pressure,30,763.64,0.8706
pressure,30,765.37,0.8706
pressure,30,767.10,0.8706
pressure,30,768.83,0.8706
pressure,30,770.56,0.8706
pressure,30,772.29,0.8706
pressure,30,774.03,0.8706
pressure,30,775.76,0.8706
pressure,30,777.49,0.8706
pressure,30,779.22,0.8706
pressure,30,780.95,0.8706
pressure,30,782.68,0.8706
pressure,30,784.42,0.8706
pressure,30,786.15,0.8706
pressure,30,787.88,0.8706
pressure,30,789.61,0.8706
pressure,30,791.34,0.8706
pressure,30,793.07,0.8706
pressure,30,794.81,0.8706
pressure,30,796.54,0.8706
pressure,30,798.27,0.8706
pressure,30,800.00,0.8706
pressure,45,0.00,0.8706
pressure,45,1.73,0.8706
pressure,45,3.46,0.8706
pressure,45,5.19,0.8706
pressure,45,6.93,0.8706
pressure,45,8.66,0.8706
pressure,45,10.39,0.8706
pressure,45,12.12,0.8706
pressure,45,13.85,0.8706
pressure,45,15.58,0.8706
pressure,45,17.32,0.8706
pressure,45,19.05,0.8706
pressure,45,20.78,0.8706
pressure,45,22.51,0.8706
pressure,45,24.24,0.8706
pressure,45,25.97,0.8706
pressure,45,27.71,0.8706
pressure,45,29.44,0.8706
pressure,45,31.17,0.8706
pressure,45,32.90,0.8706
pressure,45,34.63,0.8706
pressure,45,36.36,0.8706
pressure,45,38.10,0.8706
pressure,45,39.83,0.8706
pressure,45,41.56,0.8706
pressure,45,43.29,0.8706
pressure,45,45.02,0.8706
pressure,45,46.75,0.8706
pressure,45,48.48,0.8706
pressure,45,50.22,0.8706
pressure,45,51.95,0.8706
pressure,45,53.68,0.8706
pressure,45,55.41,0.8706
pressure,45,57.14,0.8706
pressure,45,58.87,0.8706
pressure,45,60.61,0.8706
pressure,45,62.34,0.8706
pressure,45,64.07,0.8706
pressure,45,65.80,0.8706
pressure,45,67.53,0.8706
pressure,45,69.26,0.8706
pressure,45,71.00,0.8706
pressure,45,72.73,0.8706
pressure,45,74.46,0.8706
pressure,45,76.19,0.8706
pressure,45,77.92,0.8706
pressure,45,79.65,0.8706
pressure,45,81.39,0.8706
pressure,45,83.12,0.8706
pressure,45,84.85,0.8706
pressure,45,86.58,0.8706
pressure,45,88.31,0.8706
pressure,45,90.04,0.8706
pressure,45,91.77,0.8706
pressure,45,93.51,0.8706
pressure,45,95.24,0.8706
pressure,45,96.97,0.8706
pressure,45,98.70,0.8706
pressure,45,100.43,0.8706
pressure,45,102.16,0.8706
pressure,45,103.90,0.8706
pressure,45,105.63,0.8706
pressure,45,107.36,0.8706
pressure,45,109.09,0.8706
pressure,45,110.82,0.8706
pressure,45,112.55,0.9239
pressure,45,114.29,0.9416
pressure,45,116.02,1.0127
pressure,45,117.75,1.0838
pressure,45,119.48,1.1726
pressure,45,121.21,1.2792
pressure,45,122.94,1.4213
pressure,45,124.68,1.5635
pressure,45,126.41,1.7056
pressure,45,128.14,1.8832
pressure,45,129.87,2.0609
pressure,45,131.60,2.2386
pressure,45,133.33,2.4518
pressure,45,135.06,2.6650
pressure,45,136.80,2.8959
pressure,45,138.53,3.1091
pressure,45,140.26,3.3401
pressure,45,141.99,3.5888
pressure,45,143.72,3.8198
pressure,45,145.45,4.7970
pressure,45,147.19,5.0635
pressure,45,148.92,5.3477
pressure,45,150.65,5.6320
pressure,45,152.38,5.9340
pressure,45,154.11,6.2360
pressure,45,155.84,6.5203
pressure,45,157.58,6.8401
pressure,45,159.31,7.1244
pressure,45,161.04,7.3909
pressure,45,162.77,7.7107
pressure,45,164.50,7.9949
pressure,45,166.23,8.2792
pressure,45,167.97,8.5635
pressure,45,169.70,8.8477
pressure,45,171.43,9.1142
pressure,45,173.16,9.3629
pressure,45,174.89,9.6117
pressure,45,176.62,9.8426
pressure,45,178.35,10.0381
pressure,45,180.09,10.2335
pressure,45,181.82,10.4645
pressure,45,183.55,10.6599
pressure,45,185.28,10.8731
pressure,45,187.01,11.0330
pressure,45,188.74,11.1929
pressure,45,190.48,11.3528
pressure,45,192.21,11.4949
pressure,45,193.94,11.6193
pressure,45,195.67,11.7437
pressure,45,197.40,11.8503
pressure,45,199.13,11.9213
pressure,45,200.87,12.0102
pressure,45,202.60,12.0812
pressure,45,204.33,12.1523
pressure,45,206.06,12.1878
pressure,45,207.79,12.2589
pressure,45,209.52,12.2589
pressure,45,211.26,12.2944
pressure,45,212.99,12.2944
pressure,45,214.72,12.3122
pressure,45,216.45,12.3122
pressure,45,218.18,12.3477
pressure,45,219.91,12.3477
pressure,45,221.65,12.3655
pressure,45,223.38,12.3655
pressure,45,225.11,12.3832
pressure,45,226.84,12.3832
pressure,45,228.57,12.3832
pressure,45,230.30,12.3477
pressure,45,232.03,12.3477
pressure,45,233.77,12.3477
pressure,45,235.50,12.3477
pressure,45,237.23,12.3122
pressure,45,238.96,12.3122
pressure,45,240.69,12.3122
pressure,45,242.42,12.2766
pressure,45,244.16,12.2766
pressure,45,245.89,12.2589
pressure,45,247.62,12.2411
pressure,45,249.35,12.2411
pressure,45,251.08,12.2056
pressure,45,252.81,12.2056
pressure,45,254.55,12.1878
pressure,45,256.28,12.1701
pressure,45,258.01,12.1701
pressure,45,259.74,12.1345
pressure,45,261.47,12.1345
pressure,45,263.20,12.1168
pressure,45,264.94,12.0990
pressure,45,266.67,12.0990
pressure,45,268.40,12.0635
pressure,45,270.13,12.0635
pressure,45,271.86,12.0457
pressure,45,273.59,12.0279
pressure,45,275.32,12.0279
pressure,45,277.06,11.9924
pressure,45,278.79,11.9924
pressure,45,280.52,11.9569
pressure,45,282.25,11.9569
pressure,45,283.98,11.9569
pressure,45,285.71,11.9213
pressure,45,287.45,11.9213
pressure,45,289.18,11.8858
pressure,45,290.91,11.8858
pressure,45,292.64,11.8680
pressure,45,294.37,11.8503
pressure,45,296.10,11.8325
pressure,45,297.84,11.8147
pressure,45,299.57,11.8147
pressure,45,301.30,11.7792
pressure,45,303.03,11.7792
pressure,45,304.76,11.7614
pressure,45,306.49,11.7437
pressure,45,308.23,11.7437
pressure,45,309.96,11.7081
pressure,45,311.69,11.7081
pressure,45,313.42,11.7081
pressure,45,315.15,11.6726
pressure,45,316.88,11.6726
pressure,45,318.61,11.6548
pressure,45,320.35,11.6548
pressure,45,322.08,11.6548
pressure,45,323.81,11.6371
pressure,45,325.54,11.6371
pressure,45,327.27,11.6193
pressure,45,329.00,11.6193
pressure,45,330.74,11.5838
pressure,45,332.47,11.5838
pressure,45,334.20,11.4949
pressure,45,335.93,11.4594
pressure,45,337.66,11.4594
pressure,45,339.39,11.4416
pressure,45,341.13,11.4239
pressure,45,342.86,11.3883
pressure,45,344.59,11.3883
pressure,45,346.32,11.3528
pressure,45,348.05,11.3350
pressure,45,349.78,11.2995
pressure,45,351.52,11.2817
pressure,45,353.25,11.2462
pressure,45,354.98,11.2284
pressure,45,356.71,11.1929
pressure,45,358.44,11.1574
pressure,45,360.17,11.1218
pressure,45,361.90,11.1041
pressure,45,363.64,11.0863
pressure,45,365.37,11.0508
pressure,45,367.10,11.0152
pressure,45,368.83,10.9797
pressure,45,370.56,10.9442
pressure,45,372.29,10.9086
pressure,45,374.03,10.8731
pressure,45,375.76,10.8376
pressure,45,377.49,10.7843
pressure,45,379.22,10.7487
pressure,45,380.95,10.7132
pressure,45,382.68,10.6599
pressure,45,384.42,10.6244
pressure,45,386.15,10.5888
pressure,45,387.88,10.5355
pressure,45,389.61,10.5000
pressure,45,391.34,10.4645
pressure,45,393.07,10.3934
pressure,45,394.81,10.3579
pressure,45,396.54,10.3223
pressure,45,398.27,10.2513
pressure,45,400.00,10.2157
pressure,45,401.73,10.1624
pressure,45,403.46,10.1091
pressure,45,405.19,10.0203
pressure,45,406.93,9.8959
pressure,45,408.66,9.7360
pressure,45,410.39,9.4695
pressure,45,412.12,9.1853
pressure,45,413.85,8.7944
pressure,45,415.58,8.3858
pressure,45,417.32,7.9772
pressure,45,419.05,7.5508
pressure,45,420.78,7.0711
pressure,45,422.51,6.6624
pressure,45,424.24,6.2538
pressure,45,425.97,5.9162
pressure,45,427.71,5.5431
pressure,45,429.44,5.1878
pressure,45,431.17,4.9213
pressure,45,432.90,4.6193
pressure,45,434.63,4.3350
pressure,45,436.36,4.0863
pressure,45,438.10,3.8376
pressure,45,439.83,3.6066
pressure,45,441.56,3.3756
pressure,45,443.29,3.1802
pressure,45,445.02,2.9848
pressure,45,446.75,2.8249
pressure,45,448.48,2.6472
pressure,45,450.22,2.4873
pressure,45,451.95,2.3274
pressure,45,453.68,2.2030
pressure,45,455.41,2.0609
pressure,45,457.14,1.9365
pressure,45,458.87,1.8299
pressure,45,460.61,1.7056
pressure,45,462.34,1.5990
pressure,45,464.07,1.5102
pressure,45,465.80,1.4213
pressure,45,467.53,1.3147
pressure,45,469.26,1.2437
pressure,45,471.00,1.1726
pressure,45,472.73,1.1015
pressure,45,474.46,1.0305
pressure,45,476.19,0.9594
pressure,45,477.92,0.9061
pressure,45,479.65,0.8528
pressure,45,481.39,0.7995
pressure,45,483.12,0.7640
pressure,45,484.85,0.7107
pressure,45,486.58,0.6574
pressure,45,488.31,0.6218
pressure,45,490.04,0.5863
pressure,45,491.77,0.5508
pressure,45,493.51,0.5508
pressure,45,495.24,0.5330
pressure,45,496.97,0.5152
pressure,45,498.70,0.5152
pressure,45,500.43,0.5152
pressure,45,502.16,0.5152
pressure,45,503.90,0.5152
pressure,45,505.63,0.4975
pressure,45,507.36,0.4975
pressure,45,509.09,0.4975
pressure,45,510.82,0.4975
pressure,45,512.55,0.4797
pressure,45,514.29,0.4797
pressure,45,516.02,0.4797
pressure,45,517.75,0.4797
pressure,45,519.48,0.4797
pressure,45,521.21,0.4797
pressure,45,522.94,0.4797
pressure,45,524.68,0.4797
pressure,45,526.41,0.4797
pressure,45,528.14,0.4797
pressure,45,529.87,0.4797
pressure,45,531.60,0.4797
pressure,45,533.33,0.4797
pressure,45,535.06,0.4797
pressure,45,536.80,0.4797
pressure,45,538.53,0.4797
pressure,45,540.26,0.4797
pressure,45,541.99,0.4797
pressure,45,543.72,0.4797
pressure,45,545.45,0.4797
pressure,45,547.19,0.4797
pressure,45,548.92,0.4797
pressure,45,550.65,0.4797
pressure,45,552.38,0.4797
pressure,45,554.11,0.4975
pressure,45,555.84,0.4975
pressure,45,557.58,0.4975
pressure,45,559.31,0.4975
pressure,45,561.04,0.4975
pressure,45,562.77,0.4975
pressure,45,564.50,0.4975
pressure,45,566.23,0.4975
pressure,45,567.97,0.5152
pressure,45,569.70,0.5152
pressure,45,571.43,0.5152
pressure,45,573.16,0.5152
pressure,45,574.89,0.5152
pressure,45,576.62,0.5152
pressure,45,578.35,0.5152
pressure,45,580.09,0.5152
pressure,45,581.82,0.5152
pressure,45,583.55,0.5152
pressure,45,585.28,0.5152
pressure,45,587.01,0.5152
pressure,45,588.74,0.5330
pressure,45,590.48,0.5330
pressure,45,592.21,0.5330
pressure,45,593.94,0.5330
pressure,45,595.67,0.5330
pressure,45,597.40,0.5330
pressure,45,599.13,0.5330
pressure,45,600.87,0.5330
pressure,45,602.60,0.5330
pressure,45,604.33,0.5330
pressure,45,606.06,0.5330
pressure,45,607.79,0.5330
pressure,45,609.52,0.5330
pressure,45,611.26,0.5330
pressure,45,612.99,0.5330
pressure,45,614.72,0.5330
pressure,45,616.45,0.5330
pressure,45,618.18,0.5330
pressure,45,619.91,0.5508
pressure,45,621.65,0.5508
pressure,45,623.38,0.5508
pressure,45,625.11,0.5508
pressure,45,626.84,0.5508
pressure,45,628.57,0.5508
pressure,45,630.30,0.5508
pressure,45,632.03,0.5508
pressure,45,633.77,0.5508
pressure,45,635.50,0.5508
pressure,45,637.23,0.5508
pressure,45,638.96,0.5508
pressure,45,640.69,0.5508
pressure,45,642.42,0.5508
pressure,45,644.16,0.5508
pressure,45,645.89,0.5508
pressure,45,647.62,0.5508
pressure,45,649.35,0.5508
pressure,45,651.08,0.5508
pressure,45,652.81,0.5508
pressure,45,654.55,0.5508
pressure,45,656.28,0.5508
pressure,45,658.01,0.5508
pressure,45,659.74,0.5508
pressure,45,661.47,0.5508
pressure,45,663.20,0.5508
pressure,45,664.94,0.5508
pressure,45,666.67,0.5508
pressure,45,668.40,0.5508
pressure,45,670.13,0.5508
pressure,45,671.86,0.5508
pressure,45,673.59,0.5508
pressure,45,675.32,0.5508
pressure,45,677.06,0.5685
pressure,45,678.79,0.5685
pressure,45,680.52,0.5863
pressure,45,682.25,0.5863
pressure,45,683.98,0.5863
pressure,45,685.71,0.6041
pressure,45,687.45,0.6218
pressure,45,689.18,0.6218
pressure,45,690.91,0.6218
pressure,45,692.64,0.6396
pressure,45,694.37,0.6574
pressure,45,696.10,0.6574
pressure,45,697.84,0.6574
pressure,45,699.57,0.6751
pressure,45,701.30,0.6929
pressure,45,703.03,0.6929
pressure,45,704.76,0.6929
pressure,45,706.49,0.7107
pressure,45,708.23,0.7284
pressure,45,709.96,0.7284
pressure,45,711.69,0.7462
pressure,45,713.42,0.7640
pressure,45,715.15,0.7640
pressure,45,716.88,0.7640
pressure,45,718.61,0.7817
pressure,45,720.35,0.7995
pressure,45,722.08,0.7995
pressure,45,723.81,0.8173
pressure,45,725.54,0.8173
pressure,45,727.27,0.8350
pressure,45,729.00,0.8350
pressure,45,730.74,0.8528
pressure,45,732.47,0.8528
pressure,45,734.20,0.8706
pressure,45,735.93,0.8706
pressure,45,737.66,0.8706
pressure,45,739.39,0.8706
pressure,45,741.13,0.8706
pressure,45,742.86,0.8706
pressure,45,744.59,0.8706
pressure,45,746.32,0.8706
pressure,45,748.05,0.8706
pressure,45,749.78,0.8706
pressure,45,751.52,0.8706
pressure,45,753.25,0.8706
pressure,45,754.98,0.8706
pressure,45,756.71,0.8706
pressure,45,758.44,0.8706
pressure,45,760.17,0.8706
pressure,45,761.90,0.8706
pressure,45,763.64,0.8706
pressure,45,765.37,0.8706
pressure,45,767.10,0.8706
pressure,45,768.83,0.8706
pressure,45,770.56,0.8706
pressure,45,772.29,0.8706
pressure,45,774.03,0.8706
pressure,45,775.76,0.8706
pressure,45,777.49,0.8706
pressure,45,779.22,0.8706
pressure,45,780.95,0.8706
pressure,45,782.68,0.8706
pressure,45,784.42,0.8706
pressure,45,786.15,0.8706
pressure,45,787.88,0.8706
pressure,45,789.61,0.8706
pressure,45,791.34,0.8706
pressure,45,793.07,0.8706
pressure,45,794.81,0.8706
pressure,45,796.54,0.8706
pressure,45,798.27,0.8706
pressure,45,800.00,0.8706
pressure,60,0.00,0.8706
pressure,60,1.73,0.8706
pressure,60,3.46,0.8706
pressure,60,5.19,0.8706
pressure,60,6.93,0.8706
pressure,60,8.66,0.8706
pressure,60,10.39,0.8706
pressure,60,12.12,0.8706
pressure,60,13.85,0.8706
pressure,60,15.58,0.8706
pressure,60,17.32,0.8706
pressure,60,19.05,0.8706
pressure,60,20.78,0.8706
pressure,60,22.51,0.8706
pressure,60,24.24,0.8706
pressure,60,25.97,0.8706
pressure,60,27.71,0.8706
pressure,60,29.44,0.8706
pressure,60,31.17,0.8706
pressure,60,32.90,0.8706
pressure,60,34.63,0.8706
pressure,60,36.36,0.8706
pressure,60,38.10,0.8706
pressure,60,39.83,0.8706
pressure,60,41.56,0.8706
pressure,60,43.29,0.8706
pressure,60,45.02,0.8706
pressure,60,46.75,0.8706
pressure,60,48.48,0.8706
pressure,60,50.22,0.8706
pressure,60,51.95,0.8706
pressure,60,53.68,0.8706
pressure,60,55.41,0.8706
pressure,60,57.14,0.8706
pressure,60,58.87,0.8706
pressure,60,60.61,0.8706
pressure,60,62.34,0.8706
pressure,60,64.07,0.8706
pressure,60,65.80,0.8706
pressure,60,67.53,0.8706
pressure,60,69.26,0.8706
pressure,60,71.00,0.8706
pressure,60,72.73,0.8706
pressure,60,74.46,0.8706
pressure,60,76.19,0.8706
pressure,60,77.92,0.8706
pressure,60,79.65,0.8706
pressure,60,81.39,0.8706
pressure,60,83.12,0.8706
pressure,60,84.85,0.8706
pressure,60,86.58,0.8706
pressure,60,88.31,0.8706
pressure,60,90.04,0.8706
pressure,60,91.77,0.8706
pressure,60,93.51,0.8706
pressure,60,95.24,0.8706
pressure,60,96.97,0.8706
pressure,60,98.70,0.8706
pressure,60,100.43,0.8706
pressure,60,102.16,0.8706
pressure,60,103.90,0.8706
pressure,60,105.63,0.8706
pressure,60,107.36,0.8706
pressure,60,109.09,0.8706
pressure,60,110.82,0.8706
pressure,60,112.55,0.9239
pressure,60,114.29,0.9416
pressure,60,116.02,1.0127
pressure,60,117.75,1.0838
pressure,60,119.48,1.1726
pressure,60,121.21,1.2792
pressure,60,122.94,1.4213
pressure,60,124.68,1.5635
pressure,60,126.41,1.7056
pressure,60,128.14,1.8832
pressure,60,129.87,2.0609
pressure,60,131.60,2.2386
pressure,60,133.33,2.4518
pressure,60,135.06,2.6650
pressure,60,136.80,2.8959
pressure,60,138.53,3.1091
pressure,60,140.26,3.3401
pressure,60,141.99,3.5888
pressure,60,143.72,3.8198
pressure,60,145.45,4.7970
pressure,60,147.19,5.0635
pressure,60,148.92,5.3477
pressure,60,150.65,5.6320
pressure,60,152.38,5.9340
pressure,60,154.11,6.2360
pressure,60,155.84,6.5203
pressure,60,157.58,6.8401
pressure,60,159.31,7.1244
pressure,60,161.04,7.3909
pressure,60,162.77,7.7107
pressure,60,164.50,7.9949
pressure,60,166.23,8.2792
pressure,60,167.97,8.5635
pressure,60,169.70,8.8477
pressure,60,171.43,9.1142
pressure,60,173.16,9.3629
pressure,60,174.89,9.6117
pressure,60,176.62,9.8426
pressure,60,178.35,10.0381
pressure,60,180.09,10.2335
pressure,60,181.82,10.4645
pressure,60,183.55,10.6599
pressure,60,185.28,10.8731
pressure,60,187.01,11.4239
pressure,60,188.74,11.5660
pressure,60,190.48,11.6904
pressure,60,192.21,11.8325
pressure,60,193.94,11.9391
pressure,60,195.67,12.0279
pressure,60,197.40,12.1345
pressure,60,199.13,12.2056
pressure,60,200.87,12.2766
pressure,60,202.60,12.3299
pressure,60,204.33,12.3832
pressure,60,206.06,12.4365
pressure,60,207.79,12.4898
pressure,60,209.52,12.5431
pressure,60,211.26,12.5787
pressure,60,212.99,12.6142
pressure,60,214.72,12.6497
pressure,60,216.45,12.6675
pressure,60,218.18,12.7030
pressure,60,219.91,12.7030
pressure,60,221.65,12.7386
pressure,60,223.38,12.7386
pressure,60,225.11,12.7563
pressure,60,226.84,12.7563
pressure,60,228.57,12.7741
pressure,60,230.30,12.7741
pressure,60,232.03,12.7741
pressure,60,233.77,12.7741
pressure,60,235.50,12.7919
pressure,60,237.23,12.7919
pressure,60,238.96,12.7919
pressure,60,240.69,12.7919
pressure,60,242.42,12.7741
pressure,60,244.16,12.7741
pressure,60,245.89,12.7741
pressure,60,247.62,12.7741
pressure,60,249.35,12.7741
pressure,60,251.08,12.7563
pressure,60,252.81,12.7563
pressure,60,254.55,12.7563
pressure,60,256.28,12.7386
pressure,60,258.01,12.7386
pressure,60,259.74,12.7386
pressure,60,261.47,12.7208
pressure,60,263.20,12.7208
pressure,60,264.94,12.7208
pressure,60,266.67,12.7208
pressure,60,268.40,12.7208
pressure,60,270.13,12.7208
pressure,60,271.86,12.7030
pressure,60,273.59,12.7030
pressure,60,275.32,12.7030
pressure,60,277.06,12.7030
pressure,60,278.79,12.7030
pressure,60,280.52,12.6853
pressure,60,282.25,12.6853
pressure,60,283.98,12.6853
pressure,60,285.71,12.6853
pressure,60,287.45,12.6853
pressure,60,289.18,12.6142
pressure,60,290.91,12.5964
pressure,60,292.64,12.5787
pressure,60,294.37,12.5787
pressure,60,296.10,12.5787
pressure,60,297.84,12.5787
pressure,60,299.57,12.5787
pressure,60,301.30,12.5787
pressure,60,303.03,12.5787
pressure,60,304.76,12.5787
pressure,60,306.49,12.5787
pressure,60,308.23,12.5787
pressure,60,309.96,12.5787
pressure,60,311.69,12.5431
pressure,60,313.42,12.5431
pressure,60,315.15,12.5431
pressure,60,316.88,12.5431
pressure,60,318.61,12.5431
pressure,60,320.35,12.5431
pressure,60,322.08,12.5431
pressure,60,323.81,12.5431
pressure,60,325.54,12.5431
pressure,60,327.27,12.5431
pressure,60,329.00,12.5076
pressure,60,330.74,12.5076
pressure,60,332.47,12.4898
pressure,60,334.20,12.4721
pressure,60,335.93,12.4543
pressure,60,337.66,12.4188
pressure,60,339.39,12.4010
pressure,60,341.13,12.3832
pressure,60,342.86,12.3477
pressure,60,344.59,12.3122
pressure,60,346.32,12.2766
pressure,60,348.05,12.2411
pressure,60,349.78,12.2056
pressure,60,351.52,12.1701
pressure,60,353.25,12.1345
pressure,60,354.98,12.0990
pressure,60,356.71,12.0635
pressure,60,358.44,12.0279
pressure,60,360.17,11.9924
pressure,60,361.90,11.9569
pressure,60,363.64,11.9213
pressure,60,365.37,11.8680
pressure,60,367.10,11.8325
pressure,60,368.83,11.7970
pressure,60,370.56,11.7437
pressure,60,372.29,11.7081
pressure,60,374.03,11.6548
pressure,60,375.76,11.6193
pressure,60,377.49,11.5660
pressure,60,379.22,11.5127
pressure,60,380.95,11.4772
pressure,60,382.68,11.4416
pressure,60,384.42,11.3706
pressure,60,386.15,11.3350
pressure,60,387.88,11.2817
pressure,60,389.61,11.2284
pressure,60,391.34,11.1751
pressure,60,393.07,11.1218
pressure,60,394.81,11.0685
pressure,60,396.54,11.0152
pressure,60,398.27,10.9619
pressure,60,400.00,10.9086
pressure,60,401.73,10.8553
pressure,60,403.46,10.7843
pressure,60,405.19,10.6954
pressure,60,406.93,10.5355
pressure,60,408.66,10.3934
pressure,60,410.39,10.2868
pressure,60,412.12,10.1269
pressure,60,413.85,9.8959
pressure,60,415.58,9.5228
pressure,60,417.32,9.1142
pressure,60,419.05,7.5508
pressure,60,420.78,7.0711
pressure,60,422.51,6.6624
pressure,60,424.24,6.2538
pressure,60,425.97,5.9162
pressure,60,427.71,5.5431
pressure,60,429.44,5.1878
pressure,60,431.17,4.9213
pressure,60,432.90,4.6193
pressure,60,434.63,4.3350
pressure,60,436.36,4.0863
pressure,60,438.10,3.8376
pressure,60,439.83,3.6066
pressure,60,441.56,3.3756
pressure,60,443.29,3.1802
pressure,60,445.02,2.9848
pressure,60,446.75,2.8249
pressure,60,448.48,2.6472
pressure,60,450.22,2.4873
pressure,60,451.95,2.3274
pressure,60,453.68,2.2030
pressure,60,455.41,2.0609
pressure,60,457.14,1.9365
pressure,60,458.87,1.8299
pressure,60,460.61,1.7056
pressure,60,462.34,1.5990
pressure,60,464.07,1.5102
pressure,60,465.80,1.4213
pressure,60,467.53,1.3147
pressure,60,469.26,1.2437
pressure,60,471.00,1.1726
pressure,60,472.73,1.1015
pressure,60,474.46,1.0305
pressure,60,476.19,0.9594
pressure,60,477.92,0.9061
pressure,60,479.65,0.8528
pressure,60,481.39,0.7995
pressure,60,483.12,0.7640
pressure,60,484.85,0.7107
pressure,60,486.58,0.6574
pressure,60,488.31,0.6218
pressure,60,490.04,0.5863
pressure,60,491.77,0.5508
pressure,60,493.51,0.5508
pressure,60,495.24,0.5330
pressure,60,496.97,0.5152
pressure,60,498.70,0.5152
pressure,60,500.43,0.5152
pressure,60,502.16,0.5152
pressure,60,503.90,0.5152
pressure,60,505.63,0.4975
pressure,60,507.36,0.4975
pressure,60,509.09,0.4975
pressure,60,510.82,0.4975
pressure,60,512.55,0.4797
pressure,60,514.29,0.4797
pressure,60,516.02,0.4797
pressure,60,517.75,0.4797
pressure,60,519.48,0.4797
pressure,60,521.21,0.4797
pressure,60,522.94,0.4797
pressure,60,524.68,0.4797
pressure,60,526.41,0.4797
pressure,60,528.14,0.4797
pressure,60,529.87,0.4797
pressure,60,531.60,0.4797
pressure,60,533.33,0.4797
pressure,60,535.06,0.4797
pressure,60,536.80,0.4797
pressure,60,538.53,0.4797
pressure,60,540.26,0.4797
pressure,60,541.99,0.4797
pressure,60,543.72,0.4797
pressure,60,545.45,0.4797
pressure,60,547.19,0.4797
pressure,60,548.92,0.4797
pressure,60,550.65,0.4797
pressure,60,552.38,0.4797
pressure,60,554.11,0.4975
pressure,60,555.84,0.4975
pressure,60,557.58,0.4975
pressure,60,559.31,0.4975
pressure,60,561.04,0.4975
pressure,60,562.77,0.4975
pressure,60,564.50,0.4975
pressure,60,566.23,0.4975
pressure,60,567.97,0.5152
pressure,60,569.70,0.5152
pressure,60,571.43,0.5152
pressure,60,573.16,0.5152
pressure,60,574.89,0.5152
pressure,60,576.62,0.5152
pressure,60,578.35,0.5152
pressure,60,580.09,0.5152
pressure,60,581.82,0.5152
pressure,60,583.55,0.5152
pressure,60,585.28,0.5152
pressure,60,587.01,0.5152
pressure,60,588.74,0.5330
pressure,60,590.48,0.5330
pressure,60,592.21,0.5330
pressure,60,593.94,0.5330
pressure,60,595.67,0.5330
pressure,60,597.40,0.5330
pressure,60,599.13,0.5330
pressure,60,600.87,0.5330
pressure,60,602.60,0.5330
pressure,60,604.33,0.5330
pressure,60,606.06,0.5330
pressure,60,607.79,0.5330
pressure,60,609.52,0.5330
pressure,60,611.26,0.5330
pressure,60,612.99,0.5330
pressure,60,614.72,0.5330
pressure,60,616.45,0.5330
pressure,60,618.18,0.5330
pressure,60,619.91,0.5508
pressure,60,621.65,0.5508
pressure,60,623.38,0.5508
pressure,60,625.11,0.5508
pressure,60,626.84,0.5508
pressure,60,628.57,0.5508
pressure,60,630.30,0.5508
pressure,60,632.03,0.5508
pressure,60,633.77,0.5508
pressure,60,635.50,0.5508
pressure,60,637.23,0.5508
pressure,60,638.96,0.5508
pressure,60,640.69,0.5508
pressure,60,642.42,0.5508
pressure,60,644.16,0.5508
pressure,60,645.89,0.5508
pressure,60,647.62,0.5508
pressure,60,649.35,0.5508
pressure,60,651.08,0.5508
pressure,60,652.81,0.5508
pressure,60,654.55,0.5508
pressure,60,656.28,0.5508
pressure,60,658.01,0.5508
pressure,60,659.74,0.5508
pressure,60,661.47,0.5508
pressure,60,663.20,0.5508
pressure,60,664.94,0.5508
pressure,60,666.67,0.5508
pressure,60,668.40,0.5508
pressure,60,670.13,0.5508
pressure,60,671.86,0.5508
pressure,60,673.59,0.5508
pressure,60,675.32,0.5508
pressure,60,677.06,0.5685
pressure,60,678.79,0.5685
pressure,60,680.52,0.5863
pressure,60,682.25,0.5863
pressure,60,683.98,0.5863
pressure,60,685.71,0.6041
pressure,60,687.45,0.6218
pressure,60,689.18,0.6218
pressure,60,690.91,0.6218
pressure,60,692.64,0.6396
pressure,60,694.37,0.6574
pressure,60,696.10,0.6574
pressure,60,697.84,0.6574
pressure,60,699.57,0.6751
pressure,60,701.30,0.6929
pressure,60,703.03,0.6929
pressure,60,704.76,0.6929
pressure,60,706.49,0.7107
pressure,60,708.23,0.7284
pressure,60,709.96,0.7284
pressure,60,711.69,0.7462
pressure,60,713.42,0.7640
pressure,60,715.15,0.7640
pressure,60,716.88,0.7640
pressure,60,718.61,0.7817
pressure,60,720.35,0.7995
pressure,60,722.08,0.7995
pressure,60,723.81,0.8173
pressure,60,725.54,0.8173
pressure,60,727.27,0.8350
pressure,60,729.00,0.8350
pressure,60,730.74,0.8528
pressure,60,732.47,0.8528
pressure,60,734.20,0.8706
pressure,60,735.93,0.8706
pressure,60,737.66,0.8706
pressure,60,739.39,0.8706
pressure,60,741.13,0.8706
pressure,60,742.86,0.8706
pressure,60,744.59,0.8706
pressure,60,746.32,0.8706
pressure,60,748.05,0.8706
pressure,60,749.78,0.8706
pressure,60,751.52,0.8706
pressure,60,753.25,0.8706
pressure,60,754.98,0.8706
pressure,60,756.71,0.8706
pressure,60,758.44,0.8706
pressure,60,760.17,0.8706
pressure,60,761.90,0.8706
pressure,60,763.64,0.8706
pressure,60,765.37,0.8706
pressure,60,767.10,0.8706
pressure,60,768.83,0.8706
pressure,60,770.56,0.8706
pressure,60,772.29,0.8706
pressure,60,774.03,0.8706
pressure,60,775.76,0.8706
pressure,60,777.49,0.8706
pressure,60,779.22,0.8706
pressure,60,780.95,0.8706
pressure,60,782.68,0.8706
pressure,60,784.42,0.8706
pressure,60,786.15,0.8706
pressure,60,787.88,0.8706
pressure,60,789.61,0.8706
pressure,60,791.34,0.8706
pressure,60,793.07,0.8706
pressure,60,794.81,0.8706
pressure,60,796.54,0.8706
pressure,60,798.27,0.8706
pressure,60,800.00,0.8706
pressure,75,0.00,0.8706
pressure,75,1.73,0.8706
pressure,75,3.46,0.8706
pressure,75,5.19,0.8706
pressure,75,6.93,0.8706
pressure,75,8.66,0.8706
pressure,75,10.39,0.8706
pressure,75,12.12,0.8706
pressure,75,13.85,0.8706
pressure,75,15.58,0.8706
pressure,75,17.32,0.8706
pressure,75,19.05,0.8706
pressure,75,20.78,0.8706
pressure,75,22.51,0.8706
pressure,75,24.24,0.8706
pressure,75,25.97,0.8706
pressure,75,27.71,0.8706
pressure,75,29.44,0.8706
pressure,75,31.17,0.8706
pressure,75,32.90,0.8706
pressure,75,34.63,0.8706
pressure,75,36.36,0.8706
pressure,75,38.10,0.8706
pressure,75,39.83,0.8706
pressure,75,41.56,0.8706
pressure,75,43.29,0.8706
pressure,75,45.02,0.8706
pressure,75,46.75,0.8706
pressure,75,48.48,0.8706
pressure,75,50.22,0.8706
pressure,75,51.95,0.8706
pressure,75,53.68,0.8706
pressure,75,55.41,0.8706
pressure,75,57.14,0.8706
pressure,75,58.87,0.8706
pressure,75,60.61,0.8706
pressure,75,62.34,0.8706
pressure,75,64.07,0.8706
pressure,75,65.80,0.8706
pressure,75,67.53,0.8706
pressure,75,69.26,0.8706
pressure,75,71.00,0.8706
pressure,75,72.73,0.8706
pressure,75,74.46,0.8706
pressure,75,76.19,0.8706
pressure,75,77.92,0.8706
pressure,75,79.65,0.8706
pressure,75,81.39,0.8706
pressure,75,83.12,0.8706
pressure,75,84.85,0.8706
pressure,75,86.58,0.8706
pressure,75,88.31,0.8706
pressure,75,90.04,0.8706
pressure,75,91.77,0.8706
pressure,75,93.51,0.8706
pressure,75,95.24,0.8706
pressure,75,96.97,0.8706
pressure,75,98.70,0.8706
pressure,75,100.43,0.8706
pressure,75,102.16,0.8706
pressure,75,103.90,0.8706
pressure,75,105.63,0.8706
pressure,75,107.36,0.8706
pressure,75,109.09,0.8706
pressure,75,110.82,0.8706
pressure,75,112.55,0.9239
pressure,75,114.29,0.9416
pressure,75,116.02,1.0127
pressure,75,117.75,1.0838
pressure,75,119.48,1.1726
pressure,75,121.21,1.2792
pressure,75,122.94,1.4213
pressure,75,124.68,1.5635
pressure,75,126.41,1.7056
pressure,75,128.14,1.8832
pressure,75,129.87,2.0609
pressure,75,131.60,2.2386
pressure,75,133.33,2.4518
pressure,75,135.06,2.6650
pressure,75,136.80,2.8959
pressure,75,138.53,3.1091
pressure,75,140.26,3.3401
pressure,75,141.99,3.5888
pressure,75,143.72,3.8198
pressure,75,145.45,4.7970
pressure,75,147.19,5.0635
pressure,75,148.92,5.3477
pressure,75,150.65,5.6320
pressure,75,152.38,5.9340
pressure,75,154.11,6.2360
pressure,75,155.84,6.5203
pressure,75,157.58,6.8401
pressure,75,159.31,7.1244
pressure,75,161.04,7.3909
pressure,75,162.77,7.7107
pressure,75,164.50,7.9949
pressure,75,166.23,8.2792
pressure,75,167.97,8.5635
pressure,75,169.70,8.8477
pressure,75,171.43,9.1142
pressure,75,173.16,9.3629
pressure,75,174.89,9.6117
pressure,75,176.62,9.8426
pressure,75,178.35,10.0381
pressure,75,180.09,10.2335
pressure,75,181.82,10.4645
pressure,75,183.55,10.6599
pressure,75,185.28,10.8731
pressure,75,187.01,11.0330
pressure,75,188.74,11.1929
pressure,75,190.48,11.3528
pressure,75,192.21,11.4949
pressure,75,193.94,11.6193
pressure,75,195.67,11.7437
pressure,75,197.40,11.8503
pressure,75,199.13,11.9213
pressure,75,200.87,12.0102
pressure,75,202.60,12.0812
pressure,75,204.33,12.1523
pressure,75,206.06,12.1878
pressure,75,207.79,12.2589
pressure,75,209.52,12.2944
pressure,75,211.26,12.3477
pressure,75,212.99,12.3832
pressure,75,214.72,12.4010
pressure,75,216.45,12.4365
pressure,75,218.18,12.4543
pressure,75,219.91,12.4721
pressure,75,221.65,12.4898
pressure,75,223.38,12.5076
pressure,75,225.11,12.5076
pressure,75,226.84,12.5431
pressure,75,228.57,12.5431
pressure,75,230.30,12.5431
pressure,75,232.03,12.5609
pressure,75,233.77,12.5787
pressure,75,235.50,12.5787
pressure,75,237.23,12.5787
pressure,75,238.96,12.5787
pressure,75,240.69,12.5787
pressure,75,242.42,12.5787
pressure,75,244.16,12.5787
pressure,75,245.89,12.5787
pressure,75,247.62,12.5964
pressure,75,249.35,12.5964
pressure,75,251.08,12.5964
pressure,75,252.81,12.6142
pressure,75,254.55,12.6142
pressure,75,256.28,12.6142
pressure,75,258.01,12.6142
pressure,75,259.74,12.6142
pressure,75,261.47,12.6142
pressure,75,263.20,12.6142
pressure,75,264.94,12.6142
pressure,75,266.67,12.6142
pressure,75,268.40,12.6142
pressure,75,270.13,12.6142
pressure,75,271.86,12.6142
pressure,75,273.59,12.6142
pressure,75,275.32,12.6142
pressure,75,277.06,12.6142
pressure,75,278.79,12.6142
pressure,75,280.52,12.6142
pressure,75,282.25,12.6142
pressure,75,283.98,12.6142
pressure,75,285.71,12.6142
pressure,75,287.45,12.6142
pressure,75,289.18,12.6142
pressure,75,290.91,12.5964
pressure,75,292.64,12.5787
pressure,75,294.37,12.5787
pressure,75,296.10,12.5787
pressure,75,297.84,12.5787
pressure,75,299.57,12.5787
pressure,75,301.30,12.5787
pressure,75,303.03,12.5787
pressure,75,304.76,12.5787
pressure,75,306.49,12.5787
pressure,75,308.23,12.5787
pressure,75,309.96,12.5787
pressure,75,311.69,12.5431
pressure,75,313.42,12.5431
pressure,75,315.15,12.5431
pressure,75,316.88,12.5431
pressure,75,318.61,12.5431
pressure,75,320.35,12.5431
pressure,75,322.08,12.5431
pressure,75,323.81,12.5431
pressure,75,325.54,12.5431
pressure,75,327.27,12.5431
pressure,75,329.00,12.5076
pressure,75,330.74,12.5076
pressure,75,332.47,12.4898
pressure,75,334.20,12.4721
pressure,75,335.93,12.4543
pressure,75,337.66,12.4188
pressure,75,339.39,12.4010
pressure,75,341.13,12.3832
pressure,75,342.86,12.3477
pressure,75,344.59,12.3122
pressure,75,346.32,12.2766
pressure,75,348.05,12.2411
pressure,75,349.78,12.2056
pressure,75,351.52,12.1701
pressure,75,353.25,12.1345
pressure,75,354.98,12.0990
pressure,75,356.71,12.0635
pressure,75,358.44,12.0279
pressure,75,360.17,11.9924
pressure,75,361.90,11.9569
pressure,75,363.64,11.9213
pressure,75,365.37,11.8680
pressure,75,367.10,11.8325
pressure,75,368.83,11.7970
pressure,75,370.56,11.7437
pressure,75,372.29,11.7081
pressure,75,374.03,11.6548
pressure,75,375.76,11.6193
pressure,75,377.49,11.5660
pressure,75,379.22,11.5127
pressure,75,380.95,11.4772
pressure,75,382.68,11.4416
pressure,75,384.42,11.3706
pressure,75,386.15,11.3350
pressure,75,387.88,11.2817
pressure,75,389.61,11.2284
pressure,75,391.34,11.1751
pressure,75,393.07,11.1218
pressure,75,394.81,11.0685
pressure,75,396.54,11.0152
pressure,75,398.27,10.9619
pressure,75,400.00,10.9086
pressure,75,401.73,10.8553
pressure,75,403.46,10.7843
pressure,75,405.19,10.6954
pressure,75,406.93,10.5355
pressure,75,408.66,10.3934
pressure,75,410.39,10.2868
pressure,75,412.12,10.1269
pressure,75,413.85,9.8959
pressure,75,415.58,9.5228
pressure,75,417.32,9.1142
pressure,75,419.05,7.5508
pressure,75,420.78,7.0711
pressure,75,422.51,6.6624
pressure,75,424.24,6.2538
pressure,75,425.97,5.9162
pressure,75,427.71,5.5431
pressure,75,429.44,5.1878
pressure,75,431.17,4.9213
pressure,75,432.90,4.6193
pressure,75,434.63,4.3350
pressure,75,436.36,4.0863
pressure,75,438.10,3.8376
pressure,75,439.83,3.6066
pressure,75,441.56,3.3756
pressure,75,443.29,3.1802
pressure,75,445.02,2.9848
pressure,75,446.75,2.8249
pressure,75,448.48,2.6472
pressure,75,450.22,2.4873
pressure,75,451.95,2.3274
pressure,75,453.68,2.2030
pressure,75,455.41,2.0609
pressure,75,457.14,1.9365
pressure,75,458.87,1.8299
pressure,75,460.61,1.7056
pressure,75,462.34,1.5990
pressure,75,464.07,1.5102
pressure,75,465.80,1.4213
pressure,75,467.53,1.3147
pressure,75,469.26,1.2437
pressure,75,471.00,1.1726
pressure,75,472.73,1.1015
pressure,75,474.46,1.0305
pressure,75,476.19,0.9594
pressure,75,477.92,0.9061
pressure,75,479.65,0.8528
pressure,75,481.39,0.7995
pressure,75,483.12,0.7640
pressure,75,484.85,0.7107
pressure,75,486.58,0.6574
pressure,75,488.31,0.6218
pressure,75,490.04,0.5863
pressure,75,491.77,0.5508
pressure,75,493.51,0.5508
pressure,75,495.24,0.5330
pressure,75,496.97,0.5152
pressure,75,498.70,0.5152
pressure,75,500.43,0.5152
pressure,75,502.16,0.5152
pressure,75,503.90,0.5152
pressure,75,505.63,0.4975
pressure,75,507.36,0.4975
pressure,75,509.09,0.4975
pressure,75,510.82,0.4975
pressure,75,512.55,0.4797
pressure,75,514.29,0.4797
pressure,75,516.02,0.4797
pressure,75,517.75,0.4797
pressure,75,519.48,0.4797
pressure,75,521.21,0.4797
pressure,75,522.94,0.4797
pressure,75,524.68,0.4797
pressure,75,526.41,0.4797
pressure,75,528.14,0.4797
pressure,75,529.87,0.4797
pressure,75,531.60,0.4797
pressure,75,533.33,0.4797
pressure,75,535.06,0.4797
pressure,75,536.80,0.4797
pressure,75,538.53,0.4797
pressure,75,540.26,0.4797
pressure,75,541.99,0.4797
pressure,75,543.72,0.4797
pressure,75,545.45,0.4797
pressure,75,547.19,0.4797
pressure,75,548.92,0.4797
pressure,75,550.65,0.4797
pressure,75,552.38,0.4797
pressure,75,554.11,0.4975
pressure,75,555.84,0.4975
pressure,75,557.58,0.4975
pressure,75,559.31,0.4975
pressure,75,561.04,0.4975
pressure,75,562.77,0.4975
pressure,75,564.50,0.4975
pressure,75,566.23,0.4975
pressure,75,567.97,0.5152
pressure,75,569.70,0.5152
pressure,75,571.43,0.5152
pressure,75,573.16,0.5152
pressure,75,574.89,0.5152
pressure,75,576.62,0.5152
pressure,75,578.35,0.5152
pressure,75,580.09,0.5152
pressure,75,581.82,0.5152
pressure,75,583.55,0.5152
pressure,75,585.28,0.5152
pressure,75,587.01,0.5152
pressure,75,588.74,0.5330
pressure,75,590.48,0.5330
pressure,75,592.21,0.5330
pressure,75,593.94,0.5330
pressure,75,595.67,0.5330
pressure,75,597.40,0.5330
pressure,75,599.13,0.5330
pressure,75,600.87,0.5330
pressure,75,602.60,0.5330
pressure,75,604.33,0.5330
pressure,75,606.06,0.5330
pressure,75,607.79,0.5330
pressure,75,609.52,0.5330
pressure,75,611.26,0.5330
pressure,75,612.99,0.5330
pressure,75,614.72,0.5330
pressure,75,616.45,0.5330
pressure,75,618.18,0.5330
pressure,75,619.91,0.5508
pressure,75,621.65,0.5508
pressure,75,623.38,0.5508
pressure,75,625.11,0.5508
pressure,75,626.84,0.5508
pressure,75,628.57,0.5508
pressure,75,630.30,0.5508
pressure,75,632.03,0.5508
pressure,75,633.77,0.5508
pressure,75,635.50,0.5508
pressure,75,637.23,0.5508
pressure,75,638.96,0.5508
pressure,75,640.69,0.5508
pressure,75,642.42,0.5508
pressure,75,644.16,0.5508
pressure,75,645.89,0.5508
pressure,75,647.62,0.5508
pressure,75,649.35,0.5508
pressure,75,651.08,0.5508
pressure,75,652.81,0.5508
pressure,75,654.55,0.5508
pressure,75,656.28,0.5508
pressure,75,658.01,0.5508
pressure,75,659.74,0.5508
pressure,75,661.47,0.5508
pressure,75,663.20,0.5508
pressure,75,664.94,0.5508
pressure,75,666.67,0.5508
pressure,75,668.40,0.5508
pressure,75,670.13,0.5508
pressure,75,671.86,0.5508
pressure,75,673.59,0.5508
pressure,75,675.32,0.5508
pressure,75,677.06,0.5685
pressure,75,678.79,0.5685
pressure,75,680.52,0.5863
pressure,75,682.25,0.5863
pressure,75,683.98,0.5863
pressure,75,685.71,0.6041
pressure,75,687.45,0.6218
pressure,75,689.18,0.6218
pressure,75,690.91,0.6218
pressure,75,692.64,0.6396
pressure,75,694.37,0.6574
pressure,75,696.10,0.6574
pressure,75,697.84,0.6574
pressure,75,699.57,0.6751
pressure,75,701.30,0.6929
pressure,75,703.03,0.6929
pressure,75,704.76,0.6929
pressure,75,706.49,0.7107
pressure,75,708.23,0.7284
pressure,75,709.96,0.7284
pressure,75,711.69,0.7462
pressure,75,713.42,0.7640
pressure,75,715.15,0.7640
pressure,75,716.88,0.7640
pressure,75,718.61,0.7817
pressure,75,720.35,0.7995
pressure,75,722.08,0.7995
pressure,75,723.81,0.8173
pressure,75,725.54,0.8173
pressure,75,727.27,0.8350
pressure,75,729.00,0.8350
pressure,75,730.74,0.8528
pressure,75,732.47,0.8528
pressure,75,734.20,0.8706
pressure,75,735.93,0.8706
pressure,75,737.66,0.8706
pressure,75,739.39,0.8706
pressure,75,741.13,0.8706
pressure,75,742.86,0.8706
pressure,75,744.59,0.8706
pressure,75,746.32,0.8706
pressure,75,748.05,0.8706
pressure,75,749.78,0.8706
pressure,75,751.52,0.8706
pressure,75,753.25,0.8706
pressure,75,754.98,0.8706
pressure,75,756.71,0.8706
pressure,75,758.44,0.8706
pressure,75,760.17,0.8706
pressure,75,761.90,0.8706
pressure,75,763.64,0.8706
pressure,75,765.37,0.8706
pressure,75,767.10,0.8706
pressure,75,768.83,0.8706
pressure,75,770.56,0.8706
pressure,75,772.29,0.8706
pressure,75,774.03,0.8706
pressure,75,775.76,0.8706
pressure,75,777.49,0.8706
pressure,75,779.22,0.8706
pressure,75,780.95,0.8706
pressure,75,782.68,0.8706
pressure,75,784.42,0.8706
pressure,75,786.15,0.8706
pressure,75,787.88,0.8706
pressure,75,789.61,0.8706
pressure,75,791.34,0.8706
pressure,75,793.07,0.8706
pressure,75,794.81,0.8706
pressure,75,796.54,0.8706
pressure,75,798.27,0.8706
pressure,75,800.00,0.8706
pressure,90,0.00,0.8706
pressure,90,1.73,0.8706
pressure,90,3.46,0.8706
pressure,90,5.19,0.8706
pressure,90,6.93,0.8706
pressure,90,8.66,0.8706
pressure,90,10.39,0.8706
pressure,90,12.12,0.8706
pressure,90,13.85,0.8706
pressure,90,15.58,0.8706
pressure,90,17.32,0.8706
pressure,90,19.05,0.8706
pressure,90,20.78,0.8706
pressure,90,22.51,0.8706
pressure,90,24.24,0.8706
pressure,90,25.97,0.8706
pressure,90,27.71,0.8706
pressure,90,29.44,0.8706
pressure,90,31.17,0.8706
pressure,90,32.90,0.8706
pressure,90,34.63,0.8706
pressure,90,36.36,0.8706
pressure,90,38.10,0.8706
pressure,90,39.83,0.8706
pressure,90,41.56,0.8706
pressure,90,43.29,0.8706
pressure,90,45.02,0.8706
pressure,90,46.75,0.8706
pressure,90,48.48,0.8706
pressure,90,50.22,0.8706
pressure,90,51.95,0.8706
pressure,90,53.68,0.8706
pressure,90,55.41,0.8706
pressure,90,57.14,0.8706
pressure,90,58.87,0.8706
pressure,90,60.61,0.8706
pressure,90,62.34,0.8706
pressure,90,64.07,0.8706
pressure,90,65.80,0.8706
pressure,90,67.53,0.8706
pressure,90,69.26,0.8706
pressure,90,71.00,0.8706
pressure,90,72.73,0.8706
pressure,90,74.46,0.8706
pressure,90,76.19,0.8706
pressure,90,77.92,0.8706
pressure,90,79.65,0.8706
pressure,90,81.39,0.8706
pressure,90,83.12,0.8706
pressure,90,84.85,0.8706
pressure,90,86.58,0.8706
pressure,90,88.31,0.8706
pressure,90,90.04,0.8706
pressure,90,91.77,0.8706
pressure,90,93.51,0.8706
pressure,90,95.24,0.8706
pressure,90,96.97,0.8706
pressure,90,98.70,0.8706
pressure,90,100.43,0.8706
pressure,90,102.16,0.8706
pressure,90,103.90,0.8706
pressure,90,105.63,0.8706
pressure,90,107.36,0.8706
pressure,90,109.09,0.8706
pressure,90,110.82,0.8706
pressure,90,112.55,0.9239
pressure,90,114.29,0.9416
pressure,90,116.02,1.0127
pressure,90,117.75,1.0838
pressure,90,119.48,1.1726
pressure,90,121.21,1.2792
pressure,90,122.94,1.4213
pressure,90,124.68,1.5635
pressure,90,126.41,1.7056
pressure,90,128.14,1.8832
pressure,90,129.87,2.0609
pressure,90,131.60,2.2386
pressure,90,133.33,2.4518
pressure,90,135.06,2.6650
pressure,90,136.80,2.8959
pressure,90,138.53,3.1091
pressure,90,140.26,3.3401
pressure,90,141.99,3.5888
pressure,90,143.72,3.8198
pressure,90,145.45,4.0863
pressure,90,147.19,4.3528
pressure,90,148.92,4.6015
pressure,90,150.65,4.8680
pressure,90,152.38,5.1523
pressure,90,154.11,5.4365
pressure,90,155.84,5.7208
pressure,90,157.58,6.0051
pressure,90,159.31,6.2893
pressure,90,161.04,6.5914
pressure,90,162.77,6.8579
pressure,90,164.50,7.1599
pressure,90,166.23,7.4264
pressure,90,167.97,7.7284
pressure,90,169.70,8.0127
pressure,90,171.43,8.2614
pressure,90,173.16,8.5457
pressure,90,174.89,8.7766
pressure,90,176.62,9.0254
pressure,90,178.35,9.2386
pressure,90,180.09,9.4518
pressure,90,181.82,9.6650
pressure,90,183.55,9.8426
pressure,90,185.28,10.0203
pressure,90,187.01,10.1802
pressure,90,188.74,10.3401
pressure,90,190.48,10.4645
pressure,90,192.21,10.5888
pressure,90,193.94,10.7310
pressure,90,195.67,10.8376
pressure,90,197.40,10.9264
pressure,90,199.13,11.0152
pressure,90,200.87,11.1041
pressure,90,202.60,11.1574
pressure,90,204.33,11.2284
pressure,90,206.06,11.2640
pressure,90,207.79,11.3173
pressure,90,209.52,11.3528
pressure,90,211.26,11.3883
pressure,90,212.99,11.4239
pressure,90,214.72,11.4416
pressure,90,216.45,11.4594
pressure,90,218.18,11.4949
pressure,90,219.91,11.4949
pressure,90,221.65,11.5305
pressure,90,223.38,11.5305
pressure,90,225.11,11.5482
pressure,90,226.84,11.5660
pressure,90,228.57,11.5660
pressure,90,230.30,11.5838
pressure,90,232.03,11.5838
pressure,90,233.77,11.5838
pressure,90,235.50,11.6015
pressure,90,237.23,11.6015
pressure,90,238.96,11.6015
pressure,90,240.69,11.6015
pressure,90,242.42,11.6015
pressure,90,244.16,11.6015
pressure,90,245.89,11.6015
pressure,90,247.62,11.6015
pressure,90,249.35,11.6015
pressure,90,251.08,11.6015
pressure,90,252.81,11.6015
pressure,90,254.55,11.6015
pressure,90,256.28,11.6015
pressure,90,258.01,11.6015
pressure,90,259.74,11.6015
pressure,90,261.47,11.6015
pressure,90,263.20,11.6015
pressure,90,264.94,11.6015
pressure,90,266.67,11.6015
pressure,90,268.40,11.6015
pressure,90,270.13,11.6015
pressure,90,271.86,11.6015
pressure,90,273.59,11.6015
pressure,90,275.32,11.6015
pressure,90,277.06,11.6015
pressure,90,278.79,11.6015
pressure,90,280.52,11.6015
pressure,90,282.25,11.6015
pressure,90,283.98,11.6015
pressure,90,285.71,11.6015
pressure,90,287.45,11.6015
pressure,90,289.18,11.5838
pressure,90,290.91,11.5660
pressure,90,292.64,11.5660
pressure,90,294.37,11.5660
pressure,90,296.10,11.5660
pressure,90,297.84,11.5660
pressure,90,299.57,11.5660
pressure,90,301.30,11.5660
pressure,90,303.03,11.5660
pressure,90,304.76,11.5660
pressure,90,306.49,11.5660
pressure,90,308.23,11.5660
pressure,90,309.96,11.5660
pressure,90,311.69,11.5660
pressure,90,313.42,11.5482
pressure,90,315.15,11.5482
pressure,90,316.88,11.5305
pressure,90,318.61,11.5305
pressure,90,320.35,11.5305
pressure,90,322.08,11.5305
pressure,90,323.81,11.5305
pressure,90,325.54,11.5305
pressure,90,327.27,11.5305
pressure,90,329.00,11.5127
pressure,90,330.74,11.4949
pressure,90,332.47,11.4949
pressure,90,334.20,11.4949
pressure,90,335.93,11.4594
pressure,90,337.66,11.4594
pressure,90,339.39,11.4416
pressure,90,341.13,11.4239
pressure,90,342.86,11.3883
pressure,90,344.59,11.3883
pressure,90,346.32,11.3528
pressure,90,348.05,11.3350
pressure,90,349.78,11.2995
pressure,90,351.52,11.2817
pressure,90,353.25,11.2462
pressure,90,354.98,11.2284
pressure,90,356.71,11.1929
pressure,90,358.44,11.1574
pressure,90,360.17,11.1218
pressure,90,361.90,11.1041
pressure,90,363.64,11.0863
pressure,90,365.37,11.0508
pressure,90,367.10,11.0152
pressure,90,368.83,10.9797
pressure,90,370.56,10.9442
pressure,90,372.29,10.9086
pressure,90,374.03,10.8731
pressure,90,375.76,10.8376
pressure,90,377.49,10.7843
pressure,90,379.22,10.7487
pressure,90,380.95,10.7132
pressure,90,382.68,10.6599
pressure,90,384.42,10.6244
pressure,90,386.15,10.5888
pressure,90,387.88,10.5355
pressure,90,389.61,10.5000
pressure,90,391.34,10.4645
pressure,90,393.07,10.3934
pressure,90,394.81,10.3579
pressure,90,396.54,10.3223
pressure,90,398.27,10.2513
pressure,90,400.00,10.2157
pressure,90,401.73,10.1624
pressure,90,403.46,10.1091
pressure,90,405.19,10.0203
pressure,90,406.93,9.8959
pressure,90,408.66,9.7360
pressure,90,410.39,9.4695
pressure,90,412.12,9.1853
pressure,90,413.85,8.7944
pressure,90,415.58,8.3858
pressure,90,417.32,7.9772
pressure,90,419.05,7.5508
pressure,90,420.78,7.0711
pressure,90,422.51,6.6624
pressure,90,424.24,6.2538
pressure,90,425.97,5.9162
pressure,90,427.71,5.5431
pressure,90,429.44,5.1878
pressure,90,431.17,4.9213
pressure,90,432.90,4.6193
pressure,90,434.63,4.3350
pressure,90,436.36,4.0863
pressure,90,438.10,3.8376
pressure,90,439.83,3.6066
pressure,90,441.56,3.3756
pressure,90,443.29,3.1802
pressure,90,445.02,2.9848
pressure,90,446.75,2.8249
pressure,90,448.48,2.6472
pressure,90,450.22,2.4873
pressure,90,451.95,2.3274
pressure,90,453.68,2.2030
pressure,90,455.41,2.0609
pressure,90,457.14,1.9365
pressure,90,458.87,1.8299
pressure,90,460.61,1.7056
pressure,90,462.34,1.5990
pressure,90,464.07,1.5102
pressure,90,465.80,1.4213
pressure,90,467.53,1.3147
pressure,90,469.26,1.2437
pressure,90,471.00,1.1726
pressure,90,472.73,1.1015
pressure,90,474.46,1.0305
pressure,90,476.19,0.9594
pressure,90,477.92,0.9061
pressure,90,479.65,0.8528
pressure,90,481.39,0.7995
pressure,90,483.12,0.7640
pressure,90,484.85,0.7107
pressure,90,486.58,0.6574
pressure,90,488.31,0.6218
pressure,90,490.04,0.5863
pressure,90,491.77,0.5508
pressure,90,493.51,0.5508
pressure,90,495.24,0.5330
pressure,90,496.97,0.5152
pressure,90,498.70,0.5152
pressure,90,500.43,0.5152
pressure,90,502.16,0.5152
pressure,90,503.90,0.5152
pressure,90,505.63,0.4975
pressure,90,507.36,0.4975
pressure,90,509.09,0.4975
pressure,90,510.82,0.4975
pressure,90,512.55,0.4797
pressure,90,514.29,0.4797
pressure,90,516.02,0.4797
pressure,90,517.75,0.4797
pressure,90,519.48,0.4797
pressure,90,521.21,0.4797
pressure,90,522.94,0.4797
pressure,90,524.68,0.4797
pressure,90,526.41,0.4797
pressure,90,528.14,0.4797
pressure,90,529.87,0.4797
pressure,90,531.60,0.4797
pressure,90,533.33,0.4797
pressure,90,535.06,0.4797
pressure,90,536.80,0.4797
pressure,90,538.53,0.4797
pressure,90,540.26,0.4797
pressure,90,541.99,0.4797
pressure,90,543.72,0.4797
pressure,90,545.45,0.4797
pressure,90,547.19,0.4797
pressure,90,548.92,0.4797
pressure,90,550.65,0.4797
pressure,90,552.38,0.4797
pressure,90,554.11,0.4975
pressure,90,555.84,0.4975
pressure,90,557.58,0.4975
pressure,90,559.31,0.4975
pressure,90,561.04,0.4975
pressure,90,562.77,0.4975
pressure,90,564.50,0.4975
pressure,90,566.23,0.4975
pressure,90,567.97,0.5152
pressure,90,569.70,0.5152
pressure,90,571.43,0.5152
pressure,90,573.16,0.5152
pressure,90,574.89,0.5152
pressure,90,576.62,0.5152
pressure,90,578.35,0.5152
pressure,90,580.09,0.5152
pressure,90,581.82,0.5152
pressure,90,583.55,0.5152
pressure,90,585.28,0.5152
pressure,90,587.01,0.5152
pressure,90,588.74,0.5330
pressure,90,590.48,0.5330
pressure,90,592.21,0.5330
pressure,90,593.94,0.5330
pressure,90,595.67,0.5330
pressure,90,597.40,0.5330
pressure,90,599.13,0.5330
pressure,90,600.87,0.5330
pressure,90,602.60,0.5330
pressure,90,604.33,0.5330
pressure,90,606.06,0.5330
pressure,90,607.79,0.5330
pressure,90,609.52,0.5330
pressure,90,611.26,0.5330
pressure,90,612.99,0.5330
pressure,90,614.72,0.5330
pressure,90,616.45,0.5330
pressure,90,618.18,0.5330
pressure,90,619.91,0.5508
pressure,90,621.65,0.5508
pressure,90,623.38,0.5508
pressure,90,625.11,0.5508
pressure,90,626.84,0.5508
pressure,90,628.57,0.5508
pressure,90,630.30,0.5508
pressure,90,632.03,0.5508
pressure,90,633.77,0.5508
pressure,90,635.50,0.5508
pressure,90,637.23,0.5508
pressure,90,638.96,0.5508
pressure,90,640.69,0.5508
pressure,90,642.42,0.5508
pressure,90,644.16,0.5508
pressure,90,645.89,0.5508
pressure,90,647.62,0.5508
pressure,90,649.35,0.5508
pressure,90,651.08,0.5508
pressure,90,652.81,0.5508
pressure,90,654.55,0.5508
pressure,90,656.28,0.5508
pressure,90,658.01,0.5508
pressure,90,659.74,0.5508
pressure,90,661.47,0.5508
pressure,90,663.20,0.5508
pressure,90,664.94,0.5508
pressure,90,666.67,0.5508
pressure,90,668.40,0.5508
pressure,90,670.13,0.5508
pressure,90,671.86,0.5508
pressure,90,673.59,0.5508
pressure,90,675.32,0.5508
pressure,90,677.06,0.5685
pressure,90,678.79,0.5685
pressure,90,680.52,0.5863
pressure,90,682.25,0.5863
pressure,90,683.98,0.5863
pressure,90,685.71,0.6041
pressure,90,687.45,0.6218
pressure,90,689.18,0.6218
pressure,90,690.91,0.6218
pressure,90,692.64,0.6396
pressure,90,694.37,0.6574
pressure,90,696.10,0.6574
pressure,90,697.84,0.6574
pressure,90,699.57,0.6751
pressure,90,701.30,0.6929
pressure,90,703.03,0.6929
pressure,90,704.76,0.6929
pressure,90,706.49,0.7107
pressure,90,708.23,0.7284
pressure,90,709.96,0.7284
pressure,90,711.69,0.7462
pressure,90,713.42,0.7640
pressure,90,715.15,0.7640
pressure,90,716.88,0.7640
pressure,90,718.61,0.7817
pressure,90,720.35,0.7995
pressure,90,722.08,0.7995
pressure,90,723.81,0.8173
pressure,90,725.54,0.8173
pressure,90,727.27,0.8350
pressure,90,729.00,0.8350
pressure,90,730.74,0.8528
pressure,90,732.47,0.8528
pressure,90,734.20,0.8706
pressure,90,735.93,0.8706
pressure,90,737.66,0.8706
pressure,90,739.39,0.8706
pressure,90,741.13,0.8706
pressure,90,742.86,0.8706
pressure,90,744.59,0.8706
pressure,90,746.32,0.8706
pressure,90,748.05,0.8706
pressure,90,749.78,0.8706
pressure,90,751.52,0.8706
pressure,90,753.25,0.8706
pressure,90,754.98,0.8706
pressure,90,756.71,0.8706
pressure,90,758.44,0.8706
pressure,90,760.17,0.8706
pressure,90,761.90,0.8706
pressure,90,763.64,0.8706
pressure,90,765.37,0.8706
pressure,90,767.10,0.8706
pressure,90,768.83,0.8706
pressure,90,770.56,0.8706
pressure,90,772.29,0.8706
pressure,90,774.03,0.8706
pressure,90,775.76,0.8706
pressure,90,777.49,0.8706
pressure,90,779.22,0.8706
pressure,90,780.95,0.8706
pressure,90,782.68,0.8706
pressure,90,784.42,0.8706
pressure,90,786.15,0.8706
pressure,90,787.88,0.8706
pressure,90,789.61,0.8706
pressure,90,791.34,0.8706
pressure,90,793.07,0.8706
pressure,90,794.81,0.8706
pressure,90,796.54,0.8706
pressure,90,798.27,0.8706
pressure,90,800.00,0.8706
volume,30,0.00,130.5838
volume,30,1.73,130.5838
volume,30,3.46,130.5838
volume,30,5.19,130.5838
volume,30,6.93,130.5838
volume,30,8.66,130.5838
volume,30,10.39,130.5838
volume,30,12.12,130.5838
volume,30,13.85,130.5838
volume,30,15.58,130.5838
volume,30,17.32,130.5838
volume,30,19.05,130.5838
volume,30,20.78,130.5838
volume,30,22.51,130.5838
volume,30,24.24,130.5838
volume,30,25.97,130.5838
volume,30,27.71,130.5838
volume,30,29.44,130.5838
volume,30,31.17,130.5838
volume,30,32.90,130.5838
volume,30,34.63,130.5838
volume,30,36.36,130.5838
volume,30,38.10,130.5838
volume,30,39.83,130.5838
volume,30,41.56,130.5838
volume,30,43.29,130.5838
volume,30,45.02,130.5838
volume,30,46.75,130.5838
volume,30,48.48,130.5838
volume,30,50.22,130.5838
volume,30,51.95,130.5838
volume,30,53.68,130.5838
volume,30,55.41,130.5838
volume,30,57.14,130.5838
volume,30,58.87,130.5838
volume,30,60.61,130.5838
volume,30,62.34,130.5838
volume,30,64.07,130.5838
volume,30,65.80,130.5838
volume,30,67.53,130.5838
volume,30,69.26,130.5838
volume,30,71.00,130.5838
volume,30,72.73,130.5838
volume,30,74.46,130.5838
volume,30,76.19,130.5838
volume,30,77.92,130.5838
volume,30,79.65,130.5838
volume,30,81.39,130.5838
volume,30,83.12,130.5838
volume,30,84.85,130.5838
volume,30,86.58,130.5838
volume,30,88.31,130.5838
volume,30,90.04,130.5838
volume,30,91.77,130.5838
volume,30,93.51,130.5838
volume,30,95.24,130.5838
volume,30,96.97,130.5838
volume,30,98.70,130.5838
volume,30,100.43,130.5838
volume,30,102.16,130.5838
volume,30,103.90,130.5838
volume,30,105.63,130.5838
volume,30,107.36,130.5838
volume,30,109.09,130.5838
volume,30,110.82,130.5838
volume,30,112.55,130.5838
volume,30,114.29,130.5838
volume,30,116.02,130.5838
volume,30,117.75,130.5838
volume,30,119.48,130.5838
volume,30,121.21,130.5838
volume,30,122.94,130.5838
volume,30,124.68,130.5838
volume,30,126.41,130.5838
volume,30,128.14,130.5838
volume,30,129.87,130.5838
volume,30,131.60,130.5838
volume,30,133.33,130.5838
volume,30,135.06,130.5838
volume,30,136.80,130.5838
volume,30,138.53,130.5838
volume,30,140.26,130.5838
volume,30,141.99,130.5838
volume,30,143.72,130.5838
volume,30,145.45,130.5838
volume,30,147.19,130.5838
volume,30,148.92,130.5838
volume,30,150.65,130.5838
volume,30,152.38,130.5838
volume,30,154.11,130.5838
volume,30,155.84,130.5838
volume,30,157.58,130.5838
volume,30,159.31,130.2284
volume,30,161.04,130.2284
volume,30,162.77,130.0508
volume,30,164.50,129.8731
volume,30,166.23,129.5178
volume,30,167.97,129.3401
volume,30,169.70,128.9848
volume,30,171.43,128.6294
volume,30,173.16,128.2741
volume,30,174.89,127.7411
volume,30,176.62,127.3858
volume,30,178.35,126.8528
volume,30,180.09,126.4975
volume,30,181.82,125.9645
volume,30,183.55,125.4315
volume,30,185.28,124.8985
volume,30,187.01,124.3655
volume,30,188.74,123.6548
volume,30,190.48,123.2995
volume,30,192.21,122.5888
volume,30,193.94,122.0558
volume,30,195.67,121.5228
volume,30,197.40,120.8122
volume,30,199.13,120.2792
volume,30,200.87,119.5685
volume,30,202.60,119.0355
volume,30,204.33,118.5025
volume,30,206.06,117.7919
volume,30,207.79,117.0812
volume,30,209.52,116.5482
volume,30,211.26,116.0152
volume,30,212.99,115.3046
volume,30,214.72,114.7716
volume,30,216.45,114.2386
volume,30,218.18,113.5279
volume,30,219.91,112.9949
volume,30,221.65,112.2843
volume,30,223.38,111.7513
volume,30,225.11,111.2183
volume,30,226.84,110.6853
volume,30,228.57,110.1523
volume,30,230.30,109.4416
volume,30,232.03,109.0863
volume,30,233.77,108.3756
volume,30,235.50,108.0203
volume,30,237.23,107.3096
volume,30,238.96,106.9543
volume,30,240.69,106.2437
volume,30,242.42,105.7107
volume,30,244.16,105.1777
volume,30,245.89,104.8223
volume,30,247.62,104.1117
volume,30,249.35,103.7563
volume,30,251.08,103.2234
volume,30,252.81,102.6904
volume,30,254.55,102.1574
volume,30,256.28,101.8020
volume,30,258.01,101.2690
volume,30,259.74,100.7360
volume,30,261.47,100.3807
volume,30,263.20,100.0254
volume,30,264.94,99.3147
volume,30,266.67,98.9594
volume,30,268.40,98.6041
volume,30,270.13,98.0711
volume,30,271.86,97.5381
volume,30,273.59,97.3604
volume,30,275.32,96.6497
volume,30,277.06,96.2944
volume,30,278.79,95.9391
volume,30,280.52,95.4061
volume,30,282.25,95.0508
volume,30,283.98,94.6954
volume,30,285.71,94.3401
volume,30,287.45,93.8071
volume,30,289.18,93.4518
volume,30,290.91,93.0964
volume,30,292.64,92.7411
volume,30,294.37,92.2081
volume,30,296.10,91.8528
volume,30,297.84,91.4975
volume,30,299.57,91.1421
volume,30,301.30,90.7868
volume,30,303.03,90.4315
volume,30,304.76,90.0761
volume,30,306.49,89.5431
volume,30,308.23,89.1878
volume,30,309.96,88.8325
volume,30,311.69,88.4772
volume,30,313.42,88.4772
volume,30,315.15,88.2995
volume,30,316.88,88.1218
volume,30,318.61,87.9442
volume,30,320.35,87.4112
volume,30,322.08,86.8782
volume,30,323.81,86.5228
volume,30,325.54,86.1675
volume,30,327.27,85.8122
volume,30,329.00,85.6345
volume,30,330.74,85.1015
volume,30,332.47,84.7462
volume,30,334.20,84.2132
volume,30,335.93,83.8579
volume,30,337.66,83.6802
volume,30,339.39,83.3249
volume,30,341.13,82.9695
volume,30,342.86,82.6142
volume,30,344.59,82.2589
volume,30,346.32,81.9036
volume,30,348.05,81.5482
volume,30,349.78,81.3706
volume,30,351.52,81.0152
volume,30,353.25,80.6599
volume,30,354.98,80.4822
volume,30,356.71,80.3046
volume,30,358.44,80.3046
volume,30,360.17,80.4822
volume,30,361.90,82.4365
volume,30,363.64,82.4365
volume,30,365.37,82.4365
volume,30,367.10,82.0812
volume,30,368.83,81.9036
volume,30,370.56,81.5482
volume,30,372.29,81.3706
volume,30,374.03,81.1929
volume,30,375.76,80.8376
volume,30,377.49,80.8376
volume,30,379.22,80.4822
volume,30,380.95,80.4822
volume,30,382.68,80.1269
volume,30,384.42,80.1269
volume,30,386.15,79.9492
volume,30,387.88,79.7716
volume,30,389.61,79.7716
volume,30,391.34,79.7716
volume,30,393.07,79.4162
volume,30,394.81,79.4162
volume,30,396.54,79.2386
volume,30,398.27,79.0609
volume,30,400.00,79.0609
volume,30,401.73,79.0609
volume,30,403.46,78.7056
volume,30,405.19,78.7056
volume,30,406.93,78.7056
volume,30,408.66,78.7056
volume,30,410.39,78.7056
volume,30,412.12,78.7056
volume,30,413.85,78.7056
volume,30,415.58,78.7056
volume,30,417.32,78.7056
volume,30,419.05,78.7056
volume,30,420.78,78.7056
volume,30,422.51,78.7056
volume,30,424.24,78.7056
volume,30,425.97,78.7056
volume,30,427.71,78.7056
volume,30,429.44,78.7056
volume,30,431.17,78.7056
volume,30,432.90,78.7056
volume,30,434.63,78.7056
volume,30,436.36,78.7056
volume,30,438.10,78.7056
volume,30,439.83,78.7056
volume,30,441.56,78.7056
volume,30,443.29,78.7056
volume,30,445.02,78.7056
volume,30,446.75,78.7056
volume,30,448.48,78.7056
volume,30,450.22,78.7056
volume,30,451.95,78.7056
volume,30,453.68,78.7056
volume,30,455.41,78.7056
volume,30,457.14,78.7056
volume,30,458.87,78.7056
volume,30,460.61,78.7056
volume,30,462.34,78.7056
volume,30,464.07,78.7056
volume,30,465.80,78.7056
volume,30,467.53,78.7056
volume,30,469.26,78.7056
volume,30,471.00,78.7056
volume,30,472.73,78.7056
volume,30,474.46,78.7056
volume,30,476.19,78.7056
volume,30,477.92,78.7056
volume,30,479.65,78.7056
volume,30,481.39,78.7056
volume,30,483.12,78.7056
volume,30,484.85,78.7056
volume,30,486.58,78.7056
volume,30,488.31,78.7056
volume,30,490.04,78.7056
volume,30,491.77,78.7056
volume,30,493.51,78.7056
volume,30,495.24,79.0609
volume,30,496.97,79.4162
volume,30,498.70,79.7716
volume,30,500.43,80.3046
volume,30,502.16,80.6599
volume,30,503.90,81.3706
volume,30,505.63,81.7259
volume,30,507.36,82.4365
volume,30,509.09,82.9695
volume,30,510.82,83.6802
volume,30,512.55,84.5685
volume,30,514.29,85.4569
volume,30,516.02,86.3452
volume,30,517.75,87.2335
volume,30,519.48,88.1218
volume,30,521.21,89.1878
volume,30,522.94,90.2538
volume,30,524.68,91.1421
volume,30,526.41,92.3858
volume,30,528.14,93.4518
volume,30,529.87,94.5178
volume,30,531.60,95.7614
volume,30,533.33,97.0051
volume,30,535.06,98.2487
volume,30,536.80,99.3147
volume,30,538.53,100.5584
volume,30,540.26,101.6244
volume,30,541.99,102.1574
volume,30,543.72,102.6904
volume,30,545.45,103.4010
volume,30,547.19,103.5787
volume,30,548.92,104.4670
volume,30,550.65,105.5330
volume,30,552.38,106.5990
volume,30,554.11,107.6650
volume,30,555.84,108.5533
volume,30,557.58,109.6193
volume,30,559.31,110.3299
volume,30,561.04,111.2183
volume,30,562.77,112.2843
volume,30,564.50,112.9949
volume,30,566.23,113.5279
volume,30,567.97,114.2386
volume,30,569.70,114.9492
volume,30,571.43,115.4822
volume,30,573.16,116.1929
volume,30,574.89,116.5482
volume,30,576.62,117.2589
volume,30,578.35,117.6142
volume,30,580.09,118.1472
volume,30,581.82,118.5025
volume,30,583.55,118.8579
volume,30,585.28,119.2132
volume,30,587.01,119.5685
volume,30,588.74,119.9239
volume,30,590.48,120.2792
volume,30,592.21,120.6345
volume,30,593.94,120.8122
volume,30,595.67,120.9898
volume,30,597.40,121.1675
volume,30,599.13,121.5228
volume,30,600.87,121.5228
volume,30,602.60,121.5228
volume,30,604.33,116.1929
volume,30,606.06,116.1929
volume,30,607.79,116.1929
volume,30,609.52,116.3706
volume,30,611.26,116.3706
volume,30,612.99,116.5482
volume,30,614.72,116.7259
volume,30,616.45,116.7259
volume,30,618.18,117.0812
volume,30,619.91,117.0812
volume,30,621.65,117.0812
volume,30,623.38,117.2589
volume,30,625.11,117.2589
volume,30,626.84,117.2589
volume,30,628.57,117.4365
volume,30,630.30,117.6142
volume,30,632.03,117.6142
volume,30,633.77,117.6142
volume,30,635.50,117.7919
volume,30,637.23,117.7919
volume,30,638.96,117.9695
volume,30,640.69,117.9695
volume,30,642.42,117.9695
volume,30,644.16,117.9695
volume,30,645.89,118.1472
volume,30,647.62,118.1472
volume,30,649.35,118.1472
volume,30,651.08,118.1472
volume,30,652.81,118.1472
volume,30,654.55,118.3249
volume,30,656.28,118.5025
volume,30,658.01,118.5025
volume,30,659.74,118.5025
volume,30,661.47,118.5025
volume,30,663.20,118.5025
volume,30,664.94,118.5025
volume,30,666.67,118.5025
volume,30,668.40,118.5025
volume,30,670.13,118.5025
volume,30,671.86,118.5025
volume,30,673.59,118.5025
volume,30,675.32,118.5025
volume,30,677.06,118.8579
volume,30,678.79,118.8579
volume,30,680.52,119.2132
volume,30,682.25,119.2132
volume,30,683.98,119.3909
volume,30,685.71,119.7462
volume,30,687.45,120.1015
volume,30,689.18,120.1015
volume,30,690.91,120.4569
volume,30,692.64,120.8122
volume,30,694.37,121.1675
volume,30,696.10,121.5228
volume,30,697.84,121.5228
volume,30,699.57,121.8782
volume,30,701.30,122.2335
volume,30,703.03,122.5888
volume,30,704.76,122.9442
volume,30,706.49,123.2995
volume,30,708.23,123.6548
volume,30,709.96,124.0102
volume,30,711.69,124.3655
volume,30,713.42,124.5431
volume,30,715.15,124.8985
volume,30,716.88,125.2538
volume,30,718.61,125.6091
volume,30,720.35,125.7868
volume,30,722.08,126.1421
volume,30,723.81,126.4975
volume,30,725.54,126.8528
volume,30,727.27,127.2081
volume,30,729.00,127.5635
volume,30,730.74,127.9188
volume,30,732.47,128.2741
volume,30,734.20,128.4518
volume,30,735.93,128.6294
volume,30,737.66,128.8071
volume,30,739.39,129.1624
volume,30,741.13,129.1624
volume,30,742.86,129.3401
volume,30,744.59,129.5178
volume,30,746.32,129.5178
volume,30,748.05,129.5178
volume,30,749.78,129.8731
volume,30,751.52,129.8731
volume,30,753.25,129.8731
volume,30,754.98,129.8731
volume,30,756.71,129.8731
volume,30,758.44,129.8731
volume,30,760.17,130.0508
volume,30,761.90,130.2284
volume,30,763.64,130.2284
volume,30,765.37,130.2284
volume,30,767.10,130.2284
volume,30,768.83,130.2284
volume,30,770.56,130.2284
volume,30,772.29,130.2284
volume,30,774.03,130.2284
volume,30,775.76,130.2284
volume,30,777.49,130.2284
volume,30,779.22,130.2284
volume,30,780.95,130.2284
volume,30,782.68,130.2284
volume,30,784.42,130.4061
volume,30,786.15,130.4061
volume,30,787.88,130.4061
volume,30,789.61,130.4061
volume,30,791.34,130.4061
volume,30,793.07,130.5838
volume,30,794.81,130.5838
volume,30,796.54,130.5838
volume,30,798.27,130.5838
volume,30,800.00,130.5838
volume,45,0.00,133.0711
volume,45,1.73,133.0711
volume,45,3.46,133.0711
volume,45,5.19,133.0711
volume,45,6.93,133.0711
volume,45,8.66,133.0711
volume,45,10.39,133.0711
volume,45,12.12,133.2487
volume,45,13.85,133.2487
volume,45,15.58,133.2487
volume,45,17.32,133.2487
volume,45,19.05,133.2487
volume,45,20.78,133.2487
volume,45,22.51,133.2487
volume,45,24.24,133.2487
volume,45,25.97,133.2487
volume,45,27.71,133.2487
volume,45,29.44,133.2487
volume,45,31.17,133.2487
volume,45,32.90,133.2487
volume,45,34.63,133.4264
volume,45,36.36,133.4264
volume,45,38.10,133.4264
volume,45,39.83,133.4264
volume,45,41.56,133.4264
volume,45,43.29,133.4264
volume,45,45.02,133.4264
volume,45,46.75,133.4264
volume,45,48.48,133.4264
volume,45,50.22,133.4264
volume,45,51.95,133.4264
volume,45,53.68,133.4264
volume,45,55.41,133.4264
volume,45,57.14,133.4264
volume,45,58.87,133.4264
volume,45,60.61,133.4264
volume,45,62.34,133.4264
volume,45,64.07,133.4264
volume,45,65.80,133.4264
volume,45,67.53,133.4264
volume,45,69.26,133.4264
volume,45,71.00,133.4264
volume,45,72.73,133.4264
volume,45,74.46,133.4264
volume,45,76.19,133.4264
volume,45,77.92,133.4264
volume,45,79.65,133.4264
volume,45,81.39,133.4264
volume,45,83.12,133.4264
volume,45,84.85,133.4264
volume,45,86.58,133.4264
volume,45,88.31,133.4264
volume,45,90.04,133.4264
volume,45,91.77,133.4264
volume,45,93.51,133.4264
volume,45,95.24,133.4264
volume,45,96.97,133.4264
volume,45,98.70,133.4264
volume,45,100.43,133.4264
volume,45,102.16,133.4264
volume,45,103.90,133.4264
volume,45,105.63,133.4264
volume,45,107.36,133.4264
volume,45,109.09,133.4264
volume,45,110.82,133.4264
volume,45,112.55,133.4264
volume,45,114.29,133.4264
volume,45,116.02,133.4264
volume,45,117.75,133.4264
volume,45,119.48,133.4264
volume,45,121.21,133.4264
volume,45,122.94,133.4264
volume,45,124.68,133.4264
volume,45,126.41,133.4264
volume,45,128.14,133.4264
volume,45,129.87,133.4264
volume,45,131.60,133.4264
volume,45,133.33,133.2487
volume,45,135.06,133.2487
volume,45,136.80,133.2487
volume,45,138.53,133.2487
volume,45,140.26,133.2487
volume,45,141.99,133.2487
volume,45,143.72,133.2487
volume,45,145.45,133.2487
volume,45,147.19,133.2487
volume,45,148.92,133.2487
volume,45,150.65,133.2487
volume,45,152.38,133.0711
volume,45,154.11,133.0711
volume,45,155.84,133.0711
volume,45,157.58,133.0711
volume,45,159.31,133.0711
volume,45,161.04,133.0711
volume,45,162.77,132.8934
volume,45,164.50,132.7157
volume,45,166.23,132.5381
volume,45,167.97,132.1827
volume,45,169.70,131.8274
volume,45,171.43,131.6497
volume,45,173.16,131.2944
volume,45,174.89,130.9391
volume,45,176.62,130.5838
volume,45,178.35,130.2284
volume,45,180.09,129.5178
volume,45,181.82,129.1624
volume,45,183.55,128.6294
volume,45,185.28,128.0964
volume,45,187.01,127.5635
volume,45,188.74,127.2081
volume,45,190.48,126.4975
volume,45,192.21,125.9645
volume,45,193.94,125.2538
volume,45,195.67,124.7208
volume,45,197.40,124.1878
volume,45,199.13,123.4772
volume,45,200.87,122.7665
volume,45,202.60,122.4112
volume,45,204.33,121.7005
volume,45,206.06,120.9898
volume,45,207.79,120.2792
volume,45,209.52,119.7462
volume,45,211.26,119.2132
volume,45,212.99,118.5025
volume,45,214.72,117.9695
volume,45,216.45,117.4365
volume,45,218.18,116.7259
volume,45,219.91,116.0152
volume,45,221.65,115.4822
volume,45,223.38,114.9492
volume,45,225.11,114.2386
volume,45,226.84,113.7056
volume,45,228.57,113.1726
volume,45,230.30,112.4619
volume,45,232.03,111.9289
volume,45,233.77,111.2183
volume,45,235.50,110.8629
volume,45,237.23,110.1523
volume,45,238.96,109.7970
volume,45,240.69,109.0863
volume,45,242.42,108.3756
volume,45,244.16,108.0203
volume,45,245.89,107.3096
volume,45,247.62,106.9543
volume,45,249.35,106.2437
volume,45,251.08,105.7107
volume,45,252.81,105.1777
volume,45,254.55,104.6447
volume,45,256.28,104.1117
volume,45,258.01,103.7563
volume,45,259.74,103.0457
volume,45,261.47,102.6904
volume,45,263.20,102.1574
volume,45,264.94,101.6244
volume,45,266.67,101.2690
volume,45,268.40,100.7360
volume,45,270.13,100.2030
volume,45,271.86,99.6701
volume,45,273.59,99.3147
volume,45,275.32,98.6041
volume,45,277.06,98.2487
volume,45,278.79,97.8934
volume,45,280.52,97.3604
volume,45,282.25,96.8274
volume,45,283.98,96.4721
volume,45,285.71,96.1168
volume,45,287.45,95.4061
volume,45,289.18,95.0508
volume,45,290.91,94.6954
volume,45,292.64,94.3401
volume,45,294.37,93.6294
volume,45,296.10,93.2741
volume,45,297.84,92.9188
volume,45,299.57,92.5635
volume,45,301.30,92.0305
volume,45,303.03,91.6751
volume,45,304.76,91.3198
volume,45,306.49,90.7868
volume,45,308.23,90.2538
volume,45,309.96,89.8985
volume,45,311.69,89.5431
volume,45,313.42,89.0102
volume,45,315.15,88.4772
volume,45,316.88,88.2995
volume,45,318.61,87.9442
volume,45,320.35,87.4112
volume,45,322.08,86.8782
volume,45,323.81,86.5228
volume,45,325.54,86.1675
volume,45,327.27,85.8122
volume,45,329.00,85.6345
volume,45,330.74,85.1015
volume,45,332.47,84.7462
volume,45,334.20,84.2132
volume,45,335.93,83.8579
volume,45,337.66,83.6802
volume,45,339.39,83.3249
volume,45,341.13,82.9695
volume,45,342.86,82.6142
volume,45,344.59,82.2589
volume,45,346.32,81.9036
volume,45,348.05,81.5482
volume,45,349.78,81.3706
volume,45,351.52,81.0152
volume,45,353.25,80.6599
volume,45,354.98,80.4822
volume,45,356.71,80.3046
volume,45,358.44,80.3046
volume,45,360.17,79.9492
volume,45,361.90,79.9492
volume,45,363.64,79.5939
volume,45,365.37,79.2386
volume,45,367.10,79.0609
volume,45,368.83,78.7056
volume,45,370.56,78.3503
volume,45,372.29,77.9949
volume,45,374.03,77.9949
volume,45,375.76,77.6396
volume,45,377.49,77.2843
volume,45,379.22,77.1066
volume,45,380.95,76.7513
volume,45,382.68,76.5736
volume,45,384.42,76.3959
volume,45,386.15,76.2183
volume,45,387.88,75.8629
volume,45,389.61,75.6853
volume,45,391.34,75.5076
volume,45,393.07,75.1523
volume,45,394.81,75.1523
volume,45,396.54,74.7970
volume,45,398.27,74.7970
volume,45,400.00,74.4416
volume,45,401.73,74.4416
volume,45,403.46,74.0863
volume,45,405.19,74.0863
volume,45,406.93,73.9086
volume,45,408.66,73.9086
volume,45,410.39,73.7310
volume,45,412.12,73.7310
volume,45,413.85,73.7310
volume,45,415.58,73.7310
volume,45,417.32,73.7310
volume,45,419.05,73.7310
volume,45,420.78,73.7310
volume,45,422.51,73.7310
volume,45,424.24,73.7310
volume,45,425.97,73.7310
volume,45,427.71,73.7310
volume,45,429.44,73.7310
volume,45,431.17,73.7310
volume,45,432.90,73.7310
volume,45,434.63,73.7310
volume,45,436.36,73.7310
volume,45,438.10,73.7310
volume,45,439.83,73.7310
volume,45,441.56,73.7310
volume,45,443.29,73.7310
volume,45,445.02,73.7310
volume,45,446.75,73.7310
volume,45,448.48,73.7310
volume,45,450.22,73.7310
volume,45,451.95,73.7310
volume,45,453.68,73.7310
volume,45,455.41,73.7310
volume,45,457.14,73.7310
volume,45,458.87,73.7310
volume,45,460.61,73.7310
volume,45,462.34,73.7310
volume,45,464.07,73.7310
volume,45,465.80,73.7310
volume,45,467.53,73.7310
volume,45,469.26,73.7310
volume,45,471.00,73.7310
volume,45,472.73,73.7310
volume,45,474.46,73.7310
volume,45,476.19,73.7310
volume,45,477.92,73.7310
volume,45,479.65,73.7310
volume,45,481.39,73.7310
volume,45,483.12,73.7310
volume,45,484.85,73.7310
volume,45,486.58,73.7310
volume,45,488.31,73.7310
volume,45,490.04,73.7310
volume,45,491.77,73.7310
volume,45,493.51,73.7310
volume,45,495.24,73.7310
volume,45,496.97,74.2640
volume,45,498.70,74.2640
volume,45,500.43,74.4416
volume,45,502.16,74.7970
volume,45,503.90,75.1523
volume,45,505.63,75.5076
volume,45,507.36,76.2183
volume,45,509.09,76.7513
volume,45,510.82,77.2843
volume,45,512.55,77.9949
volume,45,514.29,78.8832
volume,45,516.02,79.7716
volume,45,517.75,80.8376
volume,45,519.48,81.5482
volume,45,521.21,82.6142
volume,45,522.94,83.6802
volume,45,524.68,84.7462
volume,45,526.41,85.8122
volume,45,528.14,87.2335
volume,45,529.87,88.2995
volume,45,531.60,89.3655
volume,45,533.33,90.6091
volume,45,535.06,91.8528
volume,45,536.80,93.2741
volume,45,538.53,94.3401
volume,45,540.26,95.5838
volume,45,541.99,96.8274
volume,45,543.72,97.8934
volume,45,545.45,98.9594
volume,45,547.19,100.2030
volume,45,548.92,101.2690
volume,45,550.65,102.5127
volume,45,552.38,103.5787
volume,45,554.11,104.6447
volume,45,555.84,105.0000
volume,45,557.58,105.5330
volume,45,559.31,105.7107
volume,45,561.04,106.5990
volume,45,562.77,107.3096
volume,45,564.50,108.0203
volume,45,566.23,108.5533
volume,45,567.97,109.2640
volume,45,569.70,109.9746
volume,45,571.43,110.5076
volume,45,573.16,111.0406
volume,45,574.89,111.5736
volume,45,576.62,112.1066
volume,45,578.35,112.6396
volume,45,580.09,113.1726
volume,45,581.82,113.5279
volume,45,583.55,113.8832
volume,45,585.28,114.2386
volume,45,587.01,114.5939
volume,45,588.74,114.7716
volume,45,590.48,114.9492
volume,45,592.21,115.1269
volume,45,593.94,115.4822
volume,45,595.67,115.8376
volume,45,597.40,115.8376
volume,45,599.13,116.1929
volume,45,600.87,116.3706
volume,45,602.60,116.5482
volume,45,604.33,116.7259
volume,45,606.06,117.0812
volume,45,607.79,117.0812
volume,45,609.52,117.4365
volume,45,611.26,117.4365
volume,45,612.99,117.6142
volume,45,614.72,117.7919
volume,45,616.45,117.7919
volume,45,618.18,118.1472
volume,45,619.91,118.1472
volume,45,621.65,118.1472
volume,45,623.38,118.5025
volume,45,625.11,118.5025
volume,45,626.84,118.5025
volume,45,628.57,118.5025
volume,45,630.30,118.8579
volume,45,632.03,118.8579
volume,45,633.77,118.8579
volume,45,635.50,119.0355
volume,45,637.23,119.2132
volume,45,638.96,119.2132
volume,45,640.69,119.2132
volume,45,642.42,119.2132
volume,45,644.16,119.2132
volume,45,645.89,119.5685
volume,45,647.62,119.5685
volume,45,649.35,119.5685
volume,45,651.08,119.5685
volume,45,652.81,119.5685
volume,45,654.55,119.7462
volume,45,656.28,119.9239
volume,45,658.01,119.9239
volume,45,659.74,119.9239
volume,45,661.47,119.9239
volume,45,663.20,119.9239
volume,45,664.94,119.9239
volume,45,666.67,120.1015
volume,45,668.40,120.2792
volume,45,670.13,120.2792
volume,45,671.86,120.2792
volume,45,673.59,120.2792
volume,45,675.32,120.2792
volume,45,677.06,120.6345
volume,45,678.79,120.6345
volume,45,680.52,120.8122
volume,45,682.25,120.9898
volume,45,683.98,121.1675
volume,45,685.71,121.5228
volume,45,687.45,121.8782
volume,45,689.18,121.8782
volume,45,690.91,122.2335
volume,45,692.64,122.5888
volume,45,694.37,122.9442
volume,45,696.10,123.2995
volume,45,697.84,123.6548
volume,45,699.57,124.0102
volume,45,701.30,124.3655
volume,45,703.03,124.7208
volume,45,704.76,125.0761
volume,45,706.49,125.2538
volume,45,708.23,125.6091
volume,45,709.96,125.9645
volume,45,711.69,126.4975
volume,45,713.42,126.8528
volume,45,715.15,127.2081
volume,45,716.88,127.5635
volume,45,718.61,127.9188
volume,45,720.35,128.2741
volume,45,722.08,128.6294
volume,45,723.81,128.9848
volume,45,725.54,129.3401
volume,45,727.27,129.6954
volume,45,729.00,130.0508
volume,45,730.74,130.4061
volume,45,732.47,130.5838
volume,45,734.20,130.7614
volume,45,735.93,131.1168
volume,45,737.66,131.4721
volume,45,739.39,131.6497
volume,45,741.13,131.6497
volume,45,742.86,132.0051
volume,45,744.59,132.0051
volume,45,746.32,132.0051
volume,45,748.05,132.3604
volume,45,749.78,132.3604
volume,45,751.52,132.3604
volume,45,753.25,132.3604
volume,45,754.98,132.7157
volume,45,756.71,132.7157
volume,45,758.44,132.7157
volume,45,760.17,132.7157
volume,45,761.90,132.7157
volume,45,763.64,132.7157
volume,45,765.37,132.7157
volume,45,767.10,132.7157
volume,45,768.83,133.0711
volume,45,770.56,133.0711
volume,45,772.29,133.0711
volume,45,774.03,133.0711
volume,45,775.76,133.0711
volume,45,777.49,133.0711
volume,45,779.22,133.0711
volume,45,780.95,133.0711
volume,45,782.68,133.0711
volume,45,784.42,133.0711
volume,45,786.15,133.0711
volume,45,787.88,133.0711
volume,45,789.61,133.0711
volume,45,791.34,133.0711
volume,45,793.07,133.0711
volume,45,794.81,133.0711
volume,45,796.54,133.0711
volume,45,798.27,133.0711
volume,45,800.00,133.0711
volume,60,0.00,135.3807
volume,60,1.73,135.3807
volume,60,3.46,135.3807
volume,60,5.19,135.3807
volume,60,6.93,135.3807
volume,60,8.66,135.3807
volume,60,10.39,135.3807
volume,60,12.12,135.3807
volume,60,13.85,135.3807
volume,60,15.58,135.3807
volume,60,17.32,135.3807
volume,60,19.05,135.3807
volume,60,20.78,135.3807
volume,60,22.51,135.3807
volume,60,24.24,135.3807
volume,60,25.97,135.3807
volume,60,27.71,135.3807
volume,60,29.44,135.3807
volume,60,31.17,135.3807
volume,60,32.90,135.3807
volume,60,34.63,135.3807
volume,60,36.36,135.3807
volume,60,38.10,135.3807
volume,60,39.83,135.3807
volume,60,41.56,135.3807
volume,60,43.29,135.3807
volume,60,45.02,135.3807
volume,60,46.75,135.3807
volume,60,48.48,135.3807
volume,60,50.22,135.3807
volume,60,51.95,135.3807
volume,60,53.68,135.3807
volume,60,55.41,135.3807
volume,60,57.14,135.3807
volume,60,58.87,135.3807
volume,60,60.61,135.3807
volume,60,62.34,135.3807
volume,60,64.07,135.3807
volume,60,65.80,135.3807
volume,60,67.53,135.3807
volume,60,69.26,135.3807
volume,60,71.00,135.3807
volume,60,72.73,135.3807
volume,60,74.46,135.3807
volume,60,76.19,135.3807
volume,60,77.92,135.3807
volume,60,79.65,135.3807
volume,60,81.39,135.3807
volume,60,83.12,135.3807
volume,60,84.85,135.3807
volume,60,86.58,135.3807
volume,60,88.31,135.3807
volume,60,90.04,135.3807
volume,60,91.77,135.3807
volume,60,93.51,135.3807
volume,60,95.24,135.3807
volume,60,96.97,135.3807
volume,60,98.70,135.5584
volume,60,100.43,135.5584
volume,60,102.16,135.5584
volume,60,103.90,135.3807
volume,60,105.63,135.3807
volume,60,107.36,135.3807
volume,60,109.09,135.3807
volume,60,110.82,135.3807
volume,60,112.55,135.3807
volume,60,114.29,135.3807
volume,60,116.02,135.3807
volume,60,117.75,135.3807
volume,60,119.48,135.3807
volume,60,121.21,135.3807
volume,60,122.94,135.3807
volume,60,124.68,135.3807
volume,60,126.41,135.3807
volume,60,128.14,135.3807
volume,60,129.87,135.3807
volume,60,131.60,135.3807
volume,60,133.33,135.3807
volume,60,135.06,135.3807
volume,60,136.80,135.3807
volume,60,138.53,135.3807
volume,60,140.26,135.3807
volume,60,141.99,135.3807
volume,60,143.72,135.3807
volume,60,145.45,135.3807
volume,60,147.19,135.3807
volume,60,148.92,135.3807
volume,60,150.65,135.3807
volume,60,152.38,135.3807
volume,60,154.11,135.3807
volume,60,155.84,135.3807
volume,60,157.58,135.3807
volume,60,159.31,135.3807
volume,60,161.04,135.3807
volume,60,162.77,135.3807
volume,60,164.50,135.2030
volume,60,166.23,135.2030
volume,60,167.97,134.8477
volume,60,169.70,134.8477
volume,60,171.43,134.4924
volume,60,173.16,134.1371
volume,60,174.89,133.7817
volume,60,176.62,133.4264
volume,60,178.35,133.0711
volume,60,180.09,132.7157
volume,60,181.82,132.1827
volume,60,183.55,131.6497
volume,60,185.28,131.2944
volume,60,187.01,130.5838
volume,60,188.74,130.2284
volume,60,190.48,129.5178
volume,60,192.21,128.9848
volume,60,193.94,128.4518
volume,60,195.67,127.7411
volume,60,197.40,127.2081
volume,60,199.13,126.6751
volume,60,200.87,126.1421
volume,60,202.60,125.4315
volume,60,204.33,124.8985
volume,60,206.06,124.3655
volume,60,207.79,123.6548
volume,60,209.52,122.9442
volume,60,211.26,122.5888
volume,60,212.99,121.8782
volume,60,214.72,121.1675
volume,60,216.45,120.8122
volume,60,218.18,120.1015
volume,60,219.91,119.3909
volume,60,221.65,118.8579
volume,60,223.38,118.3249
volume,60,225.11,117.7919
volume,60,226.84,117.0812
volume,60,228.57,116.3706
volume,60,230.30,116.0152
volume,60,232.03,115.3046
volume,60,233.77,114.5939
volume,60,235.50,114.2386
volume,60,237.23,113.5279
volume,60,238.96,112.9949
volume,60,240.69,112.4619
volume,60,242.42,111.7513
volume,60,244.16,111.3959
volume,60,245.89,110.6853
volume,60,247.62,110.1523
volume,60,249.35,109.6193
volume,60,251.08,109.0863
volume,60,252.81,108.5533
volume,60,254.55,107.8426
volume,60,256.28,107.4873
volume,60,258.01,106.7766
volume,60,259.74,106.2437
volume,60,261.47,105.7107
volume,60,263.20,105.1777
volume,60,264.94,104.6447
volume,60,266.67,104.1117
volume,60,268.40,103.5787
volume,60,270.13,103.0457
volume,60,271.86,102.5127
volume,60,273.59,102.1574
volume,60,275.32,101.4467
volume,60,277.06,101.0914
volume,60,278.79,100.3807
volume,60,280.52,100.0254
volume,60,282.25,99.3147
volume,60,283.98,98.9594
volume,60,285.71,98.6041
volume,60,287.45,97.8934
volume,60,289.18,97.5381
volume,60,290.91,96.8274
volume,60,292.64,96.4721
volume,60,294.37,95.9391
volume,60,296.10,95.4061
volume,60,297.84,95.0508
volume,60,299.57,94.6954
volume,60,301.30,93.9848
volume,60,303.03,93.6294
volume,60,304.76,93.2741
volume,60,306.49,92.7411
volume,60,308.23,92.2081
volume,60,309.96,91.8528
volume,60,311.69,91.3198
volume,60,313.42,90.7868
volume,60,315.15,90.4315
volume,60,316.88,90.0761
volume,60,318.61,89.5431
volume,60,320.35,89.0102
volume,60,322.08,88.6548
volume,60,323.81,88.2995
volume,60,325.54,87.7665
volume,60,327.27,87.4112
volume,60,329.00,87.0558
volume,60,330.74,86.5228
volume,60,332.47,86.1675
volume,60,334.20,85.6345
volume,60,335.93,85.2792
volume,60,337.66,84.9239
volume,60,339.39,84.3909
volume,60,341.13,84.2132
volume,60,342.86,83.6802
volume,60,344.59,83.3249
volume,60,346.32,82.9695
volume,60,348.05,82.6142
volume,60,349.78,82.2589
volume,60,351.52,81.9036
volume,60,353.25,81.5482
volume,60,354.98,81.3706
volume,60,356.71,81.0152
volume,60,358.44,80.4822
volume,60,360.17,80.3046
volume,60,361.90,79.9492
volume,60,363.64,79.5939
volume,60,365.37,79.2386
volume,60,367.10,79.0609
volume,60,368.83,78.7056
volume,60,370.56,78.3503
volume,60,372.29,77.9949
volume,60,374.03,77.9949
volume,60,375.76,77.6396
volume,60,377.49,77.2843
volume,60,379.22,77.1066
volume,60,380.95,76.7513
volume,60,382.68,76.5736
volume,60,384.42,76.3959
volume,60,386.15,76.2183
volume,60,387.88,75.8629
volume,60,389.61,75.6853
volume,60,391.34,75.5076
volume,60,393.07,75.1523
volume,60,394.81,75.1523
volume,60,396.54,74.7970
volume,60,398.27,74.7970
volume,60,400.00,74.4416
volume,60,401.73,74.4416
volume,60,403.46,74.0863
volume,60,405.19,74.0863
volume,60,406.93,73.9086
volume,60,408.66,73.9086
volume,60,410.39,73.7310
volume,60,412.12,73.7310
volume,60,413.85,73.7310
volume,60,415.58,73.7310
volume,60,417.32,73.7310
volume,60,419.05,73.7310
volume,60,420.78,73.7310
volume,60,422.51,73.7310
volume,60,424.24,73.7310
volume,60,425.97,73.7310
volume,60,427.71,73.7310
volume,60,429.44,73.7310
volume,60,431.17,73.7310
volume,60,432.90,73.7310
volume,60,434.63,73.7310
volume,60,436.36,73.7310
volume,60,438.10,73.7310
volume,60,439.83,73.7310
volume,60,441.56,73.7310
volume,60,443.29,73.7310
volume,60,445.02,73.7310
volume,60,446.75,73.7310
volume,60,448.48,73.7310
volume,60,450.22,73.7310
volume,60,451.95,73.7310
volume,60,453.68,73.7310
volume,60,455.41,73.7310
volume,60,457.14,73.7310
volume,60,458.87,73.7310
volume,60,460.61,73.7310
volume,60,462.34,73.7310
volume,60,464.07,73.7310
volume,60,465.80,73.7310
volume,60,467.53,73.7310
volume,60,469.26,73.7310
volume,60,471.00,73.7310
volume,60,472.73,73.7310
volume,60,474.46,73.7310
volume,60,476.19,73.7310
volume,60,477.92,73.7310
volume,60,479.65,73.7310
volume,60,481.39,73.7310
volume,60,483.12,73.7310
volume,60,484.85,73.7310
volume,60,486.58,73.7310
volume,60,488.31,73.7310
volume,60,490.04,73.7310
volume,60,491.77,73.7310
volume,60,493.51,73.7310
volume,60,495.24,73.7310
volume,60,496.97,74.2640
volume,60,498.70,74.2640
volume,60,500.43,74.4416
volume,60,502.16,74.7970
volume,60,503.90,75.1523
volume,60,505.63,75.5076
volume,60,507.36,76.2183
volume,60,509.09,76.7513
volume,60,510.82,77.2843
volume,60,512.55,77.9949
volume,60,514.29,78.8832
volume,60,516.02,79.7716
volume,60,517.75,80.8376
volume,60,519.48,81.5482
volume,60,521.21,82.6142
volume,60,522.94,83.6802
volume,60,524.68,84.7462
volume,60,526.41,85.8122
volume,60,528.14,87.2335
volume,60,529.87,88.2995
volume,60,531.60,89.3655
volume,60,533.33,90.6091
volume,60,535.06,91.8528
volume,60,536.80,93.2741
volume,60,538.53,94.3401
volume,60,540.26,95.5838
volume,60,541.99,96.8274
volume,60,543.72,97.8934
volume,60,545.45,98.9594
volume,60,547.19,100.2030
volume,60,548.92,101.2690
volume,60,550.65,102.5127
volume,60,552.38,103.5787
volume,60,554.11,104.6447
volume,60,555.84,105.5330
volume,60,557.58,106.5990
volume,60,559.31,107.3096
volume,60,561.04,108.3756
volume,60,562.77,109.2640
volume,60,564.50,109.9746
volume,60,566.23,110.6853
volume,60,567.97,111.2183
volume,60,569.70,111.9289
volume,60,571.43,112.4619
volume,60,573.16,112.9949
volume,60,574.89,113.5279
volume,60,576.62,114.0609
volume,60,578.35,114.5939
volume,60,580.09,115.1269
volume,60,581.82,115.4822
volume,60,583.55,115.8376
volume,60,585.28,116.1929
volume,60,587.01,116.5482
volume,60,588.74,116.9036
volume,60,590.48,117.0812
volume,60,592.21,117.4365
volume,60,593.94,117.6142
volume,60,595.67,117.9695
volume,60,597.40,118.1472
volume,60,599.13,118.5025
volume,60,600.87,118.5025
volume,60,602.60,118.8579
volume,60,604.33,119.0355
volume,60,606.06,119.2132
volume,60,607.79,119.3909
volume,60,609.52,119.5685
volume,60,611.26,119.7462
volume,60,612.99,119.9239
volume,60,614.72,119.9239
volume,60,616.45,120.1015
volume,60,618.18,120.2792
volume,60,619.91,120.4569
volume,60,621.65,120.6345
volume,60,623.38,120.6345
volume,60,625.11,120.8122
volume,60,626.84,120.8122
volume,60,628.57,120.9898
volume,60,630.30,120.9898
volume,60,632.03,121.1675
volume,60,633.77,121.1675
volume,60,635.50,121.3452
volume,60,637.23,121.3452
volume,60,638.96,121.3452
volume,60,640.69,121.5228
volume,60,642.42,121.5228
volume,60,644.16,121.7005
volume,60,645.89,121.7005
volume,60,647.62,121.7005
volume,60,649.35,121.8782
volume,60,651.08,121.8782
volume,60,652.81,121.8782
volume,60,654.55,122.0558
volume,60,656.28,122.0558
volume,60,658.01,122.0558
volume,60,659.74,122.0558
volume,60,661.47,122.2335
volume,60,663.20,122.2335
volume,60,664.94,122.2335
volume,60,666.67,122.2335
volume,60,668.40,122.4112
volume,60,670.13,122.4112
volume,60,671.86,122.4112
volume,60,673.59,122.4112
volume,60,675.32,122.5888
volume,60,677.06,122.7665
volume,60,678.79,122.7665
volume,60,680.52,123.1218
volume,60,682.25,123.1218
volume,60,683.98,123.4772
volume,60,685.71,123.8325
volume,60,687.45,124.0102
volume,60,689.18,124.3655
volume,60,690.91,124.5431
volume,60,692.64,124.8985
volume,60,694.37,125.2538
volume,60,696.10,125.4315
volume,60,697.84,125.7868
volume,60,699.57,126.1421
volume,60,701.30,126.4975
volume,60,703.03,126.8528
volume,60,704.76,127.2081
volume,60,706.49,127.5635
volume,60,708.23,127.9188
volume,60,709.96,128.2741
volume,60,711.69,128.6294
volume,60,713.42,128.9848
volume,60,715.15,129.3401
volume,60,716.88,129.6954
volume,60,718.61,130.0508
volume,60,720.35,130.4061
volume,60,722.08,130.7614
volume,60,723.81,131.1168
volume,60,725.54,131.4721
volume,60,727.27,131.8274
volume,60,729.00,132.1827
volume,60,730.74,132.5381
volume,60,732.47,132.8934
volume,60,734.20,133.2487
volume,60,735.93,133.4264
volume,60,737.66,133.7817
volume,60,739.39,133.7817
volume,60,741.13,134.1371
volume,60,742.86,134.1371
volume,60,744.59,134.4924
volume,60,746.32,134.4924
volume,60,748.05,134.6701
volume,60,749.78,134.6701
volume,60,751.52,134.8477
volume,60,753.25,134.8477
volume,60,754.98,134.8477
volume,60,756.71,135.0254
volume,60,758.44,135.0254
volume,60,760.17,135.0254
volume,60,761.90,135.0254
volume,60,763.64,135.0254
volume,60,765.37,135.2030
volume,60,767.10,135.2030
volume,60,768.83,135.2030
volume,60,770.56,135.2030
volume,60,772.29,135.2030
volume,60,774.03,135.2030
volume,60,775.76,135.2030
volume,60,777.49,135.2030
volume,60,779.22,135.2030
volume,60,780.95,135.2030
volume,60,782.68,135.3807
volume,60,784.42,135.3807
volume,60,786.15,135.3807
volume,60,787.88,135.3807
volume,60,789.61,135.3807
volume,60,791.34,135.3807
volume,60,793.07,135.3807
volume,60,794.81,135.3807
volume,60,796.54,135.3807
volume,60,798.27,135.3807
volume,60,800.00,135.3807
volume,75,0.00,136.8020
volume,75,1.73,136.8909
volume,75,3.46,136.9797
volume,75,5.19,136.9797
volume,75,6.93,136.9797
volume,75,8.66,136.9797
volume,75,10.39,136.9797
volume,75,12.12,136.9797
volume,75,13.85,136.9797
volume,75,15.58,136.9797
volume,75,17.32,136.9797
volume,75,19.05,136.9797
volume,75,20.78,136.9797
volume,75,22.51,136.9797
volume,75,24.24,136.9797
volume,75,25.97,136.9797
volume,75,27.71,136.9797
volume,75,29.44,136.9797
volume,75,31.17,136.9797
volume,75,32.90,136.9797
volume,75,34.63,136.9797
volume,75,36.36,136.9797
volume,75,38.10,136.9797
volume,75,39.83,136.9797
volume,75,41.56,136.9797
volume,75,43.29,136.9797
volume,75,45.02,136.9797
volume,75,46.75,136.9797
volume,75,48.48,136.9797
volume,75,50.22,136.9797
volume,75,51.95,136.9797
volume,75,53.68,136.9797
volume,75,55.41,136.9797
volume,75,57.14,136.9797
volume,75,58.87,136.9797
volume,75,60.61,136.9797
volume,75,62.34,136.9797
volume,75,64.07,136.9797
volume,75,65.80,136.9797
volume,75,67.53,136.9797
volume,75,69.26,136.9797
volume,75,71.00,136.9797
volume,75,72.73,136.9797
volume,75,74.46,136.9797
volume,75,76.19,136.9797
volume,75,77.92,136.9797
volume,75,79.65,136.9797
volume,75,81.39,136.9797
volume,75,83.12,136.9797
volume,75,84.85,136.9797
volume,75,86.58,136.9797
volume,75,88.31,136.9797
volume,75,90.04,136.9797
volume,75,91.77,136.9797
volume,75,93.51,136.9797
volume,75,95.24,136.9797
volume,75,96.97,136.9797
volume,75,98.70,136.9797
volume,75,100.43,136.9797
volume,75,102.16,136.9797
volume,75,103.90,136.9797
volume,75,105.63,136.9797
volume,75,107.36,136.9797
volume,75,109.09,136.9797
volume,75,110.82,136.9797
volume,75,112.55,136.9797
volume,75,114.29,136.9797
volume,75,116.02,136.9797
volume,75,117.75,136.9797
volume,75,119.48,136.9797
volume,75,121.21,136.9797
volume,75,122.94,136.9797
volume,75,124.68,136.9797
volume,75,126.41,136.9797
volume,75,128.14,136.9797
volume,75,129.87,136.9797
volume,75,131.60,136.9797
volume,75,133.33,136.9797
volume,75,135.06,136.9797
volume,75,136.80,136.9797
volume,75,138.53,136.9797
volume,75,140.26,136.9797
volume,75,141.99,136.9797
volume,75,143.72,136.9797
volume,75,145.45,136.9797
volume,75,147.19,136.9797
volume,75,148.92,136.9797
volume,75,150.65,136.9797
volume,75,152.38,136.8020
volume,75,154.11,136.8020
volume,75,155.84,136.8020
volume,75,157.58,136.8020
volume,75,159.31,136.8020
volume,75,161.04,136.8020
volume,75,162.77,136.8020
volume,75,164.50,136.6244
volume,75,166.23,136.6244
volume,75,167.97,136.2690
volume,75,169.70,136.0914
volume,75,171.43,135.7360
volume,75,173.16,135.3807
volume,75,174.89,135.0254
volume,75,176.62,134.6701
volume,75,178.35,134.3147
volume,75,180.09,133.9594
volume,75,181.82,133.6041
volume,75,183.55,133.2487
volume,75,185.28,132.5381
volume,75,187.01,132.1827
volume,75,188.74,131.6497
volume,75,190.48,131.1168
volume,75,192.21,130.5838
volume,75,193.94,130.0508
volume,75,195.67,129.5178
volume,75,197.40,129.1624
volume,75,199.13,128.4518
volume,75,200.87,127.7411
volume,75,202.60,127.3858
volume,75,204.33,126.6751
volume,75,206.06,126.1421
volume,75,207.79,125.6091
volume,75,209.52,125.0761
volume,75,211.26,124.3655
volume,75,212.99,124.0102
volume,75,214.72,123.2995
volume,75,216.45,122.7665
volume,75,218.18,122.2335
volume,75,219.91,121.7005
volume,75,221.65,120.9898
volume,75,223.38,120.6345
volume,75,225.11,119.9239
volume,75,226.84,119.3909
volume,75,228.57,118.8579
volume,75,230.30,118.1472
volume,75,232.03,117.6142
volume,75,233.77,117.0812
volume,75,235.50,116.5482
volume,75,237.23,115.8376
volume,75,238.96,115.3046
volume,75,240.69,114.7716
volume,75,242.42,114.2386
volume,75,244.16,113.7056
volume,75,245.89,112.9949
volume,75,247.62,112.6396
volume,75,249.35,111.9289
volume,75,251.08,111.3959
volume,75,252.81,110.8629
volume,75,254.55,110.3299
volume,75,256.28,109.7970
volume,75,258.01,109.2640
volume,75,259.74,108.7310
volume,75,261.47,108.1980
volume,75,263.20,107.6650
volume,75,264.94,107.3096
volume,75,266.67,106.5990
volume,75,268.40,106.0660
volume,75,270.13,105.5330
volume,75,271.86,105.0000
volume,75,273.59,104.4670
volume,75,275.32,104.1117
volume,75,277.06,103.4010
volume,75,278.79,103.0457
volume,75,280.52,102.3350
volume,75,282.25,101.9797
volume,75,283.98,101.4467
volume,75,285.71,100.9137
volume,75,287.45,100.5584
volume,75,289.18,99.8477
volume,75,290.91,99.4924
volume,75,292.64,98.9594
volume,75,294.37,98.4264
volume,75,296.10,98.0711
volume,75,297.84,97.3604
volume,75,299.57,97.0051
volume,75,301.30,96.6497
volume,75,303.03,96.1168
volume,75,304.76,95.5838
volume,75,306.49,95.2284
volume,75,308.23,94.5178
volume,75,309.96,94.1624
volume,75,311.69,93.8071
volume,75,313.42,93.2741
volume,75,315.15,92.7411
volume,75,316.88,92.3858
volume,75,318.61,91.8528
volume,75,320.35,91.4975
volume,75,322.08,90.9645
volume,75,323.81,90.6091
volume,75,325.54,90.0761
volume,75,327.27,89.5431
volume,75,329.00,89.1878
volume,75,330.74,88.8325
volume,75,332.47,88.2995
volume,75,334.20,87.9442
volume,75,335.93,87.4112
volume,75,337.66,87.0558
volume,75,339.39,86.7005
volume,75,341.13,86.1675
volume,75,342.86,85.8122
volume,75,344.59,85.4569
volume,75,346.32,85.1015
volume,75,348.05,84.7462
volume,75,349.78,84.3909
volume,75,351.52,84.0355
volume,75,353.25,83.6802
volume,75,354.98,83.3249
volume,75,356.71,82.9695
volume,75,358.44,82.6142
volume,75,360.17,82.2589
volume,75,361.90,81.9036
volume,75,363.64,81.5482
volume,75,365.37,81.1929
volume,75,367.10,80.8376
volume,75,368.83,80.4822
volume,75,370.56,80.3046
volume,75,372.29,79.9492
volume,75,374.03,79.7716
volume,75,375.76,79.4162
volume,75,377.49,79.0609
volume,75,379.22,78.8832
volume,75,380.95,78.7056
volume,75,382.68,78.3503
volume,75,384.42,78.1726
volume,75,386.15,77.8173
volume,75,387.88,77.6396
volume,75,389.61,77.4619
volume,75,391.34,77.1066
volume,75,393.07,77.1066
volume,75,394.81,76.7513
volume,75,396.54,76.7513
volume,75,398.27,76.3959
volume,75,400.00,76.3959
volume,75,401.73,76.0406
volume,75,403.46,76.0406
volume,75,405.19,75.6853
volume,75,406.93,75.6853
volume,75,408.66,75.6853
volume,75,410.39,75.3299
volume,75,412.12,75.3299
volume,75,413.85,75.3299
volume,75,415.58,75.3299
volume,75,417.32,75.3299
volume,75,419.05,75.3299
volume,75,420.78,75.3299
volume,75,422.51,75.3299
volume,75,424.24,75.3299
volume,75,425.97,75.3299
volume,75,427.71,75.3299
volume,75,429.44,75.3299
volume,75,431.17,75.3299
volume,75,432.90,75.3299
volume,75,434.63,75.3299
volume,75,436.36,75.3299
volume,75,438.10,75.3299
volume,75,439.83,75.3299
volume,75,441.56,75.3299
volume,75,443.29,75.3299
volume,75,445.02,75.3299
volume,75,446.75,75.3299
volume,75,448.48,75.3299
volume,75,450.22,75.3299
volume,75,451.95,75.3299
volume,75,453.68,75.3299
volume,75,455.41,75.3299
volume,75,457.14,75.3299
volume,75,458.87,75.3299
volume,75,460.61,75.3299
volume,75,462.34,75.3299
volume,75,464.07,75.3299
volume,75,465.80,75.3299
volume,75,467.53,75.3299
volume,75,469.26,75.3299
volume,75,471.00,75.3299
volume,75,472.73,75.3299
volume,75,474.46,75.3299
volume,75,476.19,75.3299
volume,75,477.92,75.3299
volume,75,479.65,75.3299
volume,75,481.39,75.3299
volume,75,483.12,75.3299
volume,75,484.85,75.3299
volume,75,486.58,75.3299
volume,75,488.31,75.3299
volume,75,490.04,75.3299
volume,75,491.77,75.3299
volume,75,493.51,75.3299
volume,75,495.24,75.5076
volume,75,496.97,75.6853
volume,75,498.70,75.8629
volume,75,500.43,76.2183
volume,75,502.16,76.5736
volume,75,503.90,77.1066
volume,75,505.63,77.6396
volume,75,507.36,78.3503
volume,75,509.09,78.8832
volume,75,510.82,79.5939
volume,75,512.55,80.4822
volume,75,514.29,81.5482
volume,75,516.02,82.2589
volume,75,517.75,83.3249
volume,75,519.48,84.3909
volume,75,521.21,85.4569
volume,75,522.94,86.5228
volume,75,524.68,87.7665
volume,75,526.41,89.0102
volume,75,528.14,90.2538
volume,75,529.87,91.3198
volume,75,531.60,92.5635
volume,75,533.33,93.8071
volume,75,535.06,95.0508
volume,75,536.80,96.1168
volume,75,538.53,97.5381
volume,75,540.26,98.6041
volume,75,541.99,100.0254
volume,75,543.72,101.0914
volume,75,545.45,102.1574
volume,75,547.19,103.4010
volume,75,548.92,104.4670
volume,75,550.65,105.5330
volume,75,552.38,106.5990
volume,75,554.11,107.6650
volume,75,555.84,108.5533
volume,75,557.58,109.6193
volume,75,559.31,110.3299
volume,75,561.04,111.2183
volume,75,562.77,112.2843
volume,75,564.50,112.9949
volume,75,566.23,113.5279
volume,75,567.97,114.2386
volume,75,569.70,114.9492
volume,75,571.43,115.4822
volume,75,573.16,116.1929
volume,75,574.89,116.5482
volume,75,576.62,117.2589
volume,75,578.35,117.6142
volume,75,580.09,118.1472
volume,75,581.82,118.5025
volume,75,583.55,118.8579
volume,75,585.28,119.2132
volume,75,587.01,119.5685
volume,75,588.74,119.9239
volume,75,590.48,120.2792
volume,75,592.21,120.6345
volume,75,593.94,120.8122
volume,75,595.67,120.9898
volume,75,597.40,121.1675
volume,75,599.13,121.5228
volume,75,600.87,121.7005
volume,75,602.60,121.8782
volume,75,604.33,122.0558
volume,75,606.06,122.2335
volume,75,607.79,122.2335
volume,75,609.52,122.5888
volume,75,611.26,122.5888
volume,75,612.99,122.9442
volume,75,614.72,122.9442
volume,75,616.45,122.9442
volume,75,618.18,122.9442
volume,75,619.91,123.2995
volume,75,621.65,123.2995
volume,75,623.38,123.2995
volume,75,625.11,123.2995
volume,75,626.84,123.6548
volume,75,628.57,123.6548
volume,75,630.30,123.6548
volume,75,632.03,123.6548
volume,75,633.77,123.6548
volume,75,635.50,123.8325
volume,75,637.23,124.0102
volume,75,638.96,124.0102
volume,75,640.69,124.0102
volume,75,642.42,124.0102
volume,75,644.16,124.0102
volume,75,645.89,124.0102
volume,75,647.62,124.0102
volume,75,649.35,124.1878
volume,75,651.08,124.1878
volume,75,652.81,124.3655
volume,75,654.55,124.3655
volume,75,656.28,124.3655
volume,75,658.01,124.3655
volume,75,659.74,124.3655
volume,75,661.47,124.3655
volume,75,663.20,124.3655
volume,75,664.94,124.3655
volume,75,666.67,124.3655
volume,75,668.40,124.3655
volume,75,670.13,124.3655
volume,75,671.86,124.3655
volume,75,673.59,124.5431
volume,75,675.32,124.7208
volume,75,677.06,124.7208
volume,75,678.79,124.7208
volume,75,680.52,125.0761
volume,75,682.25,125.0761
volume,75,683.98,125.4315
volume,75,685.71,125.4315
volume,75,687.45,125.7868
volume,75,689.18,126.1421
volume,75,690.91,126.3198
volume,75,692.64,126.6751
volume,75,694.37,126.8528
volume,75,696.10,127.2081
volume,75,697.84,127.5635
volume,75,699.57,127.9188
volume,75,701.30,128.0964
volume,75,703.03,128.4518
volume,75,704.76,128.8071
volume,75,706.49,129.1624
volume,75,708.23,129.5178
volume,75,709.96,129.8731
volume,75,711.69,130.2284
volume,75,713.42,130.5838
volume,75,715.15,130.9391
volume,75,716.88,131.2944
volume,75,718.61,131.6497
volume,75,720.35,132.0051
volume,75,722.08,132.3604
volume,75,723.81,132.7157
volume,75,725.54,133.0711
volume,75,727.27,133.4264
volume,75,729.00,133.7817
volume,75,730.74,134.1371
volume,75,732.47,134.4924
volume,75,734.20,134.8477
volume,75,735.93,135.2030
volume,75,737.66,135.3807
volume,75,739.39,135.5584
volume,75,741.13,135.7360
volume,75,742.86,135.9137
volume,75,744.59,136.0914
volume,75,746.32,136.0914
volume,75,748.05,136.2690
volume,75,749.78,136.2690
volume,75,751.52,136.4467
volume,75,753.25,136.4467
volume,75,754.98,136.6244
volume,75,756.71,136.6244
volume,75,758.44,136.6244
volume,75,760.17,136.6244
volume,75,761.90,136.6244
volume,75,763.64,136.6244
volume,75,765.37,136.6244
volume,75,767.10,136.8020
volume,75,768.83,136.8020
volume,75,770.56,136.8020
volume,75,772.29,136.8020
volume,75,774.03,136.8020
volume,75,775.76,136.8020
volume,75,777.49,136.8020
volume,75,779.22,136.8020
volume,75,780.95,136.8020
volume,75,782.68,136.8020
volume,75,784.42,136.8020
volume,75,786.15,136.9797
volume,75,787.88,136.9797
volume,75,789.61,136.9797
volume,75,791.34,136.9797
volume,75,793.07,136.9797
volume,75,794.81,136.9797
volume,75,796.54,136.9797
volume,75,798.27,136.9797
volume,75,800.00,136.9797
volume,90,0.00,138.0457
volume,90,1.73,138.0457
volume,90,3.46,138.0457
volume,90,5.19,138.0457
volume,90,6.93,138.0457
volume,90,8.66,138.0457
volume,90,10.39,138.0457
volume,90,12.12,138.0457
volume,90,13.85,138.0457
volume,90,15.58,138.0457
volume,90,17.32,138.0457
volume,90,19.05,138.0457
volume,90,20.78,138.0457
volume,90,22.51,138.0457
volume,90,24.24,138.0457
volume,90,25.97,138.0457
volume,90,27.71,138.0457
volume,90,29.44,138.0457
volume,90,31.17,138.0457
volume,90,32.90,138.0457
volume,90,34.63,138.0457
volume,90,36.36,138.0457
volume,90,38.10,138.0457
volume,90,39.83,138.0457
volume,90,41.56,138.0457
volume,90,43.29,138.0457
volume,90,45.02,138.0457
volume,90,46.75,138.0457
volume,90,48.48,138.0457
volume,90,50.22,138.0457
volume,90,51.95,138.0457
volume,90,53.68,138.0457
volume,90,55.41,138.0457
volume,90,57.14,138.0457
volume,90,58.87,138.0457
volume,90,60.61,138.0457
volume,90,62.34,138.0457
volume,90,64.07,138.0457
volume,90,65.80,138.0457
volume,90,67.53,138.0457
volume,90,69.26,138.0457
volume,90,71.00,138.0457
volume,90,72.73,138.0457
volume,90,74.46,138.0457
volume,90,76.19,138.0457
volume,90,77.92,138.0457
volume,90,79.65,138.0457
volume,90,81.39,138.0457
volume,90,83.12,138.0457
volume,90,84.85,138.0457
volume,90,86.58,138.0457
volume,90,88.31,138.0457
volume,90,90.04,138.0457
volume,90,91.77,138.0457
volume,90,93.51,138.0457
volume,90,95.24,138.0457
volume,90,96.97,138.0457
volume,90,98.70,138.0457
volume,90,100.43,138.0457
volume,90,102.16,138.0457
volume,90,103.90,138.0457
volume,90,105.63,138.0457
volume,90,107.36,138.0457
volume,90,109.09,138.0457
volume,90,110.82,138.0457
volume,90,112.55,138.0457
volume,90,114.29,138.0457
volume,90,116.02,138.0457
volume,90,117.75,138.0457
volume,90,119.48,138.0457
volume,90,121.21,138.0457
volume,90,122.94,138.0457
volume,90,124.68,138.0457
volume,90,126.41,138.0457
volume,90,128.14,138.0457
volume,90,129.87,138.0457
volume,90,131.60,138.0457
volume,90,133.33,138.0457
volume,90,135.06,138.0457
volume,90,136.80,138.0457
volume,90,138.53,138.0457
volume,90,140.26,138.0457
volume,90,141.99,138.0457
volume,90,143.72,138.0457
volume,90,145.45,138.0457
volume,90,147.19,138.0457
volume,90,148.92,138.0457
volume,90,150.65,138.0457
volume,90,152.38,138.0457
volume,90,154.11,138.0457
volume,90,155.84,138.0457
volume,90,157.58,138.0457
volume,90,159.31,138.0457
volume,90,161.04,138.0457
volume,90,162.77,138.0457
volume,90,164.50,137.8680
volume,90,166.23,137.6904
volume,90,167.97,137.6904
volume,90,169.70,137.3350
volume,90,171.43,137.1574
volume,90,173.16,136.8020
volume,90,174.89,136.6244
volume,90,176.62,136.4467
volume,90,178.35,135.9137
volume,90,180.09,135.5584
volume,90,181.82,135.2030
volume,90,183.55,134.8477
volume,90,185.28,134.4924
volume,90,187.01,133.7817
volume,90,188.74,133.4264
volume,90,190.48,133.0711
volume,90,192.21,132.5381
volume,90,193.94,132.0051
volume,90,195.67,131.4721
volume,90,197.40,130.9391
volume,90,199.13,130.4061
volume,90,200.87,130.0508
volume,90,202.60,129.5178
volume,90,204.33,128.9848
volume,90,206.06,128.2741
volume,90,207.79,127.9188
volume,90,209.52,127.2081
volume,90,211.26,126.8528
volume,90,212.99,126.1421
volume,90,214.72,125.7868
volume,90,216.45,125.0761
volume,90,218.18,124.7208
volume,90,219.91,124.0102
volume,90,221.65,123.6548
volume,90,223.38,122.9442
volume,90,225.11,122.5888
volume,90,226.84,121.8782
volume,90,228.57,121.5228
volume,90,230.30,120.8122
volume,90,232.03,120.4569
volume,90,233.77,119.7462
volume,90,235.50,119.2132
volume,90,237.23,118.6802
volume,90,238.96,118.3249
volume,90,240.69,117.7919
volume,90,242.42,117.2589
volume,90,244.16,116.7259
volume,90,245.89,116.1929
volume,90,247.62,115.6599
volume,90,249.35,115.1269
volume,90,251.08,114.7716
volume,90,252.81,114.2386
volume,90,254.55,113.7056
volume,90,256.28,113.1726
volume,90,258.01,112.6396
volume,90,259.74,112.2843
volume,90,261.47,111.7513
volume,90,263.20,111.2183
volume,90,264.94,110.6853
volume,90,266.67,110.3299
volume,90,268.40,109.7970
volume,90,270.13,109.2640
volume,90,271.86,108.9086
volume,90,273.59,108.3756
volume,90,275.32,107.8426
volume,90,277.06,107.4873
volume,90,278.79,107.1320
volume,90,280.52,106.4213
volume,90,282.25,106.0660
volume,90,283.98,105.7107
volume,90,285.71,105.1777
volume,90,287.45,104.6447
volume,90,289.18,104.2893
volume,90,290.91,103.9340
volume,90,292.64,103.4010
volume,90,294.37,102.8680
volume,90,296.10,102.5127
volume,90,297.84,102.1574
volume,90,299.57,101.6244
volume,90,301.30,101.0914
volume,90,303.03,100.7360
volume,90,304.76,100.3807
volume,90,306.49,100.0254
volume,90,308.23,99.4924
volume,90,309.96,98.9594
volume,90,311.69,98.6041
volume,90,313.42,98.2487
volume,90,315.15,97.8934
volume,90,316.88,97.3604
volume,90,318.61,96.8274
volume,90,320.35,96.4721
volume,90,322.08,96.1168
volume,90,323.81,95.7614
volume,90,325.54,95.4061
volume,90,327.27,95.0508
volume,90,329.00,94.6954
volume,90,330.74,94.1624
volume,90,332.47,93.8071
volume,90,334.20,93.2741
volume,90,335.93,92.9188
volume,90,337.66,92.5635
volume,90,339.39,92.2081
volume,90,341.13,91.8528
volume,90,342.86,91.4975
volume,90,344.59,91.1421
volume,90,346.32,90.7868
volume,90,348.05,90.4315
volume,90,349.78,90.0761
volume,90,351.52,89.7208
volume,90,353.25,89.3655
volume,90,354.98,89.0102
volume,90,356.71,88.8325
volume,90,358.44,88.4772
volume,90,360.17,88.1218
volume,90,361.90,87.7665
volume,90,363.64,87.4112
volume,90,365.37,87.0558
volume,90,367.10,86.7005
volume,90,368.83,86.7005
volume,90,370.56,86.3452
volume,90,372.29,85.9898
volume,90,374.03,85.6345
volume,90,375.76,85.4569
volume,90,377.49,85.2792
volume,90,379.22,84.9239
volume,90,380.95,84.7462
volume,90,382.68,84.3909
volume,90,384.42,84.2132
volume,90,386.15,84.0355
volume,90,387.88,83.6802
volume,90,389.61,83.5025
volume,90,391.34,83.3249
volume,90,393.07,83.1472
volume,90,394.81,82.9695
volume,90,396.54,82.6142
volume,90,398.27,82.6142
volume,90,400.00,82.2589
volume,90,401.73,82.2589
volume,90,403.46,81.9036
volume,90,405.19,81.9036
volume,90,406.93,81.9036
volume,90,408.66,81.5482
volume,90,410.39,81.5482
volume,90,412.12,81.5482
volume,90,413.85,81.5482
volume,90,415.58,81.5482
volume,90,417.32,81.5482
volume,90,419.05,81.5482
volume,90,420.78,81.5482
volume,90,422.51,81.5482
volume,90,424.24,81.5482
volume,90,425.97,81.5482
volume,90,427.71,81.5482
volume,90,429.44,81.5482
volume,90,431.17,81.5482
volume,90,432.90,81.5482
volume,90,434.63,81.5482
volume,90,436.36,81.5482
volume,90,438.10,81.5482
volume,90,439.83,81.5482
volume,90,441.56,81.5482
volume,90,443.29,81.5482
volume,90,445.02,81.5482
volume,90,446.75,81.5482
volume,90,448.48,81.5482
volume,90,450.22,81.5482
volume,90,451.95,81.5482
volume,90,453.68,81.5482
volume,90,455.41,81.5482
volume,90,457.14,81.5482
volume,90,458.87,81.5482
volume,90,460.61,81.5482
volume,90,462.34,81.5482
volume,90,464.07,81.5482
volume,90,465.80,81.5482
volume,90,467.53,81.5482
volume,90,469.26,81.5482
volume,90,471.00,81.5482
volume,90,472.73,81.5482
volume,90,474.46,81.5482
volume,90,476.19,81.5482
volume,90,477.92,81.5482
volume,90,479.65,81.5482
volume,90,481.39,81.5482
volume,90,483.12,81.5482
volume,90,484.85,81.5482
volume,90,486.58,81.5482
volume,90,488.31,81.5482
volume,90,490.04,81.5482
volume,90,491.77,81.5482
volume,90,493.51,81.5482
volume,90,495.24,81.7259
volume,90,496.97,82.0812
volume,90,498.70,82.4365
volume,90,500.43,82.7919
volume,90,502.16,83.3249
volume,90,503.90,83.8579
volume,90,505.63,84.3909
volume,90,507.36,85.1015
volume,90,509.09,85.9898
volume,90,510.82,86.7005
volume,90,512.55,87.5888
volume,90,514.29,88.4772
volume,90,516.02,89.3655
volume,90,517.75,90.4315
volume,90,519.48,91.3198
volume,90,521.21,92.3858
volume,90,522.94,93.4518
volume,90,524.68,94.5178
volume,90,526.41,95.7614
volume,90,528.14,96.8274
volume,90,529.87,97.8934
volume,90,531.60,98.9594
volume,90,533.33,100.2030
volume,90,535.06,101.2690
volume,90,536.80,102.5127
volume,90,538.53,103.4010
volume,90,540.26,104.4670
volume,90,541.99,105.3553
volume,90,543.72,106.4213
volume,90,545.45,107.4873
volume,90,547.19,108.3756
volume,90,548.92,109.4416
volume,90,550.65,110.3299
volume,90,552.38,111.0406
volume,90,554.11,111.9289
volume,90,555.84,112.8173
volume,90,557.58,113.7056
volume,90,559.31,114.2386
volume,90,561.04,114.9492
volume,90,562.77,115.6599
volume,90,564.50,116.3706
volume,90,566.23,116.9036
volume,90,567.97,117.4365
volume,90,569.70,117.9695
volume,90,571.43,118.5025
volume,90,573.16,119.0355
volume,90,574.89,119.5685
volume,90,576.62,119.9239
volume,90,578.35,120.2792
volume,90,580.09,120.6345
volume,90,581.82,120.9898
volume,90,583.55,121.1675
volume,90,585.28,121.5228
volume,90,587.01,121.8782
volume,90,588.74,122.0558
volume,90,590.48,122.4112
volume,90,592.21,122.5888
volume,90,593.94,122.7665
volume,90,595.67,122.9442
volume,90,597.40,123.1218
volume,90,599.13,123.4772
volume,90,600.87,123.4772
volume,90,602.60,123.8325
volume,90,604.33,123.8325
volume,90,606.06,123.8325
volume,90,607.79,124.1878
volume,90,609.52,124.1878
volume,90,611.26,124.1878
volume,90,612.99,124.5431
volume,90,614.72,124.5431
volume,90,616.45,124.5431
volume,90,618.18,124.5431
volume,90,619.91,124.8985
volume,90,621.65,124.8985
volume,90,623.38,124.8985
volume,90,625.11,124.8985
volume,90,626.84,124.8985
volume,90,628.57,125.2538
volume,90,630.30,125.2538
volume,90,632.03,125.2538
volume,90,633.77,125.2538
volume,90,635.50,125.2538
volume,90,637.23,125.2538
volume,90,638.96,125.2538
volume,90,640.69,125.2538
volume,90,642.42,125.4315
volume,90,644.16,125.6091
volume,90,645.89,125.6091
volume,90,647.62,125.6091
volume,90,649.35,125.6091
volume,90,651.08,125.6091
volume,90,652.81,125.6091
volume,90,654.55,125.6091
volume,90,656.28,125.6091
volume,90,658.01,125.6091
volume,90,659.74,125.6091
volume,90,661.47,125.6091
volume,90,663.20,125.6091
volume,90,664.94,125.6091
volume,90,666.67,125.6091
volume,90,668.40,125.6091
volume,90,670.13,125.6091
volume,90,671.86,125.7868
volume,90,673.59,125.9645
volume,90,675.32,125.9645
volume,90,677.06,125.9645
volume,90,678.79,126.1421
volume,90,680.52,126.3198
volume,90,682.25,126.4975
volume,90,683.98,126.6751
volume,90,685.71,127.0305
volume,90,687.45,127.2081
volume,90,689.18,127.5635
volume,90,690.91,127.9188
volume,90,692.64,128.0964
volume,90,694.37,128.2741
volume,90,696.10,128.6294
volume,90,697.84,128.9848
volume,90,699.57,129.3401
volume,90,701.30,129.6954
volume,90,703.03,130.0508
volume,90,704.76,130.4061
volume,90,706.49,130.7614
volume,90,708.23,131.1168
volume,90,709.96,131.4721
volume,90,711.69,131.8274
volume,90,713.42,132.1827
volume,90,715.15,132.5381
volume,90,716.88,132.8934
volume,90,718.61,133.2487
volume,90,720.35,133.6041
volume,90,722.08,133.9594
volume,90,723.81,134.3147
volume,90,725.54,134.6701
volume,90,727.27,135.0254
volume,90,729.00,135.3807
volume,90,730.74,135.7360
volume,90,732.47,135.7360
volume,90,734.20,136.0914
volume,90,735.93,136.4467
volume,90,737.66,136.6244
volume,90,739.39,136.9797
volume,90,741.13,136.9797
volume,90,742.86,137.3350
volume,90,744.59,137.3350
volume,90,746.32,137.3350
volume,90,748.05,137.5127
volume,90,749.78,137.6904
volume,90,751.52,137.6904
volume,90,753.25,137.6904
volume,90,754.98,137.6904
volume,90,756.71,137.6904
volume,90,758.44,137.6904
volume,90,760.17,137.8680
volume,90,761.90,137.8680
volume,90,763.64,137.8680
volume,90,765.37,138.0457
volume,90,767.10,138.0457
volume,90,768.83,138.0457
volume,90,770.56,138.0457
volume,90,772.29,138.0457
volume,90,774.03,138.0457
volume,90,775.76,138.0457
volume,90,777.49,138.0457
volume,90,779.22,138.0457
volume,90,780.95,138.0457
volume,90,782.68,138.0457
volume,90,784.42,138.0457
volume,90,786.15,138.0457
volume,90,787.88,138.0457
volume,90,789.61,138.0457
volume,90,791.34,138.0457
volume,90,793.07,138.0457
volume,90,794.81,138.0457
volume,90,796.54,138.0457
volume,90,798.27,138.0457
volume,90,800.00,138.0457
torsion,30,0.00,-0.6916
torsion,30,1.73,-0.6916
torsion,30,3.46,-0.6916
torsion,30,5.19,-0.6916
torsion,30,6.93,-0.6916
torsion,30,8.66,-0.6916
torsion,30,10.39,-0.6916
torsion,30,12.12,-0.6916
torsion,30,13.85,-0.6916
torsion,30,15.58,-0.6916
torsion,30,17.32,-0.7805
torsion,30,19.05,-0.7805
torsion,30,20.78,-0.7805
torsion,30,22.51,-0.7805
torsion,30,24.24,-0.7805
torsion,30,25.97,-0.7805
torsion,30,27.71,-0.7805
torsion,30,29.44,-0.7805
torsion,30,31.17,-0.7805
torsion,30,32.90,-0.7805
torsion,30,34.63,-0.8249
torsion,30,36.36,-0.8693
torsion,30,38.10,-0.8693
torsion,30,39.83,-0.8693
torsion,30,41.56,-0.8693
torsion,30,43.29,-0.8693
torsion,30,45.02,-0.8693
torsion,30,46.75,-0.8693
torsion,30,48.48,-0.8693
torsion,30,50.22,-0.8693
torsion,30,51.95,-0.8693
torsion,30,53.68,-0.8693
torsion,30,55.41,-0.8693
torsion,30,57.14,-0.9137
torsion,30,58.87,-0.9137
torsion,30,60.61,-0.9581
torsion,30,62.34,-0.9581
torsion,30,64.07,-0.9581
torsion,30,65.80,-0.9581
torsion,30,67.53,-0.9581
torsion,30,69.26,-0.9581
torsion,30,71.00,-0.9581
torsion,30,72.73,-0.9581
torsion,30,74.46,-0.9581
torsion,30,76.19,-0.9581
torsion,30,77.92,-0.9581
torsion,30,79.65,-0.9581
torsion,30,81.39,-0.9581
torsion,30,83.12,-0.9581
torsion,30,84.85,-0.9581
torsion,30,86.58,-0.9581
torsion,30,88.31,-0.9581
torsion,30,90.04,-1.0025
torsion,30,91.77,-1.0025
torsion,30,93.51,-1.0025
torsion,30,95.24,-1.0025
torsion,30,96.97,-1.0470
torsion,30,98.70,-1.0470
torsion,30,100.43,-1.0470
torsion,30,102.16,-1.0470
torsion,30,103.90,-1.0470
torsion,30,105.63,-1.0470
torsion,30,107.36,-1.0470
torsion,30,109.09,-1.0470
torsion,30,110.82,-1.0470
torsion,30,112.55,-1.0470
torsion,30,114.29,-1.0470
torsion,30,116.02,-1.0470
torsion,30,117.75,-0.9581
torsion,30,119.48,-0.9137
torsion,30,121.21,-0.8249
torsion,30,122.94,-0.7360
torsion,30,124.68,-0.6028
torsion,30,126.41,-0.4695
torsion,30,128.14,-0.3363
torsion,30,129.87,-0.1142
torsion,30,131.60,0.0635
torsion,30,133.33,0.2855
torsion,30,135.06,0.4632
torsion,30,136.80,1.3071
torsion,30,138.53,1.6180
torsion,30,140.26,1.9734
torsion,30,141.99,2.2843
torsion,30,143.72,2.5952
torsion,30,145.45,2.9949
torsion,30,147.19,3.3947
torsion,30,148.92,3.8388
torsion,30,150.65,4.2386
torsion,30,152.38,4.6827
torsion,30,154.11,5.1269
torsion,30,155.84,5.5266
torsion,30,157.58,5.9708
torsion,30,159.31,6.2817
torsion,30,161.04,6.6815
torsion,30,162.77,6.9924
torsion,30,164.50,7.2589
torsion,30,166.23,7.5254
torsion,30,167.97,7.7919
torsion,30,169.70,8.0140
torsion,30,171.43,8.1916
torsion,30,173.16,8.3249
torsion,30,174.89,8.5025
torsion,30,176.62,8.6358
torsion,30,178.35,8.7690
torsion,30,180.09,8.8579
torsion,30,181.82,9.0355
torsion,30,183.55,9.1244
torsion,30,185.28,9.2132
torsion,30,187.01,9.3020
torsion,30,188.74,9.4353
torsion,30,190.48,9.5241
torsion,30,192.21,9.6574
torsion,30,193.94,9.7462
torsion,30,195.67,9.8794
torsion,30,197.40,9.9683
torsion,30,199.13,10.0571
torsion,30,200.87,10.1459
torsion,30,202.60,10.2348
torsion,30,204.33,10.6345
torsion,30,206.06,10.7678
torsion,30,207.79,10.9010
torsion,30,209.52,11.0343
torsion,30,211.26,11.1675
torsion,30,212.99,11.2563
torsion,30,214.72,11.3896
torsion,30,216.45,11.5228
torsion,30,218.18,11.6117
torsion,30,219.91,11.7893
torsion,30,221.65,11.9226
torsion,30,223.38,12.0558
torsion,30,225.11,12.1447
torsion,30,226.84,12.3223
torsion,30,228.57,12.4112
torsion,30,230.30,12.5444
torsion,30,232.03,12.6777
torsion,30,233.77,12.8109
torsion,30,235.50,12.8997
torsion,30,237.23,12.9886
torsion,30,238.96,13.0774
torsion,30,240.69,13.2107
torsion,30,242.42,13.2995
torsion,30,244.16,13.3883
torsion,30,245.89,13.4772
torsion,30,247.62,13.5660
torsion,30,249.35,13.6548
torsion,30,251.08,13.7437
torsion,30,252.81,13.7437
torsion,30,254.55,13.8325
torsion,30,256.28,13.9213
torsion,30,258.01,14.0102
torsion,30,259.74,14.0546
torsion,30,261.47,14.0990
torsion,30,263.20,14.1434
torsion,30,264.94,14.2322
torsion,30,266.67,14.2766
torsion,30,268.40,14.3211
torsion,30,270.13,14.3655
torsion,30,271.86,14.4099
torsion,30,273.59,14.4099
torsion,30,275.32,14.4987
torsion,30,277.06,14.4987
torsion,30,278.79,14.5876
torsion,30,280.52,14.5876
torsion,30,282.25,14.6320
torsion,30,283.98,14.6764
torsion,30,285.71,14.6764
torsion,30,287.45,14.6764
torsion,30,289.18,14.7652
torsion,30,290.91,14.7652
torsion,30,292.64,14.7652
torsion,30,294.37,14.7652
torsion,30,296.10,14.8541
torsion,30,297.84,14.8541
torsion,30,299.57,14.8541
torsion,30,301.30,14.8541
torsion,30,303.03,14.9429
torsion,30,304.76,14.9429
torsion,30,306.49,14.9429
torsion,30,308.23,14.9429
torsion,30,309.96,14.9429
torsion,30,311.69,14.9429
torsion,30,313.42,15.0317
torsion,30,315.15,15.0317
torsion,30,316.88,15.0317
torsion,30,318.61,15.0317
torsion,30,320.35,15.0317
torsion,30,322.08,15.0317
torsion,30,323.81,15.0317
torsion,30,325.54,15.0317
torsion,30,327.27,15.0317
torsion,30,329.00,15.0761
torsion,30,330.74,15.1206
torsion,30,332.47,15.1206
torsion,30,334.20,15.1206
torsion,30,335.93,15.1206
torsion,30,337.66,15.1206
torsion,30,339.39,15.1206
torsion,30,341.13,15.1206
torsion,30,342.86,15.1206
torsion,30,344.59,15.2094
torsion,30,346.32,15.2094
torsion,30,348.05,15.2094
torsion,30,349.78,15.2094
torsion,30,351.52,15.2094
torsion,30,353.25,15.2094
torsion,30,354.98,15.2982
torsion,30,356.71,15.2982
torsion,30,358.44,15.2982
torsion,30,360.17,15.2982
torsion,30,361.90,15.3426
torsion,30,363.64,15.3871
torsion,30,365.37,15.3871
torsion,30,367.10,15.3871
torsion,30,368.83,15.3871
torsion,30,370.56,15.4759
torsion,30,372.29,15.4759
torsion,30,374.03,15.4759
torsion,30,375.76,15.4759
torsion,30,377.49,15.5647
torsion,30,379.22,15.5647
torsion,30,380.95,15.5647
torsion,30,382.68,15.6536
torsion,30,384.42,15.6536
torsion,30,386.15,15.6536
torsion,30,387.88,15.6536
torsion,30,389.61,15.7424
torsion,30,391.34,15.7424
torsion,30,393.07,15.7424
torsion,30,394.81,15.8312
torsion,30,396.54,15.8312
torsion,30,398.27,15.8312
torsion,30,400.00,15.9201
torsion,30,401.73,15.9201
torsion,30,403.46,15.9645
torsion,30,405.19,16.0089
torsion,30,406.93,16.0089
torsion,30,408.66,16.0089
torsion,30,410.39,16.0089
torsion,30,412.12,16.0089
torsion,30,413.85,16.0089
torsion,30,415.58,16.0089
torsion,30,417.32,15.9201
torsion,30,419.05,15.8756
torsion,30,420.78,15.7868
torsion,30,422.51,15.6980
torsion,30,424.24,15.6091
torsion,30,425.97,15.5203
torsion,30,427.71,15.3871
torsion,30,429.44,15.2982
torsion,30,431.17,15.2094
torsion,30,432.90,15.1206
torsion,30,434.63,15.0317
torsion,30,436.36,14.8541
torsion,30,438.10,14.7652
torsion,30,439.83,14.6764
torsion,30,441.56,14.5431
torsion,30,443.29,14.4543
torsion,30,445.02,14.3211
torsion,30,446.75,14.2322
torsion,30,448.48,14.0990
torsion,30,450.22,13.9657
torsion,30,451.95,13.8769
torsion,30,453.68,13.7437
torsion,30,455.41,13.6104
torsion,30,457.14,13.5216
torsion,30,458.87,13.3883
torsion,30,460.61,13.2551
torsion,30,462.34,13.1662
torsion,30,464.07,13.0330
torsion,30,465.80,12.8997
torsion,30,467.53,12.8109
torsion,30,469.26,12.7665
torsion,30,471.00,12.6332
torsion,30,472.73,12.5888
torsion,30,474.46,12.5000
torsion,30,476.19,12.4112
torsion,30,477.92,11.8782
torsion,30,479.65,11.8338
torsion,30,481.39,11.7893
torsion,30,483.12,11.7005
torsion,30,484.85,11.6117
torsion,30,486.58,11.5228
torsion,30,488.31,11.4784
torsion,30,490.04,11.3896
torsion,30,491.77,11.3008
torsion,30,493.51,11.1675
torsion,30,495.24,11.0343
torsion,30,496.97,10.9454
torsion,30,498.70,10.8566
torsion,30,500.43,10.7678
torsion,30,502.16,10.6789
torsion,30,503.90,10.5013
torsion,30,505.63,10.4124
torsion,30,507.36,10.3236
torsion,30,509.09,10.2348
torsion,30,510.82,10.1459
torsion,30,512.55,10.0127
torsion,30,514.29,9.8794
torsion,30,516.02,9.7906
torsion,30,517.75,9.7018
torsion,30,519.48,9.6129
torsion,30,521.21,9.5241
torsion,30,522.94,9.3464
torsion,30,524.68,9.2576
torsion,30,526.41,9.1688
torsion,30,528.14,9.0799
torsion,30,529.87,8.9467
torsion,30,531.60,8.8135
torsion,30,533.33,8.7246
torsion,30,535.06,8.6358
torsion,30,536.80,8.5025
torsion,30,538.53,8.4137
torsion,30,540.26,8.2805
torsion,30,541.99,8.1916
torsion,30,543.72,8.1028
torsion,30,545.45,7.9251
torsion,30,547.19,7.8363
torsion,30,548.92,7.7475
torsion,30,550.65,7.6142
torsion,30,552.38,7.4810
torsion,30,554.11,7.3921
torsion,30,555.84,7.2589
torsion,30,557.58,7.1256
torsion,30,559.31,7.0368
torsion,30,561.04,6.9480
torsion,30,562.77,6.8147
torsion,30,564.50,6.6815
torsion,30,566.23,6.5926
torsion,30,567.97,6.4594
torsion,30,569.70,6.3261
torsion,30,571.43,6.2373
torsion,30,573.16,6.1041
torsion,30,574.89,5.9708
torsion,30,576.62,5.8820
torsion,30,578.35,5.7487
torsion,30,580.09,5.6155
torsion,30,581.82,5.5266
torsion,30,583.55,5.3934
torsion,30,585.28,5.2602
torsion,30,587.01,5.1713
torsion,30,588.74,5.0381
torsion,30,590.48,4.9048
torsion,30,592.21,4.8160
torsion,30,593.94,4.7272
torsion,30,595.67,4.5939
torsion,30,597.40,4.4607
torsion,30,599.13,4.3718
torsion,30,600.87,4.2386
torsion,30,602.60,4.1053
torsion,30,604.33,4.0165
torsion,30,606.06,3.9277
torsion,30,607.79,3.8388
torsion,30,609.52,3.7500
torsion,30,611.26,3.5723
torsion,30,612.99,3.4835
torsion,30,614.72,3.3947
torsion,30,616.45,3.3058
torsion,30,618.18,3.2170
torsion,30,619.91,3.0838
torsion,30,621.65,2.9505
torsion,30,623.38,2.8617
torsion,30,625.11,2.7728
torsion,30,626.84,2.6840
torsion,30,628.57,2.5952
torsion,30,630.30,2.5508
torsion,30,632.03,2.4619
torsion,30,633.77,2.4175
torsion,30,635.50,2.3287
torsion,30,637.23,2.2843
torsion,30,638.96,2.1510
torsion,30,640.69,2.1066
torsion,30,642.42,2.0178
torsion,30,644.16,1.7513
torsion,30,645.89,1.4848
torsion,30,647.62,1.3959
torsion,30,649.35,1.3515
torsion,30,651.08,1.3071
torsion,30,652.81,1.2183
torsion,30,654.55,1.1739
torsion,30,656.28,1.1294
torsion,30,658.01,1.0850
torsion,30,659.74,0.9962
torsion,30,661.47,0.9518
torsion,30,663.20,0.8629
torsion,30,664.94,0.7741
torsion,30,666.67,0.7297
torsion,30,668.40,0.6853
torsion,30,670.13,0.5964
torsion,30,671.86,0.5076
torsion,30,673.59,0.4188
torsion,30,675.32,0.3299
torsion,30,677.06,0.3299
torsion,30,678.79,0.2411
torsion,30,680.52,0.1523
torsion,30,682.25,0.0635
torsion,30,683.98,0.0190
torsion,30,685.71,-0.0254
torsion,30,687.45,-0.1142
torsion,30,689.18,-0.2030
torsion,30,690.91,-0.2919
torsion,30,692.64,-0.3363
torsion,30,694.37,-0.3807
torsion,30,696.10,-0.4695
torsion,30,697.84,-0.5584
torsion,30,699.57,-0.6472
torsion,30,701.30,-0.6472
torsion,30,703.03,-0.7360
torsion,30,704.76,-0.8249
torsion,30,706.49,-0.9137
torsion,30,708.23,-1.0025
torsion,30,709.96,-1.0025
torsion,30,711.69,-1.0914
torsion,30,713.42,-1.1802
torsion,30,715.15,-1.2690
torsion,30,716.88,-1.3579
torsion,30,718.61,-1.4467
torsion,30,720.35,-1.5355
torsion,30,722.08,-1.5799
torsion,30,723.81,-1.6244
torsion,30,725.54,-1.7132
torsion,30,727.27,-1.8020
torsion,30,729.00,-1.8909
torsion,30,730.74,-1.9797
torsion,30,732.47,-2.0685
torsion,30,734.20,-2.1574
torsion,30,735.93,-2.2462
torsion,30,737.66,-2.2906
torsion,30,739.39,-2.3350
torsion,30,741.13,-2.4239
torsion,30,742.86,-2.5127
torsion,30,744.59,-2.6015
torsion,30,746.32,-2.6904
torsion,30,748.05,-2.7792
torsion,30,749.78,-2.8680
torsion,30,751.52,-2.8680
torsion,30,753.25,-2.9569
torsion,30,754.98,-3.0457
torsion,30,756.71,-3.1345
torsion,30,758.44,-3.1789
torsion,30,760.17,-3.2234
torsion,30,761.90,-3.3122
torsion,30,763.64,-3.4010
torsion,30,765.37,-3.4010
torsion,30,767.10,-3.4898
torsion,30,768.83,-3.5787
torsion,30,770.56,-3.6231
torsion,30,772.29,-3.6675
torsion,30,774.03,-3.7119
torsion,30,775.76,-3.8008
torsion,30,777.49,-3.8452
torsion,30,779.22,-3.8896
torsion,30,780.95,-3.9340
torsion,30,782.68,-3.9784
torsion,30,784.42,-4.0228
torsion,30,786.15,-4.0673
torsion,30,787.88,-4.1561
torsion,30,789.61,-4.1561
torsion,30,791.34,-4.2449
torsion,30,793.07,-4.2449
torsion,30,794.81,-4.3338
torsion,30,796.54,-4.3338
torsion,30,798.27,-4.3782
torsion,30,800.00,-4.4226
torsion,45,0.00,-3.5343
torsion,45,1.73,-3.5343
torsion,45,3.46,-3.5343
torsion,45,5.19,-3.5787
torsion,45,6.93,-3.6231
torsion,45,8.66,-3.6231
torsion,45,10.39,-3.6675
torsion,45,12.12,-3.7119
torsion,45,13.85,-3.7119
torsion,45,15.58,-3.8008
torsion,45,17.32,-3.8008
torsion,45,19.05,-3.8008
torsion,45,20.78,-3.8008
torsion,45,22.51,-3.8896
torsion,45,24.24,-3.8896
torsion,45,25.97,-3.8896
torsion,45,27.71,-3.9784
torsion,45,29.44,-3.9784
torsion,45,31.17,-3.9784
torsion,45,32.90,-3.9784
torsion,45,34.63,-4.0673
torsion,45,36.36,-4.0673
torsion,45,38.10,-4.0673
torsion,45,39.83,-4.0673
torsion,45,41.56,-4.1561
torsion,45,43.29,-4.1561
torsion,45,45.02,-4.1561
torsion,45,46.75,-4.1561
torsion,45,48.48,-4.1561
torsion,45,50.22,-4.2449
torsion,45,51.95,-4.2449
torsion,45,53.68,-4.2449
torsion,45,55.41,-4.2449
torsion,45,57.14,-4.2449
torsion,45,58.87,-4.2893
torsion,45,60.61,-4.3338
torsion,45,62.34,-4.3338
torsion,45,64.07,-4.3338
torsion,45,65.80,-4.3338
torsion,45,67.53,-4.3338
torsion,45,69.26,-4.3338
torsion,45,71.00,-4.4226
torsion,45,72.73,-4.4226
torsion,45,74.46,-4.4226
torsion,45,76.19,-4.4226
torsion,45,77.92,-4.4226
torsion,45,79.65,-4.4226
torsion,45,81.39,-4.4226
torsion,45,83.12,-4.4670
torsion,45,84.85,-4.5114
torsion,45,86.58,-4.5114
torsion,45,88.31,-4.5114
torsion,45,90.04,-4.5114
torsion,45,91.77,-4.5114
torsion,45,93.51,-4.5114
torsion,45,95.24,-4.5114
torsion,45,96.97,-4.5114
torsion,45,98.70,-4.5558
torsion,45,100.43,-4.5558
torsion,45,102.16,-4.6003
torsion,45,103.90,-4.6003
torsion,45,105.63,-4.6003
torsion,45,107.36,-4.6003
torsion,45,109.09,-4.6003
torsion,45,110.82,-4.6003
torsion,45,112.55,-4.6003
torsion,45,114.29,-4.6003
torsion,45,116.02,-4.5558
torsion,45,117.75,-4.4670
torsion,45,119.48,-4.3782
torsion,45,121.21,-4.2449
torsion,45,122.94,-4.0673
torsion,45,124.68,-3.8452
torsion,45,126.41,-3.5787
torsion,45,128.14,-3.2678
torsion,45,129.87,-2.9124
torsion,45,131.60,-2.6015
torsion,45,133.33,-2.2018
torsion,45,135.06,-1.8020
torsion,45,136.80,-1.3135
torsion,45,138.53,-0.8249
torsion,45,140.26,-0.3363
torsion,45,141.99,0.1523
torsion,45,143.72,0.5520
torsion,45,145.45,0.9074
torsion,45,147.19,1.3515
torsion,45,148.92,1.7394
torsion,45,150.65,2.1272
torsion,45,152.38,2.5150
torsion,45,154.11,2.9028
torsion,45,155.84,3.2907
torsion,45,157.58,3.6785
torsion,45,159.31,4.0663
torsion,45,161.04,4.4542
torsion,45,162.77,4.8420
torsion,45,164.50,5.2298
torsion,45,166.23,5.6176
torsion,45,167.97,6.0055
torsion,45,169.70,6.3933
torsion,45,171.43,6.7811
torsion,45,173.16,7.1690
torsion,45,174.89,7.5568
torsion,45,176.62,7.9446
torsion,45,178.35,8.3325
torsion,45,180.09,8.7203
torsion,45,181.82,9.1081
torsion,45,183.55,9.4959
torsion,45,185.28,9.8838
torsion,45,187.01,10.2716
torsion,45,188.74,10.6594
torsion,45,190.48,11.0473
torsion,45,192.21,11.4351
torsion,45,193.94,11.8229
torsion,45,195.67,12.2108
torsion,45,197.40,12.5986
torsion,45,199.13,12.9864
torsion,45,200.87,13.3742
torsion,45,202.60,13.7621
torsion,45,204.33,14.1499
torsion,45,206.06,14.5377
torsion,45,207.79,14.9256
torsion,45,209.52,15.3134
torsion,45,211.26,15.7012
torsion,45,212.99,16.0890
torsion,45,214.72,16.4769
torsion,45,216.45,16.8647
torsion,45,218.18,17.2525
torsion,45,219.91,17.3858
torsion,45,221.65,17.5190
torsion,45,223.38,17.6967
torsion,45,225.11,17.8299
torsion,45,226.84,18.0076
torsion,45,228.57,18.0964
torsion,45,230.30,18.2297
torsion,45,232.03,18.3629
torsion,45,233.77,18.5406
torsion,45,235.50,18.6294
torsion,45,237.23,18.7627
torsion,45,238.96,18.8959
torsion,45,240.69,19.0736
torsion,45,242.42,19.2069
torsion,45,244.16,19.3401
torsion,45,245.89,19.4734
torsion,45,247.62,19.6066
torsion,45,249.35,19.7398
torsion,45,251.08,19.8287
torsion,45,252.81,19.9175
torsion,45,254.55,20.0508
torsion,45,256.28,20.1840
torsion,45,258.01,20.2728
torsion,45,259.74,20.3617
torsion,45,261.47,20.4505
torsion,45,263.20,20.5393
torsion,45,264.94,20.6282
torsion,45,266.67,20.7170
torsion,45,268.40,20.7614
torsion,45,270.13,20.8503
torsion,45,271.86,20.9391
torsion,45,273.59,21.0279
torsion,45,275.32,21.0723
torsion,45,277.06,21.1168
torsion,45,278.79,21.2056
torsion,45,280.52,21.2500
torsion,45,282.25,21.2944
torsion,45,283.98,21.3388
torsion,45,285.71,21.3832
torsion,45,287.45,21.4277
torsion,45,289.18,21.4721
torsion,45,290.91,21.5165
torsion,45,292.64,21.5609
torsion,45,294.37,21.6053
torsion,45,296.10,21.6053
torsion,45,297.84,21.6942
torsion,45,299.57,21.6942
torsion,45,301.30,21.6942
torsion,45,303.03,21.7830
torsion,45,304.76,21.7830
torsion,45,306.49,21.7830
torsion,45,308.23,21.7830
torsion,45,309.96,21.8718
torsion,45,311.69,21.8718
torsion,45,313.42,21.8718
torsion,45,315.15,21.8718
torsion,45,316.88,21.8718
torsion,45,318.61,21.8718
torsion,45,320.35,21.8718
torsion,45,322.08,21.9162
torsion,45,323.81,21.9162
torsion,45,325.54,21.9162
torsion,45,327.27,21.9607
torsion,45,329.00,21.9607
torsion,45,330.74,21.9607
torsion,45,332.47,21.9607
torsion,45,334.20,21.9607
torsion,45,335.93,21.9607
torsion,45,337.66,21.9607
torsion,45,339.39,21.9607
torsion,45,341.13,21.9607
torsion,45,342.86,21.9607
torsion,45,344.59,21.9607
torsion,45,346.32,21.9607
torsion,45,348.05,21.9607
torsion,45,349.78,21.9607
torsion,45,351.52,22.0051
torsion,45,353.25,22.0495
torsion,45,354.98,22.0495
torsion,45,356.71,22.0495
torsion,45,358.44,22.0495
torsion,45,360.17,22.0495
torsion,45,361.90,22.0495
torsion,45,363.64,22.0495
torsion,45,365.37,22.0495
torsion,45,367.10,22.1383
torsion,45,368.83,22.1383
torsion,45,370.56,22.1383
torsion,45,372.29,22.1383
torsion,45,374.03,22.1383
torsion,45,375.76,22.2272
torsion,45,377.49,22.2272
torsion,45,379.22,22.2272
torsion,45,380.95,22.2272
torsion,45,382.68,22.3160
torsion,45,384.42,22.3160
torsion,45,386.15,22.3160
torsion,45,387.88,22.3160
torsion,45,389.61,22.4048
torsion,45,391.34,22.4048
torsion,45,393.07,22.4048
torsion,45,394.81,22.4048
torsion,45,396.54,22.4937
torsion,45,398.27,22.4937
torsion,45,400.00,22.5381
torsion,45,401.73,22.5825
torsion,45,403.46,22.5825
torsion,45,405.19,22.6713
torsion,45,406.93,22.6713
torsion,45,408.66,22.6713
torsion,45,410.39,22.6713
torsion,45,412.12,22.6713
torsion,45,413.85,22.6713
torsion,45,415.58,22.6713
torsion,45,417.32,22.6269
torsion,45,419.05,22.5381
torsion,45,420.78,22.4492
torsion,45,422.51,22.3604
torsion,45,424.24,22.3160
torsion,45,425.97,22.2272
torsion,45,427.71,22.1383
torsion,45,429.44,22.0495
torsion,45,431.17,21.9607
torsion,45,432.90,21.7830
torsion,45,434.63,21.6942
torsion,45,436.36,21.6053
torsion,45,438.10,21.5165
torsion,45,439.83,21.3832
torsion,45,441.56,21.2500
torsion,45,443.29,21.1612
torsion,45,445.02,21.0279
torsion,45,446.75,20.8947
torsion,45,448.48,20.7614
torsion,45,450.22,20.6726
torsion,45,451.95,20.4949
torsion,45,453.68,20.4061
torsion,45,455.41,20.2728
torsion,45,457.14,20.1396
torsion,45,458.87,20.0508
torsion,45,460.61,19.8731
torsion,45,462.34,19.7843
torsion,45,464.07,19.6510
torsion,45,465.80,19.5178
torsion,45,467.53,19.3845
torsion,45,469.26,19.2957
torsion,45,471.00,19.1624
torsion,45,472.73,19.0736
torsion,45,474.46,19.0292
torsion,45,476.19,18.8959
torsion,45,477.92,18.8071
torsion,45,479.65,18.7183
torsion,45,481.39,18.6294
torsion,45,483.12,18.5406
torsion,45,484.85,18.3629
torsion,45,486.58,18.1853
torsion,45,488.31,18.0076
torsion,45,490.04,17.8299
torsion,45,491.77,17.6523
torsion,45,493.51,17.4746
torsion,45,495.24,17.2970
torsion,45,496.97,17.1193
torsion,45,498.70,16.9416
torsion,45,500.43,16.7640
torsion,45,502.16,16.5863
torsion,45,503.90,16.4975
torsion,45,505.63,16.4530
torsion,45,507.36,16.3642
torsion,45,509.09,16.2754
torsion,45,510.82,16.1421
torsion,45,512.55,16.0089
torsion,45,514.29,15.8312
torsion,45,516.02,15.6980
torsion,45,517.75,15.5647
torsion,45,519.48,15.3871
torsion,45,521.21,15.2094
torsion,45,522.94,15.0761
torsion,45,524.68,14.9429
torsion,45,526.41,14.7652
torsion,45,528.14,14.5876
torsion,45,529.87,14.4099
torsion,45,531.60,14.2766
torsion,45,533.33,14.1434
torsion,45,535.06,13.9657
torsion,45,536.80,13.7881
torsion,45,538.53,13.6104
torsion,45,540.26,13.4327
torsion,45,541.99,13.2551
torsion,45,543.72,13.0774
torsion,45,545.45,12.9442
torsion,45,547.19,12.7665
torsion,45,548.92,12.5888
torsion,45,550.65,12.4112
torsion,45,552.38,12.2335
torsion,45,554.11,12.0558
torsion,45,555.84,11.8782
torsion,45,557.58,11.7005
torsion,45,559.31,11.4784
torsion,45,561.04,11.3008
torsion,45,562.77,11.1231
torsion,45,564.50,10.9010
torsion,45,566.23,10.7234
torsion,45,567.97,10.5457
torsion,45,569.70,10.3680
torsion,45,571.43,10.1904
torsion,45,573.16,10.0127
torsion,45,574.89,9.8350
torsion,45,576.62,9.6574
torsion,45,578.35,9.4797
torsion,45,580.09,9.2576
torsion,45,581.82,9.0799
torsion,45,583.55,8.9023
torsion,45,585.28,8.7246
torsion,45,587.01,8.5470
torsion,45,588.74,8.3693
torsion,45,590.48,8.1916
torsion,45,592.21,8.0140
torsion,45,593.94,7.8807
torsion,45,595.67,7.7030
torsion,45,597.40,7.5254
torsion,45,599.13,7.3477
torsion,45,600.87,7.1701
torsion,45,602.60,6.9924
torsion,45,604.33,6.8591
torsion,45,606.06,6.7259
torsion,45,607.79,6.5482
torsion,45,609.52,6.3706
torsion,45,611.26,6.2373
torsion,45,612.99,6.1041
torsion,45,614.72,5.9264
torsion,45,616.45,5.7931
torsion,45,618.18,5.6155
torsion,45,619.91,5.4822
torsion,45,621.65,5.3490
torsion,45,623.38,5.2157
torsion,45,625.11,5.0825
torsion,45,626.84,4.9492
torsion,45,628.57,4.8160
torsion,45,630.30,4.6827
torsion,45,632.03,4.5495
torsion,45,633.77,4.4162
torsion,45,635.50,4.2830
torsion,45,637.23,4.1497
torsion,45,638.96,4.0165
torsion,45,640.69,3.9277
torsion,45,642.42,3.7944
torsion,45,644.16,3.6612
torsion,45,645.89,3.5723
torsion,45,647.62,3.4391
torsion,45,649.35,3.3058
torsion,45,651.08,3.2170
torsion,45,652.81,3.1282
torsion,45,654.55,3.0393
torsion,45,656.28,2.8617
torsion,45,658.01,2.7728
torsion,45,659.74,2.7284
torsion,45,661.47,2.6396
torsion,45,663.20,2.5508
torsion,45,664.94,2.4175
torsion,45,666.67,2.3731
torsion,45,668.40,2.2843
torsion,45,670.13,2.1954
torsion,45,671.86,2.1510
torsion,45,673.59,2.0622
torsion,45,675.32,1.9734
torsion,45,677.06,1.9289
torsion,45,678.79,1.9289
torsion,45,680.52,1.9289
torsion,45,682.25,1.8845
torsion,45,683.98,1.8845
torsion,45,685.71,1.8845
torsion,45,687.45,1.7957
torsion,45,689.18,1.7513
torsion,45,690.91,1.6624
torsion,45,692.64,1.5736
torsion,45,694.37,1.5292
torsion,45,696.10,1.4404
torsion,45,697.84,1.3515
torsion,45,699.57,1.3071
torsion,45,701.30,1.2183
torsion,45,703.03,1.1739
torsion,45,704.76,1.1294
torsion,45,706.49,1.0406
torsion,45,708.23,0.9962
torsion,45,709.96,0.9074
torsion,45,711.69,0.8629
torsion,45,713.42,0.7741
torsion,45,715.15,0.3744
torsion,45,716.88,0.3744
torsion,45,718.61,0.3744
torsion,45,720.35,0.3299
torsion,45,722.08,0.2855
torsion,45,723.81,0.2855
torsion,45,725.54,0.2855
torsion,45,727.27,0.1967
torsion,45,729.00,0.1967
torsion,45,730.74,0.1967
torsion,45,732.47,0.1079
torsion,45,734.20,0.1079
torsion,45,735.93,0.1079
torsion,45,737.66,0.0635
torsion,45,739.39,0.0190
torsion,45,741.13,0.0190
torsion,45,742.86,0.0190
torsion,45,744.59,-0.0698
torsion,45,746.32,-0.0698
torsion,45,748.05,-0.0698
torsion,45,749.78,-0.0698
torsion,45,751.52,-0.1586
torsion,45,753.25,-0.1586
torsion,45,754.98,-0.1586
torsion,45,756.71,-0.2030
torsion,45,758.44,-0.2475
torsion,45,760.17,-0.2475
torsion,45,761.90,-0.2475
torsion,45,763.64,-0.2475
torsion,45,765.37,-0.3363
torsion,45,767.10,-0.3363
torsion,45,768.83,-0.3363
torsion,45,770.56,-0.3363
torsion,45,772.29,-0.3807
torsion,45,774.03,-0.4251
torsion,45,775.76,-0.4251
torsion,45,777.49,-0.4251
torsion,45,779.22,-0.4251
torsion,45,780.95,-0.4251
torsion,45,782.68,-0.5140
torsion,45,784.42,-0.5140
torsion,45,786.15,-0.5140
torsion,45,787.88,-0.5140
torsion,45,789.61,-0.5140
torsion,45,791.34,-0.5140
torsion,45,793.07,-0.6028
torsion,45,794.81,-0.6028
torsion,45,796.54,-0.6028
torsion,45,798.27,-0.6028
torsion,45,800.00,-0.6028
torsion,60,0.00,-0.6916
torsion,60,1.73,-0.6916
torsion,60,3.46,-0.6916
torsion,60,5.19,-0.6916
torsion,60,6.93,-0.6916
torsion,60,8.66,-0.6916
torsion,60,10.39,-0.6916
torsion,60,12.12,-0.6916
torsion,60,13.85,-0.6916
torsion,60,15.58,-0.6916
torsion,60,17.32,-0.7805
torsion,60,19.05,-0.7805
torsion,60,20.78,-0.7805
torsion,60,22.51,-0.7805
torsion,60,24.24,-0.7805
torsion,60,25.97,-0.7805
torsion,60,27.71,-0.7805
torsion,60,29.44,-0.7805
torsion,60,31.17,-0.7805
torsion,60,32.90,-0.7805
torsion,60,34.63,-0.8249
torsion,60,36.36,-0.8693
torsion,60,38.10,-0.8693
torsion,60,39.83,-0.8693
torsion,60,41.56,-0.8693
torsion,60,43.29,-0.8693
torsion,60,45.02,-0.8693
torsion,60,46.75,-0.8693
torsion,60,48.48,-0.8693
torsion,60,50.22,-0.8693
torsion,60,51.95,-0.8693
torsion,60,53.68,-0.8693
torsion,60,55.41,-0.8693
torsion,60,57.14,-0.9137
torsion,60,58.87,-0.9137
torsion,60,60.61,-0.9581
torsion,60,62.34,-0.9581
torsion,60,64.07,-0.9581
torsion,60,65.80,-0.9581
torsion,60,67.53,-0.9581
torsion,60,69.26,-0.9581
torsion,60,71.00,-0.9581
torsion,60,72.73,-0.9581
torsion,60,74.46,-0.9581
torsion,60,76.19,-0.9581
torsion,60,77.92,-0.9581
torsion,60,79.65,-0.9581
torsion,60,81.39,-0.9581
torsion,60,83.12,-0.9581
torsion,60,84.85,-0.9581
torsion,60,86.58,-0.9581
torsion,60,88.31,-0.9581
torsion,60,90.04,-1.0025
torsion,60,91.77,-1.0025
torsion,60,93.51,-1.0025
torsion,60,95.24,-1.0025
torsion,60,96.97,-1.0470
torsion,60,98.70,-1.0470
torsion,60,100.43,-1.0470
torsion,60,102.16,-1.0470
torsion,60,103.90,-1.0470
torsion,60,105.63,-1.0470
torsion,60,107.36,-1.0470
torsion,60,109.09,-1.0470
torsion,60,110.82,-1.0470
torsion,60,112.55,-1.0470
torsion,60,114.29,-1.0470
torsion,60,116.02,-1.0470
torsion,60,117.75,-0.9581
torsion,60,119.48,-0.9137
torsion,60,121.21,-0.8249
torsion,60,122.94,-0.7360
torsion,60,124.68,-0.6028
torsion,60,126.41,-0.4695
torsion,60,128.14,-0.3363
torsion,60,129.87,-0.1142
torsion,60,131.60,0.0635
torsion,60,133.33,0.2855
torsion,60,135.06,0.4632
torsion,60,136.80,1.3071
torsion,60,138.53,1.6180
torsion,60,140.26,1.9734
torsion,60,141.99,2.2843
torsion,60,143.72,3.6168
torsion,60,145.45,4.1942
torsion,60,147.19,4.6383
torsion,60,148.92,5.1713
torsion,60,150.65,5.6599
torsion,60,152.38,6.1929
torsion,60,154.11,6.7703
torsion,60,155.84,7.2589
torsion,60,157.58,7.7475
torsion,60,159.31,8.2360
torsion,60,161.04,8.8135
torsion,60,162.77,9.4353
torsion,60,164.50,9.8794
torsion,60,166.23,10.3680
torsion,60,167.97,10.8122
torsion,60,169.70,11.3008
torsion,60,171.43,11.6561
torsion,60,173.16,11.9670
torsion,60,174.89,12.2779
torsion,60,176.62,12.5888
torsion,60,178.35,12.8109
torsion,60,180.09,13.0330
torsion,60,181.82,13.2995
torsion,60,183.55,13.4772
torsion,60,185.28,13.6548
torsion,60,187.01,13.8769
torsion,60,188.74,14.0546
torsion,60,190.48,14.2322
torsion,60,192.21,14.4099
torsion,60,193.94,14.5876
torsion,60,195.67,14.7652
torsion,60,197.40,14.9429
torsion,60,199.13,15.1650
torsion,60,200.87,15.3426
torsion,60,202.60,15.5203
torsion,60,204.33,15.6091
torsion,60,206.06,15.7868
torsion,60,207.79,15.9645
torsion,60,209.52,16.1421
torsion,60,211.26,16.2754
torsion,60,212.99,16.4086
torsion,60,214.72,16.5863
torsion,60,216.45,16.7195
torsion,60,218.18,16.8528
torsion,60,219.91,16.9416
torsion,60,221.65,17.0749
torsion,60,223.38,17.2525
torsion,60,225.11,17.3414
torsion,60,226.84,17.5190
torsion,60,228.57,17.6079
torsion,60,230.30,17.7411
torsion,60,232.03,17.8299
torsion,60,233.77,17.9632
torsion,60,235.50,18.0520
torsion,60,237.23,18.1853
torsion,60,238.96,18.2741
torsion,60,240.69,18.3629
torsion,60,242.42,18.4518
torsion,60,244.16,18.5406
torsion,60,245.89,18.6294
torsion,60,247.62,18.7183
torsion,60,249.35,18.8071
torsion,60,251.08,18.8959
torsion,60,252.81,18.9848
torsion,60,254.55,19.0736
torsion,60,256.28,19.1180
torsion,60,258.01,19.2069
torsion,60,259.74,19.2957
torsion,60,261.47,19.2957
torsion,60,263.20,19.3845
torsion,60,264.94,19.4734
torsion,60,266.67,19.4734
torsion,60,268.40,19.5622
torsion,60,270.13,19.5622
torsion,60,271.86,19.6510
torsion,60,273.59,19.6510
torsion,60,275.32,19.7398
torsion,60,277.06,19.7398
torsion,60,278.79,19.7843
torsion,60,280.52,19.8287
torsion,60,282.25,19.8731
torsion,60,283.98,19.9175
torsion,60,285.71,19.9175
torsion,60,287.45,19.9619
torsion,60,289.18,19.9619
torsion,60,290.91,20.0063
torsion,60,292.64,20.0063
torsion,60,294.37,20.0063
torsion,60,296.10,20.0508
torsion,60,297.84,20.0508
torsion,60,299.57,20.0508
torsion,60,301.30,20.0508
torsion,60,303.03,20.0508
torsion,60,304.76,20.0508
torsion,60,306.49,20.0508
torsion,60,308.23,20.0508
torsion,60,309.96,20.0508
torsion,60,311.69,20.0508
torsion,60,313.42,20.0508
torsion,60,315.15,20.0508
torsion,60,316.88,20.0508
torsion,60,318.61,20.0063
torsion,60,320.35,20.0063
torsion,60,322.08,20.0063
torsion,60,323.81,19.9619
torsion,60,325.54,19.9619
torsion,60,327.27,19.9175
torsion,60,329.00,19.9175
torsion,60,330.74,19.8731
torsion,60,332.47,19.8731
torsion,60,334.20,19.8731
torsion,60,335.93,19.8287
torsion,60,337.66,19.8287
torsion,60,339.39,19.7843
torsion,60,341.13,19.7843
torsion,60,342.86,19.7843
torsion,60,344.59,19.7398
torsion,60,346.32,19.7398
torsion,60,348.05,19.7398
torsion,60,349.78,19.6954
torsion,60,351.52,19.6954
torsion,60,353.25,19.6954
torsion,60,354.98,19.6954
torsion,60,356.71,19.6954
torsion,60,358.44,19.6954
torsion,60,360.17,19.6954
torsion,60,361.90,19.6510
torsion,60,363.64,19.6510
torsion,60,365.37,19.6510
torsion,60,367.10,19.6510
torsion,60,368.83,19.6510
torsion,60,370.56,19.6510
torsion,60,372.29,19.6510
torsion,60,374.03,19.6954
torsion,60,375.76,19.6954
torsion,60,377.49,19.6954
torsion,60,379.22,19.6954
torsion,60,380.95,19.6954
torsion,60,382.68,19.6954
torsion,60,384.42,19.7398
torsion,60,386.15,19.7398
torsion,60,387.88,19.7398
torsion,60,389.61,19.7843
torsion,60,391.34,19.7843
torsion,60,393.07,19.8287
torsion,60,394.81,19.8287
torsion,60,396.54,19.8731
torsion,60,398.27,19.8731
torsion,60,400.00,19.9175
torsion,60,401.73,19.9175
torsion,60,403.46,19.9619
torsion,60,405.19,20.0063
torsion,60,406.93,20.0508
torsion,60,408.66,20.0952
torsion,60,410.39,20.0952
torsion,60,412.12,20.0952
torsion,60,413.85,20.0952
torsion,60,415.58,20.0952
torsion,60,417.32,20.0952
torsion,60,419.05,20.0508
torsion,60,420.78,20.0508
torsion,60,422.51,20.0063
torsion,60,424.24,20.0063
torsion,60,425.97,19.9619
torsion,60,427.71,19.9175
torsion,60,429.44,19.9175
torsion,60,431.17,19.8731
torsion,60,432.90,19.8287
torsion,60,434.63,19.8287
torsion,60,436.36,19.7398
torsion,60,438.10,19.7398
torsion,60,439.83,19.6954
torsion,60,441.56,19.6510
torsion,60,443.29,19.6066
torsion,60,445.02,19.5622
torsion,60,446.75,19.5178
torsion,60,448.48,19.4734
torsion,60,450.22,19.4289
torsion,60,451.95,19.3845
torsion,60,453.68,19.2957
torsion,60,455.41,19.2957
torsion,60,457.14,19.2069
torsion,60,458.87,19.2069
torsion,60,460.61,19.1180
torsion,60,462.34,19.0736
torsion,60,464.07,19.0292
torsion,60,465.80,18.9404
torsion,60,467.53,18.8959
torsion,60,469.26,18.8515
torsion,60,471.00,18.7627
torsion,60,472.73,18.6739
torsion,60,474.46,18.6739
torsion,60,476.19,18.5850
torsion,60,477.92,18.4962
torsion,60,479.65,18.4518
torsion,60,481.39,18.4074
torsion,60,483.12,18.3185
torsion,60,484.85,18.2741
torsion,60,486.58,18.1853
torsion,60,488.31,18.1409
torsion,60,490.04,18.0520
torsion,60,491.77,17.9632
torsion,60,493.51,17.9188
torsion,60,495.24,17.8299
torsion,60,496.97,17.7855
torsion,60,498.70,17.7411
torsion,60,500.43,17.5968
torsion,60,502.16,17.4524
torsion,60,503.90,17.3081
torsion,60,505.63,17.1637
torsion,60,507.36,17.0194
torsion,60,509.09,16.8750
torsion,60,510.82,16.7306
torsion,60,512.55,16.5863
torsion,60,514.29,16.5419
torsion,60,516.02,16.5419
torsion,60,517.75,16.4530
torsion,60,519.48,16.2754
torsion,60,521.21,16.1421
torsion,60,522.94,16.0089
torsion,60,524.68,15.8756
torsion,60,526.41,15.6980
torsion,60,528.14,15.6091
torsion,60,529.87,15.4315
torsion,60,531.60,15.2538
torsion,60,533.33,15.0761
torsion,60,535.06,14.9429
torsion,60,536.80,14.7652
torsion,60,538.53,14.5876
torsion,60,540.26,14.4099
torsion,60,541.99,14.2766
torsion,60,543.72,14.0546
torsion,60,545.45,13.8769
torsion,60,547.19,13.6992
torsion,60,548.92,13.5216
torsion,60,550.65,13.3439
torsion,60,552.38,13.1662
torsion,60,554.11,12.9886
torsion,60,555.84,12.8109
torsion,60,557.58,12.5888
torsion,60,559.31,12.4112
torsion,60,561.04,12.1891
torsion,60,562.77,12.0114
torsion,60,564.50,11.7893
torsion,60,566.23,11.5673
torsion,60,567.97,11.3896
torsion,60,569.70,11.1675
torsion,60,571.43,10.9898
torsion,60,573.16,10.8122
torsion,60,574.89,10.5901
torsion,60,576.62,10.4124
torsion,60,578.35,10.2348
torsion,60,580.09,10.0127
torsion,60,581.82,9.8350
torsion,60,583.55,9.6574
torsion,60,585.28,9.4353
torsion,60,587.01,9.2576
torsion,60,588.74,9.0799
torsion,60,590.48,8.9023
torsion,60,592.21,8.7246
torsion,60,593.94,8.5470
torsion,60,595.67,8.3693
torsion,60,597.40,8.1916
torsion,60,599.13,8.0140
torsion,60,600.87,7.8363
torsion,60,602.60,7.6586
torsion,60,604.33,7.5254
torsion,60,606.06,7.3477
torsion,60,607.79,7.1701
torsion,60,609.52,6.9924
torsion,60,611.26,6.8147
torsion,60,612.99,6.6815
torsion,60,614.72,6.5482
torsion,60,616.45,6.3706
torsion,60,618.18,6.1929
torsion,60,619.91,6.1041
torsion,60,621.65,5.9264
torsion,60,623.38,5.7931
torsion,60,625.11,5.6599
torsion,60,626.84,5.5266
torsion,60,628.57,5.3490
torsion,60,630.30,5.2602
torsion,60,632.03,5.0825
torsion,60,633.77,4.9937
torsion,60,635.50,4.8160
torsion,60,637.23,4.7272
torsion,60,638.96,4.5495
torsion,60,640.69,4.4607
torsion,60,642.42,4.3718
torsion,60,644.16,4.1942
torsion,60,645.89,4.1053
torsion,60,647.62,4.0165
torsion,60,649.35,3.8388
torsion,60,651.08,3.7500
torsion,60,652.81,3.6612
torsion,60,654.55,3.5279
torsion,60,656.28,3.4391
torsion,60,658.01,3.3503
torsion,60,659.74,3.2614
torsion,60,661.47,3.1282
torsion,60,663.20,3.0393
torsion,60,664.94,2.9061
torsion,60,666.67,2.8173
torsion,60,668.40,2.7284
torsion,60,670.13,2.6396
torsion,60,671.86,2.5508
torsion,60,673.59,2.4619
torsion,60,675.32,2.3731
torsion,60,677.06,2.2843
torsion,60,678.79,2.1954
torsion,60,680.52,2.1066
torsion,60,682.25,2.0178
torsion,60,683.98,1.9734
torsion,60,685.71,1.8845
torsion,60,687.45,1.7957
torsion,60,689.18,1.7513
torsion,60,690.91,1.6624
torsion,60,692.64,1.5736
torsion,60,694.37,1.5292
torsion,60,696.10,1.4404
torsion,60,697.84,1.3515
torsion,60,699.57,1.3071
torsion,60,701.30,1.2183
torsion,60,703.03,1.1739
torsion,60,704.76,1.1294
torsion,60,706.49,1.0406
torsion,60,708.23,0.9962
torsion,60,709.96,0.9074
torsion,60,711.69,0.8629
torsion,60,713.42,0.7741
torsion,60,715.15,0.3744
torsion,60,716.88,0.3744
torsion,60,718.61,0.3744
torsion,60,720.35,0.3299
torsion,60,722.08,0.2855
torsion,60,723.81,0.2855
torsion,60,725.54,0.2855
torsion,60,727.27,0.1967
torsion,60,729.00,0.1967
torsion,60,730.74,0.1967
torsion,60,732.47,0.1079
torsion,60,734.20,0.1079
torsion,60,735.93,0.1079
torsion,60,737.66,0.0635
torsion,60,739.39,0.0190
torsion,60,741.13,0.0190
torsion,60,742.86,0.0190
torsion,60,744.59,-0.0698
torsion,60,746.32,-0.0698
torsion,60,748.05,-0.0698
torsion,60,749.78,-0.0698
torsion,60,751.52,-0.1586
torsion,60,753.25,-0.1586
torsion,60,754.98,-0.1586
torsion,60,756.71,-0.2030
torsion,60,758.44,-0.2475
torsion,60,760.17,-0.2475
torsion,60,761.90,-0.2475
torsion,60,763.64,-0.2475
torsion,60,765.37,-0.3363
torsion,60,767.10,-0.3363
torsion,60,768.83,-0.3363
torsion,60,770.56,-0.3363
torsion,60,772.29,-0.3807
torsion,60,774.03,-0.4251
torsion,60,775.76,-0.4251
torsion,60,777.49,-0.4251
torsion,60,779.22,-0.4251
torsion,60,780.95,-0.4251
torsion,60,782.68,-0.5140
torsion,60,784.42,-0.5140
torsion,60,786.15,-0.5140
torsion,60,787.88,-0.5140
torsion,60,789.61,-0.5140
torsion,60,791.34,-0.5140
torsion,60,793.07,-0.6028
torsion,60,794.81,-0.6028
torsion,60,796.54,-0.6028
torsion,60,798.27,-0.6028
torsion,60,800.00,-0.6028
torsion,75,0.00,-0.6916
torsion,75,1.73,-0.6916
torsion,75,3.46,-0.6916
torsion,75,5.19,-0.6916
torsion,75,6.93,-0.6916
torsion,75,8.66,-0.6916
torsion,75,10.39,-0.6916
torsion,75,12.12,-0.6916
torsion,75,13.85,-0.6916
torsion,75,15.58,-0.6916
torsion,75,17.32,-0.7805
torsion,75,19.05,-0.7805
torsion,75,20.78,-0.7805
torsion,75,22.51,-0.7805
torsion,75,24.24,-0.7805
torsion,75,25.97,-0.7805
torsion,75,27.71,-0.7805
torsion,75,29.44,-0.7805
torsion,75,31.17,-0.7805
torsion,75,32.90,-0.7805
torsion,75,34.63,-0.8249
torsion,75,36.36,-0.8693
torsion,75,38.10,-0.8693
torsion,75,39.83,-0.8693
torsion,75,41.56,-0.8693
torsion,75,43.29,-0.8693
torsion,75,45.02,-0.8693
torsion,75,46.75,-0.8693
torsion,75,48.48,-0.8693
torsion,75,50.22,-0.8693
torsion,75,51.95,-0.8693
torsion,75,53.68,-0.8693
torsion,75,55.41,-0.8693
torsion,75,57.14,-0.9137
torsion,75,58.87,-0.9137
torsion,75,60.61,-0.9581
torsion,75,62.34,-0.9581
torsion,75,64.07,-0.9581
torsion,75,65.80,-0.9581
torsion,75,67.53,-0.9581
torsion,75,69.26,-0.9581
torsion,75,71.00,-0.9581
torsion,75,72.73,-0.9581
torsion,75,74.46,-0.9581
torsion,75,76.19,-0.9581
torsion,75,77.92,-0.9581
torsion,75,79.65,-0.9581
torsion,75,81.39,-0.9581
torsion,75,83.12,-0.9581
torsion,75,84.85,-0.9581
torsion,75,86.58,-0.9581
torsion,75,88.31,-0.9581
torsion,75,90.04,-1.0025
torsion,75,91.77,-1.0025
torsion,75,93.51,-1.0025
torsion,75,95.24,-1.0025
torsion,75,96.97,-1.0470
torsion,75,98.70,-1.0470
torsion,75,100.43,-1.0470
torsion,75,102.16,-1.0470
torsion,75,103.90,-1.0470
torsion,75,105.63,-1.0470
torsion,75,107.36,-1.0470
torsion,75,109.09,-1.0470
torsion,75,110.82,-1.0470
torsion,75,112.55,-1.0470
torsion,75,114.29,-1.0470
torsion,75,116.02,-1.0470
torsion,75,117.75,-0.9581
torsion,75,119.48,-0.9137
torsion,75,121.21,-0.8249
torsion,75,122.94,-0.7360
torsion,75,124.68,-0.6028
torsion,75,126.41,-0.4695
torsion,75,128.14,-0.3363
torsion,75,129.87,-0.1142
torsion,75,131.60,0.0635
torsion,75,133.33,0.2855
torsion,75,135.06,0.4632
torsion,75,136.80,1.3071
torsion,75,138.53,1.6180
torsion,75,140.26,1.9734
torsion,75,141.99,2.2843
torsion,75,143.72,2.5952
torsion,75,145.45,2.9949
torsion,75,147.19,3.3947
torsion,75,148.92,3.8388
torsion,75,150.65,4.2386
torsion,75,152.38,4.6827
torsion,75,154.11,5.1269
torsion,75,155.84,5.5266
torsion,75,157.58,5.9708
torsion,75,159.31,6.2817
torsion,75,161.04,6.6815
torsion,75,162.77,6.9924
torsion,75,164.50,7.2589
torsion,75,166.23,7.5254
torsion,75,167.97,7.7919
torsion,75,169.70,8.0140
torsion,75,171.43,8.1916
torsion,75,173.16,8.3249
torsion,75,174.89,8.5025
torsion,75,176.62,8.6358
torsion,75,178.35,8.7690
torsion,75,180.09,8.8579
torsion,75,181.82,9.0355
torsion,75,183.55,9.1244
torsion,75,185.28,9.2132
torsion,75,187.01,9.3020
torsion,75,188.74,9.4353
torsion,75,190.48,9.5241
torsion,75,192.21,9.6574
torsion,75,193.94,9.7462
torsion,75,195.67,9.8794
torsion,75,197.40,9.9683
torsion,75,199.13,10.0571
torsion,75,200.87,10.1459
torsion,75,202.60,10.2348
torsion,75,204.33,10.3236
torsion,75,206.06,10.4569
torsion,75,207.79,10.5457
torsion,75,209.52,10.6345
torsion,75,211.26,10.7234
torsion,75,212.99,10.7678
torsion,75,214.72,10.8566
torsion,75,216.45,10.9454
torsion,75,218.18,11.0343
torsion,75,219.91,11.1231
torsion,75,221.65,11.2119
torsion,75,223.38,11.3008
torsion,75,225.11,11.3452
torsion,75,226.84,11.4340
torsion,75,228.57,11.4784
torsion,75,230.30,11.5673
torsion,75,232.03,11.6117
torsion,75,233.77,11.7005
torsion,75,235.50,11.7449
torsion,75,237.23,11.7893
torsion,75,238.96,11.8782
torsion,75,240.69,11.8782
torsion,75,242.42,11.9670
torsion,75,244.16,12.0114
torsion,75,245.89,12.0558
torsion,75,247.62,12.1003
torsion,75,249.35,12.1447
torsion,75,251.08,12.1891
torsion,75,252.81,12.2335
torsion,75,254.55,12.2335
torsion,75,256.28,12.3223
torsion,75,258.01,12.3223
torsion,75,259.74,12.4112
torsion,75,261.47,12.4112
torsion,75,263.20,12.4112
torsion,75,264.94,12.5000
torsion,75,266.67,12.5000
torsion,75,268.40,12.5000
torsion,75,270.13,12.5888
torsion,75,271.86,12.5888
torsion,75,273.59,12.5888
torsion,75,275.32,12.5888
torsion,75,277.06,12.6777
torsion,75,278.79,12.6777
torsion,75,280.52,12.6777
torsion,75,282.25,12.6777
torsion,75,283.98,12.6777
torsion,75,285.71,12.7665
torsion,75,287.45,12.7665
torsion,75,289.18,12.7665
torsion,75,290.91,12.7665
torsion,75,292.64,12.7665
torsion,75,294.37,12.7665
torsion,75,296.10,12.7665
torsion,75,297.84,12.8109
torsion,75,299.57,12.8109
torsion,75,301.30,12.8109
torsion,75,303.03,12.8109
torsion,75,304.76,12.8109
torsion,75,306.49,12.8109
torsion,75,308.23,12.8109
torsion,75,309.96,12.8109
torsion,75,311.69,12.8109
torsion,75,313.42,12.8109
torsion,75,315.15,12.8109
torsion,75,316.88,12.7665
torsion,75,318.61,12.7665
torsion,75,320.35,12.7665
torsion,75,322.08,12.7665
torsion,75,323.81,12.7665
torsion,75,325.54,12.7665
torsion,75,327.27,12.7665
torsion,75,329.00,12.7665
torsion,75,330.74,12.7665
torsion,75,332.47,12.7665
torsion,75,334.20,12.7221
torsion,75,335.93,12.7221
torsion,75,337.66,12.7221
torsion,75,339.39,12.7221
torsion,75,341.13,12.7221
torsion,75,342.86,12.7221
torsion,75,344.59,12.7221
torsion,75,346.32,12.6777
torsion,75,348.05,12.6777
torsion,75,349.78,12.6777
torsion,75,351.52,12.7221
torsion,75,353.25,12.7221
torsion,75,354.98,12.7221
torsion,75,356.71,12.7665
torsion,75,358.44,12.7665
torsion,75,360.17,12.7665
torsion,75,361.90,12.7665
torsion,75,363.64,12.7665
torsion,75,365.37,12.7665
torsion,75,367.10,12.7665
torsion,75,368.83,12.7665
torsion,75,370.56,12.7665
torsion,75,372.29,12.8109
torsion,75,374.03,12.8109
torsion,75,375.76,12.8553
torsion,75,377.49,12.8553
torsion,75,379.22,12.8553
torsion,75,380.95,12.8553
torsion,75,382.68,12.8553
torsion,75,384.42,12.8997
torsion,75,386.15,12.9442
torsion,75,387.88,12.9442
torsion,75,389.61,12.9442
torsion,75,391.34,12.9442
torsion,75,393.07,12.9886
torsion,75,394.81,13.0330
torsion,75,396.54,13.0330
torsion,75,398.27,13.0330
torsion,75,400.00,13.1218
torsion,75,401.73,13.1218
torsion,75,403.46,13.1218
torsion,75,405.19,13.1218
torsion,75,406.93,13.2107
torsion,75,408.66,13.2107
torsion,75,410.39,13.2107
torsion,75,412.12,13.2107
torsion,75,413.85,13.2107
torsion,75,415.58,13.2107
torsion,75,417.32,13.2107
torsion,75,419.05,13.2107
torsion,75,420.78,13.2107
torsion,75,422.51,13.2107
torsion,75,424.24,13.2107
torsion,75,425.97,13.1218
torsion,75,427.71,13.1218
torsion,75,429.44,13.1218
torsion,75,431.17,13.1218
torsion,75,432.90,13.0330
torsion,75,434.63,13.0330
torsion,75,436.36,13.0330
torsion,75,438.10,12.9442
torsion,75,439.83,12.9442
torsion,75,441.56,12.9442
torsion,75,443.29,12.8553
torsion,75,445.02,12.8553
torsion,75,446.75,12.8553
torsion,75,448.48,12.7665
torsion,75,450.22,12.7665
torsion,75,451.95,12.7665
torsion,75,453.68,12.6777
torsion,75,455.41,12.6777
torsion,75,457.14,12.5888
torsion,75,458.87,12.5888
torsion,75,460.61,12.5444
torsion,75,462.34,12.5000
torsion,75,464.07,12.5000
torsion,75,465.80,12.4112
torsion,75,467.53,12.4112
torsion,75,469.26,12.3223
torsion,75,471.00,12.3223
torsion,75,472.73,12.2335
torsion,75,474.46,12.2335
torsion,75,476.19,12.1891
torsion,75,477.92,12.1447
torsion,75,479.65,12.1447
torsion,75,481.39,12.0558
torsion,75,483.12,12.0558
torsion,75,484.85,11.9670
torsion,75,486.58,11.9670
torsion,75,488.31,11.8782
torsion,75,490.04,11.8782
torsion,75,491.77,11.7893
torsion,75,493.51,11.7893
torsion,75,495.24,11.7005
torsion,75,496.97,11.6561
torsion,75,498.70,11.6117
torsion,75,500.43,11.5673
torsion,75,502.16,11.4784
torsion,75,503.90,11.4340
torsion,75,505.63,11.3896
torsion,75,507.36,11.3008
torsion,75,509.09,11.2119
torsion,75,510.82,11.1675
torsion,75,512.55,11.1231
torsion,75,514.29,11.0343
torsion,75,516.02,10.9454
torsion,75,517.75,10.8566
torsion,75,519.48,10.7678
torsion,75,521.21,10.6789
torsion,75,522.94,10.5901
torsion,75,524.68,10.5013
torsion,75,526.41,10.4124
torsion,75,528.14,10.3236
torsion,75,529.87,10.2348
torsion,75,531.60,10.1459
torsion,75,533.33,10.0571
torsion,75,535.06,9.9683
torsion,75,536.80,9.8350
torsion,75,538.53,9.7462
torsion,75,540.26,9.6574
torsion,75,541.99,9.5241
torsion,75,543.72,9.3909
torsion,75,545.45,9.3020
torsion,75,547.19,9.1688
torsion,75,548.92,9.0355
torsion,75,550.65,8.9467
torsion,75,552.38,8.8579
torsion,75,554.11,8.6802
torsion,75,555.84,8.5914
torsion,75,557.58,8.4137
torsion,75,559.31,8.3249
torsion,75,561.04,8.2360
torsion,75,562.77,8.0584
torsion,75,564.50,7.9695
torsion,75,566.23,7.7919
torsion,75,567.97,7.7030
torsion,75,569.70,7.5254
torsion,75,571.43,7.4365
torsion,75,573.16,7.2589
torsion,75,574.89,7.1701
torsion,75,576.62,7.0812
torsion,75,578.35,6.9036
torsion,75,580.09,6.8147
torsion,75,581.82,6.6371
torsion,75,583.55,6.5482
torsion,75,585.28,6.3706
torsion,75,587.01,6.2817
torsion,75,588.74,6.1485
torsion,75,590.48,6.0152
torsion,75,592.21,5.9264
torsion,75,593.94,5.7931
torsion,75,595.67,5.6599
torsion,75,597.40,5.5711
torsion,75,599.13,5.4378
torsion,75,600.87,5.3046
torsion,75,602.60,5.2157
torsion,75,604.33,5.0825
torsion,75,606.06,4.9492
torsion,75,607.79,4.8604
torsion,75,609.52,4.7716
torsion,75,611.26,4.6383
torsion,75,612.99,4.5495
torsion,75,614.72,4.4607
torsion,75,616.45,4.3274
torsion,75,618.18,4.2386
torsion,75,619.91,4.1497
torsion,75,621.65,4.0609
torsion,75,623.38,3.9277
torsion,75,625.11,3.8388
torsion,75,626.84,3.7500
torsion,75,628.57,3.6612
torsion,75,630.30,3.5723
torsion,75,632.03,3.4835
torsion,75,633.77,3.3947
torsion,75,635.50,3.3058
torsion,75,637.23,3.2170
torsion,75,638.96,3.1282
torsion,75,640.69,3.0393
torsion,75,642.42,2.9949
torsion,75,644.16,2.9061
torsion,75,645.89,2.8617
torsion,75,647.62,2.7728
torsion,75,649.35,2.6840
torsion,75,651.08,2.5952
torsion,75,652.81,2.5508
torsion,75,654.55,2.4619
torsion,75,656.28,2.4175
torsion,75,658.01,2.3287
torsion,75,659.74,2.2398
torsion,75,661.47,2.1954
torsion,75,663.20,2.1510
torsion,75,664.94,2.0622
torsion,75,666.67,2.0178
torsion,75,668.40,1.9289
torsion,75,670.13,1.8845
torsion,75,671.86,1.8401
torsion,75,673.59,1.7513
torsion,75,675.32,1.7069
torsion,75,677.06,1.6624
torsion,75,678.79,1.5736
torsion,75,680.52,1.5292
torsion,75,682.25,1.4848
torsion,75,683.98,1.4404
torsion,75,685.71,1.3959
torsion,75,687.45,1.3071
torsion,75,689.18,1.2627
torsion,75,690.91,1.2183
torsion,75,692.64,1.1739
torsion,75,694.37,1.1294
torsion,75,696.10,1.0406
torsion,75,697.84,1.0406
torsion,75,699.57,0.9962
torsion,75,701.30,0.9518
torsion,75,703.03,0.9074
torsion,75,704.76,0.9074
torsion,75,706.49,0.8185
torsion,75,708.23,0.7741
torsion,75,709.96,0.7741
torsion,75,711.69,0.6853
torsion,75,713.42,0.6853
torsion,75,715.15,0.3744
torsion,75,716.88,0.3744
torsion,75,718.61,0.3744
torsion,75,720.35,0.3299
torsion,75,722.08,0.2855
torsion,75,723.81,0.2855
torsion,75,725.54,0.2855
torsion,75,727.27,0.1967
torsion,75,729.00,0.1967
torsion,75,730.74,0.1967
torsion,75,732.47,0.1079
torsion,75,734.20,0.1079
torsion,75,735.93,0.1079
torsion,75,737.66,0.0635
torsion,75,739.39,0.0190
torsion,75,741.13,0.0190
torsion,75,742.86,0.0190
torsion,75,744.59,-0.0698
torsion,75,746.32,-0.0698
torsion,75,748.05,-0.0698
torsion,75,749.78,-0.0698
torsion,75,751.52,-0.1586
torsion,75,753.25,-0.1586
torsion,75,754.98,-0.1586
torsion,75,756.71,-0.2030
torsion,75,758.44,-0.2475
torsion,75,760.17,-0.2475
torsion,75,761.90,-0.2475
torsion,75,763.64,-0.2475
torsion,75,765.37,-0.3363
torsion,75,767.10,-0.3363
torsion,75,768.83,-0.3363
torsion,75,770.56,-0.3363
torsion,75,772.29,-0.3807
torsion,75,774.03,-0.4251
torsion,75,775.76,-0.4251
torsion,75,777.49,-0.4251
torsion,75,779.22,-0.4251
torsion,75,780.95,-0.4251
torsion,75,782.68,-0.5140
torsion,75,784.42,-0.5140
torsion,75,786.15,-0.5140
torsion,75,787.88,-0.5140
torsion,75,789.61,-0.5140
torsion,75,791.34,-0.5140
torsion,75,793.07,-0.6028
torsion,75,794.81,-0.6028
torsion,75,796.54,-0.6028
torsion,75,798.27,-0.6028
torsion,75,800.00,-0.6028
torsion,90,0.00,-0.6916
torsion,90,1.73,-0.6916
torsion,90,3.46,-0.6916
torsion,90,5.19,-0.6916
torsion,90,6.93,-0.6916
torsion,90,8.66,-0.6916
torsion,90,10.39,-0.6916
torsion,90,12.12,-0.6916
torsion,90,13.85,-0.6916
torsion,90,15.58,-0.6916
torsion,90,17.32,-0.7805
torsion,90,19.05,-0.7805
torsion,90,20.78,-0.7805
torsion,90,22.51,-0.7805
torsion,90,24.24,-0.7805
torsion,90,25.97,-0.7805
torsion,90,27.71,-0.7805
torsion,90,29.44,-0.7805
torsion,90,31.17,-0.7805
torsion,90,32.90,-0.7805
torsion,90,34.63,-0.8249
torsion,90,36.36,-0.8693
torsion,90,38.10,-0.8693
torsion,90,39.83,-0.8693
torsion,90,41.56,-0.8693
torsion,90,43.29,-0.8693
torsion,90,45.02,-0.8693
torsion,90,46.75,-0.8693
torsion,90,48.48,-0.8693
torsion,90,50.22,-0.8693
torsion,90,51.95,-0.8693
torsion,90,53.68,-0.8693
torsion,90,55.41,-0.8693
torsion,90,57.14,-0.9137
torsion,90,58.87,-0.9137
torsion,90,60.61,-0.9581
torsion,90,62.34,-0.9581
torsion,90,64.07,-0.9581
torsion,90,65.80,-0.9581
torsion,90,67.53,-0.9581
torsion,90,69.26,-0.9581
torsion,90,71.00,-0.9581
torsion,90,72.73,-0.9581
torsion,90,74.46,-0.9581
torsion,90,76.19,-0.9581
torsion,90,77.92,-0.9581
torsion,90,79.65,-0.9581
torsion,90,81.39,-0.9581
torsion,90,83.12,-0.9581
torsion,90,84.85,-0.9581
torsion,90,86.58,-0.9581
torsion,90,88.31,-0.9581
torsion,90,90.04,-1.0025
torsion,90,91.77,-1.0025
torsion,90,93.51,-1.0025
torsion,90,95.24,-1.0025
torsion,90,96.97,-1.0470
torsion,90,98.70,-1.0470
torsion,90,100.43,-1.0470
torsion,90,102.16,-1.0470
torsion,90,103.90,-1.0470
torsion,90,105.63,-1.0470
torsion,90,107.36,-1.0470
torsion,90,109.09,-1.0470
torsion,90,110.82,-1.0470
torsion,90,112.55,-1.0470
torsion,90,114.29,-1.0470
torsion,90,116.02,-1.0470
torsion,90,117.75,-0.9581
torsion,90,119.48,-0.9137
torsion,90,121.21,-0.8249
torsion,90,122.94,-0.7360
torsion,90,124.68,-0.6028
torsion,90,126.41,-0.4695
torsion,90,128.14,-0.3363
torsion,90,129.87,-0.1142
torsion,90,131.60,0.0635
torsion,90,133.33,0.2855
torsion,90,135.06,0.4632
torsion,90,136.80,0.6853
torsion,90,138.53,0.9074
torsion,90,140.26,1.1294
torsion,90,141.99,1.3515
torsion,90,143.72,1.5736
torsion,90,145.45,1.7513
torsion,90,147.19,1.9734
torsion,90,148.92,2.1510
torsion,90,150.65,2.2843
torsion,90,152.38,2.5063
torsion,90,154.11,2.6840
torsion,90,155.84,2.8617
torsion,90,157.58,3.0393
torsion,90,159.31,3.1726
torsion,90,161.04,3.3503
torsion,90,162.77,3.4835
torsion,90,164.50,3.6168
torsion,90,166.23,3.7500
torsion,90,167.97,3.8388
torsion,90,169.70,3.9277
torsion,90,171.43,4.0165
torsion,90,173.16,4.1497
torsion,90,174.89,4.2386
torsion,90,176.62,4.3274
torsion,90,178.35,4.4162
torsion,90,180.09,4.5051
torsion,90,181.82,4.5939
torsion,90,183.55,4.6827
torsion,90,185.28,4.7716
torsion,90,187.01,4.8604
torsion,90,188.74,4.9492
torsion,90,190.48,5.0381
torsion,90,192.21,5.1269
torsion,90,193.94,5.2157
torsion,90,195.67,5.2602
torsion,90,197.40,5.3046
torsion,90,199.13,5.3934
torsion,90,200.87,5.4822
torsion,90,202.60,5.5711
torsion,90,204.33,5.6599
torsion,90,206.06,5.6599
torsion,90,207.79,5.7487
torsion,90,209.52,5.8376
torsion,90,211.26,5.9264
torsion,90,212.99,5.9264
torsion,90,214.72,6.0152
torsion,90,216.45,6.0596
torsion,90,218.18,6.1041
torsion,90,219.91,6.1929
torsion,90,221.65,6.2373
torsion,90,223.38,6.2817
torsion,90,225.11,6.3261
torsion,90,226.84,6.3706
torsion,90,228.57,6.4150
torsion,90,230.30,6.5038
torsion,90,232.03,6.5038
torsion,90,233.77,6.5926
torsion,90,235.50,6.5926
torsion,90,237.23,6.6371
torsion,90,238.96,6.6815
torsion,90,240.69,6.6815
torsion,90,242.42,6.7703
torsion,90,244.16,6.7703
torsion,90,245.89,6.8591
torsion,90,247.62,6.8591
torsion,90,249.35,6.8591
torsion,90,251.08,6.9480
torsion,90,252.81,6.9480
torsion,90,254.55,6.9480
torsion,90,256.28,6.9480
torsion,90,258.01,7.0368
torsion,90,259.74,7.0368
torsion,90,261.47,7.0368
torsion,90,263.20,7.0368
torsion,90,264.94,7.1256
torsion,90,266.67,7.1256
torsion,90,268.40,7.1256
torsion,90,270.13,7.1256
torsion,90,271.86,7.1256
torsion,90,273.59,7.1256
torsion,90,275.32,7.2145
torsion,90,277.06,7.2145
torsion,90,278.79,7.2145
torsion,90,280.52,7.2145
torsion,90,282.25,7.2145
torsion,90,283.98,7.2145
torsion,90,285.71,7.2145
torsion,90,287.45,7.3033
torsion,90,289.18,7.3033
torsion,90,290.91,7.3033
torsion,90,292.64,7.3033
torsion,90,294.37,7.3033
torsion,90,296.10,7.3033
torsion,90,297.84,7.3033
torsion,90,299.57,7.3033
torsion,90,301.30,7.3033
torsion,90,303.03,7.3033
torsion,90,304.76,7.3921
torsion,90,306.49,7.3921
torsion,90,308.23,7.3921
torsion,90,309.96,7.3921
torsion,90,311.69,7.3921
torsion,90,313.42,7.3921
torsion,90,315.15,7.3921
torsion,90,316.88,7.3921
torsion,90,318.61,7.3921
torsion,90,320.35,7.3921
torsion,90,322.08,7.3921
torsion,90,323.81,7.3921
torsion,90,325.54,7.3921
torsion,90,327.27,7.3921
torsion,90,329.00,7.3921
torsion,90,330.74,7.3921
torsion,90,332.47,7.3921
torsion,90,334.20,7.3921
torsion,90,335.93,7.4365
torsion,90,337.66,7.4810
torsion,90,339.39,7.4810
torsion,90,341.13,7.4810
torsion,90,342.86,7.4810
torsion,90,344.59,7.4810
torsion,90,346.32,7.4810
torsion,90,348.05,7.4810
torsion,90,349.78,7.4810
torsion,90,351.52,7.4810
torsion,90,353.25,7.5254
torsion,90,354.98,7.5698
torsion,90,356.71,7.5698
torsion,90,358.44,7.5698
torsion,90,360.17,7.5698
torsion,90,361.90,7.5698
torsion,90,363.64,7.5698
torsion,90,365.37,7.6142
torsion,90,367.10,7.6586
torsion,90,368.83,7.6586
torsion,90,370.56,7.6586
torsion,90,372.29,7.6586
torsion,90,374.03,7.6586
torsion,90,375.76,7.6586
torsion,90,377.49,7.7475
torsion,90,379.22,7.7475
torsion,90,380.95,7.7475
torsion,90,382.68,7.7475
torsion,90,384.42,7.7475
torsion,90,386.15,7.7475
torsion,90,387.88,7.8363
torsion,90,389.61,7.8363
torsion,90,391.34,7.8363
torsion,90,393.07,7.8363
torsion,90,394.81,7.8363
torsion,90,396.54,7.9251
torsion,90,398.27,7.9251
torsion,90,400.00,7.9251
torsion,90,401.73,7.9251
torsion,90,403.46,7.9251
torsion,90,405.19,8.0140
torsion,90,406.93,8.0140
torsion,90,408.66,8.0140
torsion,90,410.39,8.0140
torsion,90,412.12,8.0140
torsion,90,413.85,8.0140
torsion,90,415.58,8.0140
torsion,90,417.32,8.0140
torsion,90,419.05,8.0140
torsion,90,420.78,8.0140
torsion,90,422.51,8.0140
torsion,90,424.24,7.9695
torsion,90,425.97,7.9251
torsion,90,427.71,7.9251
torsion,90,429.44,7.9251
torsion,90,431.17,7.8363
torsion,90,432.90,7.8363
torsion,90,434.63,7.8363
torsion,90,436.36,7.8363
torsion,90,438.10,7.7475
torsion,90,439.83,7.7475
torsion,90,441.56,7.7475
torsion,90,443.29,7.6586
torsion,90,445.02,7.6586
torsion,90,446.75,7.6142
torsion,90,448.48,7.5698
torsion,90,450.22,7.5698
torsion,90,451.95,7.4810
torsion,90,453.68,7.4810
torsion,90,455.41,7.4810
torsion,90,457.14,7.3921
torsion,90,458.87,7.3921
torsion,90,460.61,7.3033
torsion,90,462.34,7.3033
torsion,90,464.07,7.2589
torsion,90,465.80,7.2145
torsion,90,467.53,7.2145
torsion,90,469.26,7.1256
torsion,90,471.00,7.1256
torsion,90,472.73,7.0812
torsion,90,474.46,7.0368
torsion,90,476.19,6.9924
torsion,90,477.92,6.9480
torsion,90,479.65,6.9480
torsion,90,481.39,6.8591
torsion,90,483.12,6.8591
torsion,90,484.85,6.8147
torsion,90,486.58,6.7703
torsion,90,488.31,6.7259
torsion,90,490.04,6.6815
torsion,90,491.77,6.6815
torsion,90,493.51,6.5926
torsion,90,495.24,6.5926
torsion,90,496.97,6.5038
torsion,90,498.70,6.5038
torsion,90,500.43,6.4594
torsion,90,502.16,6.4150
torsion,90,503.90,6.3706
torsion,90,505.63,6.3261
torsion,90,507.36,6.2817
torsion,90,509.09,6.2373
torsion,90,510.82,6.1485
torsion,90,512.55,6.1041
torsion,90,514.29,6.0596
torsion,90,516.02,6.0152
torsion,90,517.75,5.9708
torsion,90,519.48,5.9264
torsion,90,521.21,5.8820
torsion,90,522.94,5.7931
torsion,90,524.68,5.7487
torsion,90,526.41,5.7043
torsion,90,528.14,5.6599
torsion,90,529.87,5.6155
torsion,90,531.60,5.5266
torsion,90,533.33,5.4822
torsion,90,535.06,5.4378
torsion,90,536.80,5.3490
torsion,90,538.53,5.3046
torsion,90,540.26,5.2602
torsion,90,541.99,5.1713
torsion,90,543.72,5.1269
torsion,90,545.45,5.0381
torsion,90,547.19,4.9937
torsion,90,548.92,4.9492
torsion,90,550.65,4.8604
torsion,90,552.38,4.8160
torsion,90,554.11,4.7716
torsion,90,555.84,4.6827
torsion,90,557.58,4.5939
torsion,90,559.31,4.5495
torsion,90,561.04,4.5051
torsion,90,562.77,4.4162
torsion,90,564.50,4.3274
torsion,90,566.23,4.2830
torsion,90,567.97,4.2386
torsion,90,569.70,4.1497
torsion,90,571.43,4.0609
torsion,90,573.16,4.0165
torsion,90,574.89,3.9721
torsion,90,576.62,3.8832
torsion,90,578.35,3.7944
torsion,90,580.09,3.7500
torsion,90,581.82,3.7056
torsion,90,583.55,3.6168
torsion,90,585.28,3.5723
torsion,90,587.01,3.5279
torsion,90,588.74,3.4391
torsion,90,590.48,3.3503
torsion,90,592.21,3.3058
torsion,90,593.94,3.2614
torsion,90,595.67,3.1726
torsion,90,597.40,3.1282
torsion,90,599.13,3.0838
torsion,90,600.87,2.9949
torsion,90,602.60,2.9505
torsion,90,604.33,2.9061
torsion,90,606.06,2.8173
torsion,90,607.79,2.7728
torsion,90,609.52,2.7284
torsion,90,611.26,2.6840
torsion,90,612.99,2.5952
torsion,90,614.72,2.5508
torsion,90,616.45,2.5063
torsion,90,618.18,2.4619
torsion,90,619.91,2.4175
torsion,90,621.65,2.3731
torsion,90,623.38,2.3287
torsion,90,625.11,2.2398
torsion,90,626.84,2.1954
torsion,90,628.57,2.1510
torsion,90,630.30,2.1066
torsion,90,632.03,2.0622
torsion,90,633.77,1.9734
torsion,90,635.50,1.9734
torsion,90,637.23,1.8845
torsion,90,638.96,1.8845
torsion,90,640.69,1.7957
torsion,90,642.42,1.7957
torsion,90,644.16,1.7513
torsion,90,645.89,1.7069
torsion,90,647.62,1.7069
torsion,90,649.35,1.6180
torsion,90,651.08,1.6180
torsion,90,652.81,1.5292
torsion,90,654.55,1.5292
torsion,90,656.28,1.5292
torsion,90,658.01,1.4404
torsion,90,659.74,1.4404
torsion,90,661.47,1.3515
torsion,90,663.20,1.3515
torsion,90,664.94,1.2627
torsion,90,666.67,1.2627
torsion,90,668.40,1.2183
torsion,90,670.13,1.1739
torsion,90,671.86,1.1739
torsion,90,673.59,1.1294
torsion,90,675.32,1.0850
torsion,90,677.06,1.0850
torsion,90,678.79,1.0406
torsion,90,680.52,0.9962
torsion,90,682.25,0.9962
torsion,90,683.98,0.9074
torsion,90,685.71,0.9074
torsion,90,687.45,0.8629
torsion,90,689.18,0.8185
torsion,90,690.91,0.8185
torsion,90,692.64,0.7741
torsion,90,694.37,0.7297
torsion,90,696.10,0.7297
torsion,90,697.84,0.7297
torsion,90,699.57,0.6853
torsion,90,701.30,0.6409
torsion,90,703.03,0.6409
torsion,90,704.76,0.5964
torsion,90,706.49,0.5520
torsion,90,708.23,0.5520
torsion,90,709.96,0.4632
torsion,90,711.69,0.4632
torsion,90,713.42,0.4632
torsion,90,715.15,0.3744
torsion,90,716.88,0.3744
torsion,90,718.61,0.3744
torsion,90,720.35,0.3299
torsion,90,722.08,0.2855
torsion,90,723.81,0.2855
torsion,90,725.54,0.2855
torsion,90,727.27,0.1967
torsion,90,729.00,0.1967
torsion,90,730.74,0.1967
torsion,90,732.47,0.1079
torsion,90,734.20,0.1079
torsion,90,735.93,0.1079
torsion,90,737.66,0.0635
torsion,90,739.39,0.0190
torsion,90,741.13,0.0190
torsion,90,742.86,0.0190
torsion,90,744.59,-0.0698
torsion,90,746.32,-0.0698
torsion,90,748.05,-0.0698
torsion,90,749.78,-0.0698
torsion,90,751.52,-0.1586
torsion,90,753.25,-0.1586
torsion,90,754.98,-0.1586
torsion,90,756.71,-0.2030
torsion,90,758.44,-0.2475
torsion,90,760.17,-0.2475
torsion,90,761.90,-0.2475
torsion,90,763.64,-0.2475
torsion,90,765.37,-0.3363
torsion,90,767.10,-0.3363
torsion,90,768.83,-0.3363
torsion,90,770.56,-0.3363
torsion,90,772.29,-0.3807
torsion,90,774.03,-0.4251
torsion,90,775.76,-0.4251
torsion,90,777.49,-0.4251
torsion,90,779.22,-0.4251
torsion,90,780.95,-0.4251
torsion,90,782.68,-0.5140
torsion,90,784.42,-0.5140
torsion,90,786.15,-0.5140
torsion,90,787.88,-0.5140
torsion,90,789.61,-0.5140
torsion,90,791.34,-0.5140
torsion,90,793.07,-0.6028
torsion,90,794.81,-0.6028
torsion,90,796.54,-0.6028
torsion,90,798.27,-0.6028
torsion,90,800.00,-0.6028
