# Digitized traces from Genet et al. (2023), their Fig 7 (internal volume [mL]).
# Extracted from the published figure by hue segmentation (provenance/reproduction).
# Where variations overlap (curves coincide) an occluded segment is completed from
# the nearest visible variation. columns: panel {pressure[kPa],volume[mL],torsion[deg]}, variation, x=time[ms], y.
panel,variation,x,y
pressure,58,0.00,0.8840
pressure,58,1.67,0.8840
pressure,58,3.35,0.8840
pressure,58,5.02,0.8840
pressure,58,6.69,0.8840
pressure,58,8.37,0.8840
pressure,58,10.04,0.8840
pressure,58,11.72,0.8840
pressure,58,13.39,0.8840
pressure,58,15.06,0.8840
pressure,58,16.74,0.8840
pressure,58,18.41,0.8840
pressure,58,20.08,0.8840
pressure,58,21.76,0.8840
pressure,58,23.43,0.8840
pressure,58,25.10,0.8840
pressure,58,26.78,0.8840
pressure,58,28.45,0.8840
pressure,58,30.13,0.8840
pressure,58,31.80,0.8840
pressure,58,33.47,0.8840
pressure,58,35.15,0.8840
pressure,58,36.82,0.8840
pressure,58,38.49,0.8840
pressure,58,40.17,0.8840
pressure,58,41.84,0.8840
pressure,58,43.51,0.8840
pressure,58,45.19,0.8840
pressure,58,46.86,0.8840
pressure,58,48.54,0.8840
pressure,58,50.21,0.8840
pressure,58,51.88,0.8840
pressure,58,53.56,0.8840
pressure,58,55.23,0.8840
pressure,58,56.90,0.8840
pressure,58,58.58,0.8840
pressure,58,60.25,0.8840
pressure,58,61.92,0.8840
pressure,58,63.60,0.8840
pressure,58,65.27,0.8840
pressure,58,66.95,0.8840
pressure,58,68.62,0.8840
pressure,58,70.29,0.8840
pressure,58,71.97,0.8840
pressure,58,73.64,0.8840
pressure,58,75.31,0.8840
pressure,58,76.99,0.8840
pressure,58,78.66,0.8840
pressure,58,80.33,0.8840
pressure,58,82.01,0.8840
pressure,58,83.68,0.8840
pressure,58,85.36,0.8840
pressure,58,87.03,0.8840
pressure,58,88.70,0.8840
pressure,58,90.38,0.8840
pressure,58,92.05,0.8840
pressure,58,93.72,0.8840
pressure,58,95.40,0.8840
pressure,58,97.07,0.8840
pressure,58,98.74,0.8840
pressure,58,100.42,0.8840
pressure,58,102.09,0.8840
pressure,58,103.77,0.8840
pressure,58,105.44,0.8840
pressure,58,107.11,0.8840
pressure,58,108.79,0.8840
pressure,58,110.46,0.8840
pressure,58,112.13,0.8840
pressure,58,113.81,0.8840
pressure,58,115.48,0.8840
pressure,58,117.15,0.8840
pressure,58,118.83,0.8840
pressure,58,120.50,0.8840
pressure,58,122.18,0.8840
pressure,58,123.85,0.8840
pressure,58,125.52,0.8840
pressure,58,127.20,0.8840
pressure,58,128.87,0.9201
pressure,58,130.54,0.9923
pressure,58,132.22,1.0464
pressure,58,133.89,1.1546
pressure,58,135.56,1.2809
pressure,58,137.24,1.3892
pressure,58,138.91,1.5515
pressure,58,140.59,1.7139
pressure,58,142.26,1.8943
pressure,58,143.93,2.0928
pressure,58,145.61,2.2912
pressure,58,147.28,2.4897
pressure,58,148.95,2.7242
pressure,58,150.63,2.9407
pressure,58,152.30,3.1933
pressure,58,153.97,3.4459
pressure,58,155.65,3.6804
pressure,58,157.32,3.9510
pressure,58,159.00,5.0696
pressure,58,160.67,5.3582
pressure,58,162.34,5.6469
pressure,58,164.02,5.9536
pressure,58,165.69,6.2603
pressure,58,167.36,6.5670
pressure,58,169.04,6.8918
pressure,58,170.71,7.1624
pressure,58,172.38,7.4691
pressure,58,174.06,7.7938
pressure,58,175.73,8.0825
pressure,58,177.41,8.3892
pressure,58,179.08,8.6598
pressure,58,180.75,8.9845
pressure,58,182.43,9.3093
pressure,58,184.10,9.5979
pressure,58,185.77,9.8866
pressure,58,187.45,10.1753
pressure,58,189.12,10.4459
pressure,58,190.79,10.6985
pressure,58,192.47,10.9330
pressure,58,194.14,11.1495
pressure,58,195.82,11.3479
pressure,58,197.49,11.5284
pressure,58,199.16,11.6907
pressure,58,200.84,11.8531
pressure,58,202.51,11.9974
pressure,58,204.18,12.1237
pressure,58,205.86,12.2320
pressure,58,207.53,12.3402
pressure,58,209.21,12.4304
pressure,58,210.88,12.5026
pressure,58,212.55,12.5928
pressure,58,214.23,12.6649
pressure,58,215.90,12.7371
pressure,58,217.57,12.7912
pressure,58,219.25,12.8273
pressure,58,220.92,12.8634
pressure,58,222.59,12.8814
pressure,58,224.27,12.9175
pressure,58,225.94,12.9356
pressure,58,227.62,12.9716
pressure,58,229.29,12.9716
pressure,58,230.96,12.9716
pressure,58,232.64,13.0077
pressure,58,234.31,13.0077
pressure,58,235.98,13.0077
pressure,58,237.66,13.0077
pressure,58,239.33,13.0077
pressure,58,241.00,13.0077
pressure,58,242.68,13.0077
pressure,58,244.35,13.0077
pressure,58,246.03,13.0077
pressure,58,247.70,13.0077
pressure,58,249.37,12.9897
pressure,58,251.05,12.9716
pressure,58,252.72,12.9716
pressure,58,254.39,12.9716
pressure,58,256.07,12.9716
pressure,58,257.74,12.9716
pressure,58,259.41,12.9356
pressure,58,261.09,12.9356
pressure,58,262.76,12.9356
pressure,58,264.44,12.9356
pressure,58,266.11,12.8995
pressure,58,267.78,12.8995
pressure,58,269.46,12.8995
pressure,58,271.13,12.8995
pressure,58,272.80,12.8634
pressure,58,274.48,12.8634
pressure,58,276.15,12.8634
pressure,58,277.82,12.8634
pressure,58,279.50,12.8273
pressure,58,281.17,12.8273
pressure,58,282.85,12.8273
pressure,58,284.52,12.7912
pressure,58,286.19,12.7912
pressure,58,287.87,12.7912
pressure,58,289.54,12.7912
pressure,58,291.21,12.7732
pressure,58,292.89,12.7552
pressure,58,294.56,12.7552
pressure,58,296.23,12.7371
pressure,58,297.91,12.7371
pressure,58,299.58,12.7191
pressure,58,301.26,12.7191
pressure,58,302.93,12.7010
pressure,58,304.60,12.7010
pressure,58,306.28,12.7010
pressure,58,307.95,12.6649
pressure,58,309.62,12.6649
pressure,58,311.30,12.6649
pressure,58,312.97,12.6649
pressure,58,314.64,12.6289
pressure,58,316.32,12.6289
pressure,58,317.99,12.6289
pressure,58,319.67,12.6289
pressure,58,321.34,12.6108
pressure,58,323.01,12.5928
pressure,58,324.69,12.5928
pressure,58,326.36,12.5747
pressure,58,328.03,12.5747
pressure,58,329.71,12.5747
pressure,58,331.38,12.5387
pressure,58,333.05,12.5387
pressure,58,334.73,12.5387
pressure,58,336.40,12.5206
pressure,58,338.08,12.5026
pressure,58,339.75,12.4845
pressure,58,341.42,12.4485
pressure,58,343.10,12.4124
pressure,58,344.77,12.4124
pressure,58,346.44,12.3763
pressure,58,348.12,12.3402
pressure,58,349.79,12.2320
pressure,58,351.46,12.1959
pressure,58,353.14,12.1778
pressure,58,354.81,12.1598
pressure,58,356.49,12.1237
pressure,58,358.16,12.0876
pressure,58,359.83,12.0515
pressure,58,361.51,12.0155
pressure,58,363.18,11.9794
pressure,58,364.85,11.9613
pressure,58,366.53,11.9253
pressure,58,368.20,11.8892
pressure,58,369.87,11.8351
pressure,58,371.55,11.7990
pressure,58,373.22,11.7629
pressure,58,374.90,11.7268
pressure,58,376.57,11.6727
pressure,58,378.24,11.6366
pressure,58,379.92,11.6005
pressure,58,381.59,11.5464
pressure,58,383.26,11.5103
pressure,58,384.94,11.4742
pressure,58,386.61,11.2938
pressure,58,388.28,11.2397
pressure,58,389.96,11.2036
pressure,58,391.63,11.1495
pressure,58,393.31,11.0954
pressure,58,394.98,11.0593
pressure,58,396.65,10.9871
pressure,58,398.33,10.9510
pressure,58,400.00,10.8789
pressure,58,401.67,10.8428
pressure,58,403.35,10.7706
pressure,58,405.02,10.7345
pressure,58,406.69,10.6443
pressure,58,408.37,10.5361
pressure,58,410.04,10.3737
pressure,58,411.72,10.1572
pressure,58,413.39,9.8325
pressure,58,415.06,9.5077
pressure,58,416.74,9.0567
pressure,58,418.41,8.6237
pressure,58,420.08,8.1366
pressure,58,421.76,7.6495
pressure,58,423.43,7.1985
pressure,58,425.10,6.7835
pressure,58,426.78,6.3866
pressure,58,428.45,5.9897
pressure,58,430.13,5.6469
pressure,58,431.80,5.3041
pressure,58,433.47,4.9974
pressure,58,435.15,4.7088
pressure,58,436.82,4.4201
pressure,58,438.49,4.1495
pressure,58,440.17,3.9149
pressure,58,441.84,3.6804
pressure,58,443.51,3.4639
pressure,58,445.19,3.2474
pressure,58,446.86,3.0490
pressure,58,448.54,2.8686
pressure,58,450.21,2.7062
pressure,58,451.88,2.5438
pressure,58,453.56,2.3995
pressure,58,455.23,2.2552
pressure,58,456.90,2.1289
pressure,58,458.58,1.9845
pressure,58,460.25,1.8582
pressure,58,461.92,1.7680
pressure,58,463.60,1.6598
pressure,58,465.27,1.5696
pressure,58,466.95,1.4613
pressure,58,468.62,1.3711
pressure,58,470.29,1.2990
pressure,58,471.97,1.2268
pressure,58,473.64,1.1546
pressure,58,475.31,1.0825
pressure,58,476.99,1.0103
pressure,58,478.66,0.9562
pressure,58,480.33,0.9021
pressure,58,482.01,0.8479
pressure,58,483.68,0.8119
pressure,58,485.36,0.7397
pressure,58,487.03,0.7036
pressure,58,488.70,0.6675
pressure,58,490.38,0.6134
pressure,58,492.05,0.5773
pressure,58,493.72,0.5593
pressure,58,495.40,0.5412
pressure,58,497.07,0.5232
pressure,58,498.74,0.5232
pressure,58,500.42,0.5232
pressure,58,502.09,0.5052
pressure,58,503.77,0.5052
pressure,58,505.44,0.5052
pressure,58,507.11,0.4871
pressure,58,508.79,0.4871
pressure,58,510.46,0.4871
pressure,58,512.13,0.4871
pressure,58,513.81,0.4871
pressure,58,515.48,0.4691
pressure,58,517.15,0.4691
pressure,58,518.83,0.4691
pressure,58,520.50,0.4691
pressure,58,522.18,0.4691
pressure,58,523.85,0.4691
pressure,58,525.52,0.4691
pressure,58,527.20,0.4691
pressure,58,528.87,0.4691
pressure,58,530.54,0.4691
pressure,58,532.22,0.4691
pressure,58,533.89,0.4691
pressure,58,535.56,0.4691
pressure,58,537.24,0.4691
pressure,58,538.91,0.4691
pressure,58,540.59,0.4691
pressure,58,542.26,0.4691
pressure,58,543.93,0.4871
pressure,58,545.61,0.4871
pressure,58,547.28,0.4871
pressure,58,548.95,0.4871
pressure,58,550.63,0.4871
pressure,58,552.30,0.4871
pressure,58,553.97,0.4871
pressure,58,555.65,0.4871
pressure,58,557.32,0.4871
pressure,58,559.00,0.5052
pressure,58,560.67,0.5052
pressure,58,562.34,0.5052
pressure,58,564.02,0.5052
pressure,58,565.69,0.5052
pressure,58,567.36,0.5052
pressure,58,569.04,0.5052
pressure,58,570.71,0.5052
pressure,58,572.38,0.5052
pressure,58,574.06,0.5052
pressure,58,575.73,0.5232
pressure,58,577.41,0.5232
pressure,58,579.08,0.5232
pressure,58,580.75,0.5232
pressure,58,582.43,0.5232
pressure,58,584.10,0.5232
pressure,58,585.77,0.5232
pressure,58,587.45,0.5232
pressure,58,589.12,0.5232
pressure,58,590.79,0.5232
pressure,58,592.47,0.5232
pressure,58,594.14,0.5232
pressure,58,595.82,0.5232
pressure,58,597.49,0.5232
pressure,58,599.16,0.5412
pressure,58,600.84,0.5412
pressure,58,602.51,0.5412
pressure,58,604.18,0.5412
pressure,58,605.86,0.5412
pressure,58,607.53,0.5412
pressure,58,609.21,0.5412
pressure,58,610.88,0.5412
pressure,58,612.55,0.5412
pressure,58,614.23,0.5412
pressure,58,615.90,0.5412
pressure,58,617.57,0.5412
pressure,58,619.25,0.5412
pressure,58,620.92,0.5412
pressure,58,622.59,0.5412
pressure,58,624.27,0.5412
pressure,58,625.94,0.5412
pressure,58,627.62,0.5412
pressure,58,629.29,0.5412
pressure,58,630.96,0.5412
pressure,58,632.64,0.5412
pressure,58,634.31,0.5412
pressure,58,635.98,0.5412
pressure,58,637.66,0.5412
pressure,58,639.33,0.5412
pressure,58,641.00,0.5412
pressure,58,642.68,0.5412
pressure,58,644.35,0.5412
pressure,58,646.03,0.5412
pressure,58,647.70,0.5412
pressure,58,649.37,0.5412
pressure,58,651.05,0.5412
pressure,58,652.72,0.5412
pressure,58,654.39,0.5412
pressure,58,656.07,0.5412
pressure,58,657.74,0.5412
pressure,58,659.41,0.5412
pressure,58,661.09,0.5412
pressure,58,662.76,0.5412
pressure,58,664.44,0.5412
pressure,58,666.11,0.5593
pressure,58,667.78,0.5593
pressure,58,669.46,0.5593
pressure,58,671.13,0.5773
pressure,58,672.80,0.5773
pressure,58,674.48,0.5954
pressure,58,676.15,0.5954
pressure,58,677.82,0.6134
pressure,58,679.50,0.6134
pressure,58,681.17,0.6314
pressure,58,682.85,0.6314
pressure,58,684.52,0.6495
pressure,58,686.19,0.6495
pressure,58,687.87,0.6675
pressure,58,689.54,0.6675
pressure,58,691.21,0.6856
pressure,58,692.89,0.6856
pressure,58,694.56,0.7036
pressure,58,696.23,0.7036
pressure,58,697.91,0.7216
pressure,58,699.58,0.7397
pressure,58,701.26,0.7397
pressure,58,702.93,0.7397
pressure,58,704.60,0.7577
pressure,58,706.28,0.7758
pressure,58,707.95,0.7758
pressure,58,709.62,0.7758
pressure,58,711.30,0.7938
pressure,58,712.97,0.8119
pressure,58,714.64,0.8119
pressure,58,716.32,0.8299
pressure,58,717.99,0.8479
pressure,58,719.67,0.8479
pressure,58,721.34,0.8479
pressure,58,723.01,0.8660
pressure,58,724.69,0.8660
pressure,58,726.36,0.8660
pressure,58,728.03,0.8660
pressure,58,729.71,0.8660
pressure,58,731.38,0.8660
pressure,58,733.05,0.8660
pressure,58,734.73,0.8660
pressure,58,736.40,0.8660
pressure,58,738.08,0.8660
pressure,58,739.75,0.8660
pressure,58,741.42,0.8660
pressure,58,743.10,0.8660
pressure,58,744.77,0.8660
pressure,58,746.44,0.8660
pressure,58,748.12,0.8660
pressure,58,749.79,0.8840
pressure,58,751.46,0.8840
pressure,58,753.14,0.8840
pressure,58,754.81,0.8840
pressure,58,756.49,0.8840
pressure,58,758.16,0.8840
pressure,58,759.83,0.8840
pressure,58,761.51,0.8840
pressure,58,763.18,0.8840
pressure,58,764.85,0.8840
pressure,58,766.53,0.8840
pressure,58,768.20,0.8840
pressure,58,769.87,0.8840
pressure,58,771.55,0.8840
pressure,58,773.22,0.8840
pressure,58,774.90,0.8840
pressure,58,776.57,0.8840
pressure,58,778.24,0.8840
pressure,58,779.92,0.8840
pressure,58,781.59,0.8840
pressure,58,783.26,0.8840
pressure,58,784.94,0.8840
pressure,58,786.61,0.8840
pressure,58,788.28,0.8840
pressure,58,789.96,0.8840
pressure,58,791.63,0.8840
pressure,58,793.31,0.8840
pressure,58,794.98,0.8840
pressure,58,796.65,0.8840
pressure,58,798.33,0.8840
pressure,58,800.00,0.8840
pressure,65,0.00,0.8840
pressure,65,1.67,0.8840
pressure,65,3.35,0.8840
pressure,65,5.02,0.8840
pressure,65,6.69,0.8840
pressure,65,8.37,0.8840
pressure,65,10.04,0.8840
pressure,65,11.72,0.8840
pressure,65,13.39,0.8840
pressure,65,15.06,0.8840
pressure,65,16.74,0.8840
pressure,65,18.41,0.8840
pressure,65,20.08,0.8840
pressure,65,21.76,0.8840
pressure,65,23.43,0.8840
pressure,65,25.10,0.8840
pressure,65,26.78,0.8840
pressure,65,28.45,0.8840
pressure,65,30.13,0.8840
pressure,65,31.80,0.8840
pressure,65,33.47,0.8840
pressure,65,35.15,0.8840
pressure,65,36.82,0.8840
pressure,65,38.49,0.8840
pressure,65,40.17,0.8840
pressure,65,41.84,0.8840
pressure,65,43.51,0.8840
pressure,65,45.19,0.8840
pressure,65,46.86,0.8840
pressure,65,48.54,0.8840
pressure,65,50.21,0.8840
pressure,65,51.88,0.8840
pressure,65,53.56,0.8840
pressure,65,55.23,0.8840
pressure,65,56.90,0.8840
pressure,65,58.58,0.8840
pressure,65,60.25,0.8840
pressure,65,61.92,0.8840
pressure,65,63.60,0.8840
pressure,65,65.27,0.8840
pressure,65,66.95,0.8840
pressure,65,68.62,0.8840
pressure,65,70.29,0.8840
pressure,65,71.97,0.8840
pressure,65,73.64,0.8840
pressure,65,75.31,0.8840
pressure,65,76.99,0.8840
pressure,65,78.66,0.8840
pressure,65,80.33,0.8840
pressure,65,82.01,0.8840
pressure,65,83.68,0.8840
pressure,65,85.36,0.8840
pressure,65,87.03,0.8840
pressure,65,88.70,0.8840
pressure,65,90.38,0.8840
pressure,65,92.05,0.8840
pressure,65,93.72,0.8840
pressure,65,95.40,0.8840
pressure,65,97.07,0.8840
pressure,65,98.74,0.8840
pressure,65,100.42,0.8840
pressure,65,102.09,0.8840
pressure,65,103.77,0.8840
pressure,65,105.44,0.8840
pressure,65,107.11,0.8840
pressure,65,108.79,0.8840
pressure,65,110.46,0.8840
pressure,65,112.13,0.8840
pressure,65,113.81,0.8840
pressure,65,115.48,0.8840
pressure,65,117.15,0.8840
pressure,65,118.83,0.8840
pressure,65,120.50,0.8840
pressure,65,122.18,0.8840
pressure,65,123.85,0.8840
pressure,65,125.52,0.8840
pressure,65,127.20,0.8840
pressure,65,128.87,0.9201
pressure,65,130.54,0.9923
pressure,65,132.22,1.0464
pressure,65,133.89,1.1546
pressure,65,135.56,1.2809
pressure,65,137.24,1.3892
pressure,65,138.91,1.5515
pressure,65,140.59,1.7139
pressure,65,142.26,1.8943
pressure,65,143.93,2.0928
pressure,65,145.61,2.2912
pressure,65,147.28,2.4897
pressure,65,148.95,2.7242
pressure,65,150.63,2.9407
pressure,65,152.30,3.1933
pressure,65,153.97,3.4459
pressure,65,155.65,3.6804
pressure,65,157.32,3.9510
pressure,65,159.00,5.0696
pressure,65,160.67,5.3582
pressure,65,162.34,5.6469
pressure,65,164.02,5.9536
pressure,65,165.69,6.2603
pressure,65,167.36,6.5670
pressure,65,169.04,6.8918
pressure,65,170.71,7.1624
pressure,65,172.38,7.4691
pressure,65,174.06,7.7938
pressure,65,175.73,7.9381
pressure,65,177.41,8.0825
pressure,65,179.08,8.2088
pressure,65,180.75,8.4974
pressure,65,182.43,8.8041
pressure,65,184.10,9.0567
pressure,65,185.77,9.3634
pressure,65,187.45,9.6160
pressure,65,189.12,9.9046
pressure,65,190.79,10.1572
pressure,65,192.47,10.3918
pressure,65,194.14,10.6082
pressure,65,195.82,10.8428
pressure,65,197.49,11.0412
pressure,65,199.16,11.2216
pressure,65,200.84,11.4021
pressure,65,202.51,11.5464
pressure,65,204.18,11.6907
pressure,65,205.86,11.7990
pressure,65,207.53,11.9433
pressure,65,209.21,12.0335
pressure,65,210.88,12.1418
pressure,65,212.55,12.1959
pressure,65,214.23,12.2861
pressure,65,215.90,12.3763
pressure,65,217.57,12.4304
pressure,65,219.25,12.4845
pressure,65,220.92,12.5206
pressure,65,222.59,12.5567
pressure,65,224.27,12.5928
pressure,65,225.94,12.6289
pressure,65,227.62,12.6469
pressure,65,229.29,12.6830
pressure,65,230.96,12.7010
pressure,65,232.64,12.7191
pressure,65,234.31,12.7191
pressure,65,235.98,12.7371
pressure,65,237.66,12.7552
pressure,65,239.33,12.7552
pressure,65,241.00,12.7552
pressure,65,242.68,12.7732
pressure,65,244.35,12.7732
pressure,65,246.03,12.7732
pressure,65,247.70,12.7732
pressure,65,249.37,12.7732
pressure,65,251.05,12.7732
pressure,65,252.72,12.7552
pressure,65,254.39,12.7552
pressure,65,256.07,12.7552
pressure,65,257.74,12.7552
pressure,65,259.41,12.7552
pressure,65,261.09,12.7371
pressure,65,262.76,12.7371
pressure,65,264.44,12.7371
pressure,65,266.11,12.7371
pressure,65,267.78,12.7191
pressure,65,269.46,12.7191
pressure,65,271.13,12.7191
pressure,65,272.80,12.7010
pressure,65,274.48,12.7010
pressure,65,276.15,12.6830
pressure,65,277.82,12.6830
pressure,65,279.50,12.6830
pressure,65,281.17,12.6649
pressure,65,282.85,12.6649
pressure,65,284.52,12.6469
pressure,65,286.19,12.6469
pressure,65,287.87,12.6469
pressure,65,289.54,12.6469
pressure,65,291.21,12.6289
pressure,65,292.89,12.6108
pressure,65,294.56,12.6108
pressure,65,296.23,12.6108
pressure,65,297.91,12.5928
pressure,65,299.58,12.5928
pressure,65,301.26,12.5928
pressure,65,302.93,12.5747
pressure,65,304.60,12.5747
pressure,65,306.28,12.5567
pressure,65,307.95,12.5567
pressure,65,309.62,12.5567
pressure,65,311.30,12.5387
pressure,65,312.97,12.5387
pressure,65,314.64,12.5206
pressure,65,316.32,12.5206
pressure,65,317.99,12.5026
pressure,65,319.67,12.5026
pressure,65,321.34,12.4845
pressure,65,323.01,12.4845
pressure,65,324.69,12.4845
pressure,65,326.36,12.4665
pressure,65,328.03,12.4665
pressure,65,329.71,12.4485
pressure,65,331.38,12.4485
pressure,65,333.05,12.4304
pressure,65,334.73,12.4304
pressure,65,336.40,12.4124
pressure,65,338.08,12.3943
pressure,65,339.75,12.3763
pressure,65,341.42,12.3582
pressure,65,343.10,12.3402
pressure,65,344.77,12.3041
pressure,65,346.44,12.3041
pressure,65,348.12,12.2680
pressure,65,349.79,12.2320
pressure,65,351.46,12.1959
pressure,65,353.14,12.1778
pressure,65,354.81,12.1598
pressure,65,356.49,12.1237
pressure,65,358.16,12.0876
pressure,65,359.83,12.0515
pressure,65,361.51,12.0155
pressure,65,363.18,11.9794
pressure,65,364.85,11.9613
pressure,65,366.53,11.9253
pressure,65,368.20,11.8892
pressure,65,369.87,11.8351
pressure,65,371.55,11.7990
pressure,65,373.22,11.7629
pressure,65,374.90,11.7268
pressure,65,376.57,11.6727
pressure,65,378.24,11.6366
pressure,65,379.92,11.6005
pressure,65,381.59,11.5464
pressure,65,383.26,11.5103
pressure,65,384.94,11.4742
pressure,65,386.61,11.2938
pressure,65,388.28,11.2397
pressure,65,389.96,11.2036
pressure,65,391.63,11.1495
pressure,65,393.31,11.0954
pressure,65,394.98,11.0593
pressure,65,396.65,10.9871
pressure,65,398.33,10.9510
pressure,65,400.00,10.8789
pressure,65,401.67,10.8428
pressure,65,403.35,10.7706
pressure,65,405.02,10.7345
pressure,65,406.69,10.6443
pressure,65,408.37,10.5361
pressure,65,410.04,10.3737
pressure,65,411.72,10.1572
pressure,65,413.39,9.8325
pressure,65,415.06,9.5077
pressure,65,416.74,9.0567
pressure,65,418.41,8.6237
pressure,65,420.08,8.1366
pressure,65,421.76,7.6495
pressure,65,423.43,7.1985
pressure,65,425.10,6.7835
pressure,65,426.78,6.3866
pressure,65,428.45,5.9897
pressure,65,430.13,5.6469
pressure,65,431.80,5.3041
pressure,65,433.47,4.9974
pressure,65,435.15,4.7088
pressure,65,436.82,4.4201
pressure,65,438.49,4.1495
pressure,65,440.17,3.9149
pressure,65,441.84,3.6804
pressure,65,443.51,3.4639
pressure,65,445.19,3.2474
pressure,65,446.86,3.0490
pressure,65,448.54,2.8686
pressure,65,450.21,2.7062
pressure,65,451.88,2.5438
pressure,65,453.56,2.3995
pressure,65,455.23,2.2552
pressure,65,456.90,2.1289
pressure,65,458.58,1.9845
pressure,65,460.25,1.8582
pressure,65,461.92,1.7680
pressure,65,463.60,1.6598
pressure,65,465.27,1.5696
pressure,65,466.95,1.4613
pressure,65,468.62,1.3711
pressure,65,470.29,1.2990
pressure,65,471.97,1.2268
pressure,65,473.64,1.1546
pressure,65,475.31,1.0825
pressure,65,476.99,1.0103
pressure,65,478.66,0.9562
pressure,65,480.33,0.9021
pressure,65,482.01,0.8479
pressure,65,483.68,0.8119
pressure,65,485.36,0.7397
pressure,65,487.03,0.7036
pressure,65,488.70,0.6675
pressure,65,490.38,0.6134
pressure,65,492.05,0.5773
pressure,65,493.72,0.5593
pressure,65,495.40,0.5412
pressure,65,497.07,0.5232
pressure,65,498.74,0.5232
pressure,65,500.42,0.5232
pressure,65,502.09,0.5052
pressure,65,503.77,0.5052
pressure,65,505.44,0.5052
pressure,65,507.11,0.4871
pressure,65,508.79,0.4871
pressure,65,510.46,0.4871
pressure,65,512.13,0.4871
pressure,65,513.81,0.4871
pressure,65,515.48,0.4691
pressure,65,517.15,0.4691
pressure,65,518.83,0.4691
pressure,65,520.50,0.4691
pressure,65,522.18,0.4691
pressure,65,523.85,0.4691
pressure,65,525.52,0.4691
pressure,65,527.20,0.4691
pressure,65,528.87,0.4691
pressure,65,530.54,0.4691
pressure,65,532.22,0.4691
pressure,65,533.89,0.4691
pressure,65,535.56,0.4691
pressure,65,537.24,0.4691
pressure,65,538.91,0.4691
pressure,65,540.59,0.4691
pressure,65,542.26,0.4691
pressure,65,543.93,0.4871
pressure,65,545.61,0.4871
pressure,65,547.28,0.4871
pressure,65,548.95,0.4871
pressure,65,550.63,0.4871
pressure,65,552.30,0.4871
pressure,65,553.97,0.4871
pressure,65,555.65,0.4871
pressure,65,557.32,0.4871
pressure,65,559.00,0.5052
pressure,65,560.67,0.5052
pressure,65,562.34,0.5052
pressure,65,564.02,0.5052
pressure,65,565.69,0.5052
pressure,65,567.36,0.5052
pressure,65,569.04,0.5052
pressure,65,570.71,0.5052
pressure,65,572.38,0.5052
pressure,65,574.06,0.5052
pressure,65,575.73,0.5232
pressure,65,577.41,0.5232
pressure,65,579.08,0.5232
pressure,65,580.75,0.5232
pressure,65,582.43,0.5232
pressure,65,584.10,0.5232
pressure,65,585.77,0.5232
pressure,65,587.45,0.5232
pressure,65,589.12,0.5232
pressure,65,590.79,0.5232
pressure,65,592.47,0.5232
pressure,65,594.14,0.5232
pressure,65,595.82,0.5232
pressure,65,597.49,0.5232
pressure,65,599.16,0.5412
pressure,65,600.84,0.5412
pressure,65,602.51,0.5412
pressure,65,604.18,0.5412
pressure,65,605.86,0.5412
pressure,65,607.53,0.5412
pressure,65,609.21,0.5412
pressure,65,610.88,0.5412
pressure,65,612.55,0.5412
pressure,65,614.23,0.5412
pressure,65,615.90,0.5412
pressure,65,617.57,0.5412
pressure,65,619.25,0.5412
pressure,65,620.92,0.5412
pressure,65,622.59,0.5412
pressure,65,624.27,0.5412
pressure,65,625.94,0.5412
pressure,65,627.62,0.5412
pressure,65,629.29,0.5412
pressure,65,630.96,0.5412
pressure,65,632.64,0.5412
pressure,65,634.31,0.5412
pressure,65,635.98,0.5412
pressure,65,637.66,0.5412
pressure,65,639.33,0.5412
pressure,65,641.00,0.5412
pressure,65,642.68,0.5412
pressure,65,644.35,0.5412
pressure,65,646.03,0.5412
pressure,65,647.70,0.5412
pressure,65,649.37,0.5412
pressure,65,651.05,0.5412
pressure,65,652.72,0.5412
pressure,65,654.39,0.5412
pressure,65,656.07,0.5412
pressure,65,657.74,0.5412
pressure,65,659.41,0.5412
pressure,65,661.09,0.5412
pressure,65,662.76,0.5412
pressure,65,664.44,0.5412
pressure,65,666.11,0.5593
pressure,65,667.78,0.5593
pressure,65,669.46,0.5593
pressure,65,671.13,0.5773
pressure,65,672.80,0.5773
pressure,65,674.48,0.5954
pressure,65,676.15,0.5954
pressure,65,677.82,0.6134
pressure,65,679.50,0.6134
pressure,65,681.17,0.6314
pressure,65,682.85,0.6314
pressure,65,684.52,0.6495
pressure,65,686.19,0.6495
pressure,65,687.87,0.6675
pressure,65,689.54,0.6675
pressure,65,691.21,0.6856
pressure,65,692.89,0.6856
pressure,65,694.56,0.7036
pressure,65,696.23,0.7036
pressure,65,697.91,0.7216
pressure,65,699.58,0.7397
pressure,65,701.26,0.7397
pressure,65,702.93,0.7397
pressure,65,704.60,0.7577
pressure,65,706.28,0.7758
pressure,65,707.95,0.7758
pressure,65,709.62,0.7758
pressure,65,711.30,0.7938
pressure,65,712.97,0.8119
pressure,65,714.64,0.8119
pressure,65,716.32,0.8299
pressure,65,717.99,0.8479
pressure,65,719.67,0.8479
pressure,65,721.34,0.8479
pressure,65,723.01,0.8660
pressure,65,724.69,0.8660
pressure,65,726.36,0.8660
pressure,65,728.03,0.8660
pressure,65,729.71,0.8660
pressure,65,731.38,0.8660
pressure,65,733.05,0.8660
pressure,65,734.73,0.8660
pressure,65,736.40,0.8660
pressure,65,738.08,0.8660
pressure,65,739.75,0.8660
pressure,65,741.42,0.8660
pressure,65,743.10,0.8660
pressure,65,744.77,0.8660
pressure,65,746.44,0.8660
pressure,65,748.12,0.8660
pressure,65,749.79,0.8840
pressure,65,751.46,0.8840
pressure,65,753.14,0.8840
pressure,65,754.81,0.8840
pressure,65,756.49,0.8840
pressure,65,758.16,0.8840
pressure,65,759.83,0.8840
pressure,65,761.51,0.8840
pressure,65,763.18,0.8840
pressure,65,764.85,0.8840
pressure,65,766.53,0.8840
pressure,65,768.20,0.8840
pressure,65,769.87,0.8840
pressure,65,771.55,0.8840
pressure,65,773.22,0.8840
pressure,65,774.90,0.8840
pressure,65,776.57,0.8840
pressure,65,778.24,0.8840
pressure,65,779.92,0.8840
pressure,65,781.59,0.8840
pressure,65,783.26,0.8840
pressure,65,784.94,0.8840
pressure,65,786.61,0.8840
pressure,65,788.28,0.8840
pressure,65,789.96,0.8840
pressure,65,791.63,0.8840
pressure,65,793.31,0.8840
pressure,65,794.98,0.8840
pressure,65,796.65,0.8840
pressure,65,798.33,0.8840
pressure,65,800.00,0.8840
pressure,72,0.00,0.8840
pressure,72,1.67,0.8840
pressure,72,3.35,0.8840
pressure,72,5.02,0.8840
pressure,72,6.69,0.8840
pressure,72,8.37,0.8840
pressure,72,10.04,0.8840
pressure,72,11.72,0.8840
pressure,72,13.39,0.8840
pressure,72,15.06,0.8840
pressure,72,16.74,0.8840
pressure,72,18.41,0.8840
pressure,72,20.08,0.8840
pressure,72,21.76,0.8840
pressure,72,23.43,0.8840
pressure,72,25.10,0.8840
pressure,72,26.78,0.8840
pressure,72,28.45,0.8840
pressure,72,30.13,0.8840
pressure,72,31.80,0.8840
pressure,72,33.47,0.8840
pressure,72,35.15,0.8840
pressure,72,36.82,0.8840
pressure,72,38.49,0.8840
pressure,72,40.17,0.8840
pressure,72,41.84,0.8840
pressure,72,43.51,0.8840
pressure,72,45.19,0.8840
pressure,72,46.86,0.8840
pressure,72,48.54,0.8840
pressure,72,50.21,0.8840
pressure,72,51.88,0.8840
pressure,72,53.56,0.8840
pressure,72,55.23,0.8840
pressure,72,56.90,0.8840
pressure,72,58.58,0.8840
pressure,72,60.25,0.8840
pressure,72,61.92,0.8840
pressure,72,63.60,0.8840
pressure,72,65.27,0.8840
pressure,72,66.95,0.8840
pressure,72,68.62,0.8840
pressure,72,70.29,0.8840
pressure,72,71.97,0.8840
pressure,72,73.64,0.8840
pressure,72,75.31,0.8840
pressure,72,76.99,0.8840
pressure,72,78.66,0.8840
pressure,72,80.33,0.8840
pressure,72,82.01,0.8840
pressure,72,83.68,0.8840
pressure,72,85.36,0.8840
pressure,72,87.03,0.8840
pressure,72,88.70,0.8840
pressure,72,90.38,0.8840
pressure,72,92.05,0.8840
pressure,72,93.72,0.8840
pressure,72,95.40,0.8840
pressure,72,97.07,0.8840
pressure,72,98.74,0.8840
pressure,72,100.42,0.8840
pressure,72,102.09,0.8840
pressure,72,103.77,0.8840
pressure,72,105.44,0.8840
pressure,72,107.11,0.8840
pressure,72,108.79,0.8840
pressure,72,110.46,0.8840
pressure,72,112.13,0.8840
pressure,72,113.81,0.8840
pressure,72,115.48,0.8840
pressure,72,117.15,0.8840
pressure,72,118.83,0.8840
pressure,72,120.50,0.8840
pressure,72,122.18,0.8840
pressure,72,123.85,0.8840
pressure,72,125.52,0.8840
pressure,72,127.20,0.8840
pressure,72,128.87,0.9201
pressure,72,130.54,0.9923
pressure,72,132.22,1.0464
pressure,72,133.89,1.1546
pressure,72,135.56,1.2809
pressure,72,137.24,1.3892
pressure,72,138.91,1.5515
pressure,72,140.59,1.7139
pressure,72,142.26,1.8943
pressure,72,143.93,2.0928
pressure,72,145.61,2.2912
pressure,72,147.28,2.4897
pressure,72,148.95,2.7242
pressure,72,150.63,2.9407
pressure,72,152.30,3.1933
pressure,72,153.97,3.4459
pressure,72,155.65,3.6804
pressure,72,157.32,3.9510
pressure,72,159.00,4.1856
pressure,72,160.67,4.4562
pressure,72,162.34,4.7088
pressure,72,164.02,4.9794
pressure,72,165.69,5.2680
pressure,72,167.36,5.5206
pressure,72,169.04,5.8093
pressure,72,170.71,6.0619
pressure,72,172.38,6.3505
pressure,72,174.06,6.6392
pressure,72,175.73,6.9098
pressure,72,177.41,7.1985
pressure,72,179.08,7.4691
pressure,72,180.75,7.7397
pressure,72,182.43,8.0284
pressure,72,184.10,8.3170
pressure,72,185.77,8.5876
pressure,72,187.45,8.8402
pressure,72,189.12,9.1289
pressure,72,190.79,9.3995
pressure,72,192.47,9.6340
pressure,72,194.14,9.8866
pressure,72,195.82,10.1392
pressure,72,197.49,10.3737
pressure,72,199.16,10.5722
pressure,72,200.84,10.7887
pressure,72,202.51,10.9510
pressure,72,204.18,11.1314
pressure,72,205.86,11.2938
pressure,72,207.53,11.4381
pressure,72,209.21,11.5825
pressure,72,210.88,11.6907
pressure,72,212.55,11.7990
pressure,72,214.23,11.8892
pressure,72,215.90,11.9794
pressure,72,217.57,12.0335
pressure,72,219.25,12.1057
pressure,72,220.92,12.1598
pressure,72,222.59,12.2139
pressure,72,224.27,12.2500
pressure,72,225.94,12.2861
pressure,72,227.62,12.3222
pressure,72,229.29,12.3402
pressure,72,230.96,12.3763
pressure,72,232.64,12.3943
pressure,72,234.31,12.4304
pressure,72,235.98,12.4304
pressure,72,237.66,12.4304
pressure,72,239.33,12.4665
pressure,72,241.00,12.4665
pressure,72,242.68,12.4665
pressure,72,244.35,12.4665
pressure,72,246.03,12.4845
pressure,72,247.70,12.5026
pressure,72,249.37,12.5026
pressure,72,251.05,12.5026
pressure,72,252.72,12.5026
pressure,72,254.39,12.5026
pressure,72,256.07,12.5026
pressure,72,257.74,12.5026
pressure,72,259.41,12.5026
pressure,72,261.09,12.5026
pressure,72,262.76,12.5026
pressure,72,264.44,12.5026
pressure,72,266.11,12.5026
pressure,72,267.78,12.4845
pressure,72,269.46,12.4665
pressure,72,271.13,12.4665
pressure,72,272.80,12.4665
pressure,72,274.48,12.4665
pressure,72,276.15,12.4665
pressure,72,277.82,12.4665
pressure,72,279.50,12.4665
pressure,72,281.17,12.4665
pressure,72,282.85,12.4485
pressure,72,284.52,12.4304
pressure,72,286.19,12.4304
pressure,72,287.87,12.4304
pressure,72,289.54,12.4304
pressure,72,291.21,12.4304
pressure,72,292.89,12.4304
pressure,72,294.56,12.4124
pressure,72,296.23,12.3943
pressure,72,297.91,12.3943
pressure,72,299.58,12.3943
pressure,72,301.26,12.3943
pressure,72,302.93,12.3943
pressure,72,304.60,12.3943
pressure,72,306.28,12.3763
pressure,72,307.95,12.3582
pressure,72,309.62,12.3582
pressure,72,311.30,12.3582
pressure,72,312.97,12.3582
pressure,72,314.64,12.3582
pressure,72,316.32,12.3582
pressure,72,317.99,12.3402
pressure,72,319.67,12.3222
pressure,72,321.34,12.3222
pressure,72,323.01,12.3222
pressure,72,324.69,12.3222
pressure,72,326.36,12.3222
pressure,72,328.03,12.3222
pressure,72,329.71,12.3041
pressure,72,331.38,12.2861
pressure,72,333.05,12.2861
pressure,72,334.73,12.2861
pressure,72,336.40,12.2500
pressure,72,338.08,12.2500
pressure,72,339.75,12.2320
pressure,72,341.42,12.2139
pressure,72,343.10,12.1778
pressure,72,344.77,12.1598
pressure,72,346.44,12.1418
pressure,72,348.12,12.1057
pressure,72,349.79,12.0876
pressure,72,351.46,12.0515
pressure,72,353.14,12.0335
pressure,72,354.81,11.9974
pressure,72,356.49,11.9794
pressure,72,358.16,11.9433
pressure,72,359.83,11.9072
pressure,72,361.51,11.8711
pressure,72,363.18,11.8351
pressure,72,364.85,11.7990
pressure,72,366.53,11.7629
pressure,72,368.20,11.7268
pressure,72,369.87,11.6907
pressure,72,371.55,11.6546
pressure,72,373.22,11.6186
pressure,72,374.90,11.5825
pressure,72,376.57,11.5464
pressure,72,378.24,11.5103
pressure,72,379.92,11.4742
pressure,72,381.59,11.4381
pressure,72,383.26,11.3660
pressure,72,384.94,11.3299
pressure,72,386.61,11.2938
pressure,72,388.28,11.2397
pressure,72,389.96,11.2036
pressure,72,391.63,11.1495
pressure,72,393.31,11.0954
pressure,72,394.98,11.0593
pressure,72,396.65,10.9871
pressure,72,398.33,10.9510
pressure,72,400.00,10.8789
pressure,72,401.67,10.8428
pressure,72,403.35,10.7706
pressure,72,405.02,10.7345
pressure,72,406.69,10.6443
pressure,72,408.37,10.5361
pressure,72,410.04,10.3737
pressure,72,411.72,10.1572
pressure,72,413.39,9.8325
pressure,72,415.06,9.5077
pressure,72,416.74,9.0567
pressure,72,418.41,8.6237
pressure,72,420.08,8.1366
pressure,72,421.76,7.6495
pressure,72,423.43,7.1985
pressure,72,425.10,6.7835
pressure,72,426.78,6.3866
pressure,72,428.45,5.9897
pressure,72,430.13,5.6469
pressure,72,431.80,5.3041
pressure,72,433.47,4.9974
pressure,72,435.15,4.7088
pressure,72,436.82,4.4201
pressure,72,438.49,4.1495
pressure,72,440.17,3.9149
pressure,72,441.84,3.6804
pressure,72,443.51,3.4639
pressure,72,445.19,3.2474
pressure,72,446.86,3.0490
pressure,72,448.54,2.8686
pressure,72,450.21,2.7062
pressure,72,451.88,2.5438
pressure,72,453.56,2.3995
pressure,72,455.23,2.2552
pressure,72,456.90,2.1289
pressure,72,458.58,1.9845
pressure,72,460.25,1.8582
pressure,72,461.92,1.7680
pressure,72,463.60,1.6598
pressure,72,465.27,1.5696
pressure,72,466.95,1.4613
pressure,72,468.62,1.3711
pressure,72,470.29,1.2990
pressure,72,471.97,1.2268
pressure,72,473.64,1.1546
pressure,72,475.31,1.0825
pressure,72,476.99,1.0103
pressure,72,478.66,0.9562
pressure,72,480.33,0.9021
pressure,72,482.01,0.8479
pressure,72,483.68,0.8119
pressure,72,485.36,0.7397
pressure,72,487.03,0.7036
pressure,72,488.70,0.6675
pressure,72,490.38,0.6134
pressure,72,492.05,0.5773
pressure,72,493.72,0.5593
pressure,72,495.40,0.5412
pressure,72,497.07,0.5232
pressure,72,498.74,0.5232
pressure,72,500.42,0.5232
pressure,72,502.09,0.5052
pressure,72,503.77,0.5052
pressure,72,505.44,0.5052
pressure,72,507.11,0.4871
pressure,72,508.79,0.4871
pressure,72,510.46,0.4871
pressure,72,512.13,0.4871
pressure,72,513.81,0.4871
pressure,72,515.48,0.4691
pressure,72,517.15,0.4691
pressure,72,518.83,0.4691
pressure,72,520.50,0.4691
pressure,72,522.18,0.4691
pressure,72,523.85,0.4691
pressure,72,525.52,0.4691
pressure,72,527.20,0.4691
pressure,72,528.87,0.4691
pressure,72,530.54,0.4691
pressure,72,532.22,0.4691
pressure,72,533.89,0.4691
pressure,72,535.56,0.4691
pressure,72,537.24,0.4691
pressure,72,538.91,0.4691
pressure,72,540.59,0.4691
pressure,72,542.26,0.4691
pressure,72,543.93,0.4871
pressure,72,545.61,0.4871
pressure,72,547.28,0.4871
pressure,72,548.95,0.4871
pressure,72,550.63,0.4871
pressure,72,552.30,0.4871
pressure,72,553.97,0.4871
pressure,72,555.65,0.4871
pressure,72,557.32,0.4871
pressure,72,559.00,0.5052
pressure,72,560.67,0.5052
pressure,72,562.34,0.5052
pressure,72,564.02,0.5052
pressure,72,565.69,0.5052
pressure,72,567.36,0.5052
pressure,72,569.04,0.5052
pressure,72,570.71,0.5052
pressure,72,572.38,0.5052
pressure,72,574.06,0.5052
pressure,72,575.73,0.5232
pressure,72,577.41,0.5232
pressure,72,579.08,0.5232
pressure,72,580.75,0.5232
pressure,72,582.43,0.5232
pressure,72,584.10,0.5232
pressure,72,585.77,0.5232
pressure,72,587.45,0.5232
pressure,72,589.12,0.5232
pressure,72,590.79,0.5232
pressure,72,592.47,0.5232
pressure,72,594.14,0.5232
pressure,72,595.82,0.5232
pressure,72,597.49,0.5232
pressure,72,599.16,0.5412
pressure,72,600.84,0.5412
pressure,72,602.51,0.5412
pressure,72,604.18,0.5412
pressure,72,605.86,0.5412
pressure,72,607.53,0.5412
pressure,72,609.21,0.5412
pressure,72,610.88,0.5412
pressure,72,612.55,0.5412
pressure,72,614.23,0.5412
pressure,72,615.90,0.5412
pressure,72,617.57,0.5412
pressure,72,619.25,0.5412
pressure,72,620.92,0.5412
pressure,72,622.59,0.5412
pressure,72,624.27,0.5412
pressure,72,625.94,0.5412
pressure,72,627.62,0.5412
pressure,72,629.29,0.5412
pressure,72,630.96,0.5412
pressure,72,632.64,0.5412
pressure,72,634.31,0.5412
pressure,72,635.98,0.5412
pressure,72,637.66,0.5412
pressure,72,639.33,0.5412
pressure,72,641.00,0.5412
pressure,72,642.68,0.5412
pressure,72,644.35,0.5412
pressure,72,646.03,0.5412
pressure,72,647.70,0.5412
pressure,72,649.37,0.5412
pressure,72,651.05,0.5412
pressure,72,652.72,0.5412
pressure,72,654.39,0.5412
pressure,72,656.07,0.5412
pressure,72,657.74,0.5412
pressure,72,659.41,0.5412
pressure,72,661.09,0.5412
pressure,72,662.76,0.5412
pressure,72,664.44,0.5412
pressure,72,666.11,0.5593
pressure,72,667.78,0.5593
pressure,72,669.46,0.5593
pressure,72,671.13,0.5773
pressure,72,672.80,0.5773
pressure,72,674.48,0.5954
pressure,72,676.15,0.5954
pressure,72,677.82,0.6134
pressure,72,679.50,0.6134
pressure,72,681.17,0.6314
pressure,72,682.85,0.6314
pressure,72,684.52,0.6495
pressure,72,686.19,0.6495
pressure,72,687.87,0.6675
pressure,72,689.54,0.6675
pressure,72,691.21,0.6856
pressure,72,692.89,0.6856
pressure,72,694.56,0.7036
pressure,72,696.23,0.7036
pressure,72,697.91,0.7216
pressure,72,699.58,0.7397
pressure,72,701.26,0.7397
pressure,72,702.93,0.7397
pressure,72,704.60,0.7577
pressure,72,706.28,0.7758
pressure,72,707.95,0.7758
pressure,72,709.62,0.7758
pressure,72,711.30,0.7938
pressure,72,712.97,0.8119
pressure,72,714.64,0.8119
pressure,72,716.32,0.8299
pressure,72,717.99,0.8479
pressure,72,719.67,0.8479
pressure,72,721.34,0.8479
pressure,72,723.01,0.8660
pressure,72,724.69,0.8660
pressure,72,726.36,0.8660
pressure,72,728.03,0.8660
pressure,72,729.71,0.8660
pressure,72,731.38,0.8660
pressure,72,733.05,0.8660
pressure,72,734.73,0.8660
pressure,72,736.40,0.8660
pressure,72,738.08,0.8660
pressure,72,739.75,0.8660
pressure,72,741.42,0.8660
pressure,72,743.10,0.8660
pressure,72,744.77,0.8660
pressure,72,746.44,0.8660
pressure,72,748.12,0.8660
pressure,72,749.79,0.8840
pressure,72,751.46,0.8840
pressure,72,753.14,0.8840
pressure,72,754.81,0.8840
pressure,72,756.49,0.8840
pressure,72,758.16,0.8840
pressure,72,759.83,0.8840
pressure,72,761.51,0.8840
pressure,72,763.18,0.8840
pressure,72,764.85,0.8840
pressure,72,766.53,0.8840
pressure,72,768.20,0.8840
pressure,72,769.87,0.8840
pressure,72,771.55,0.8840
pressure,72,773.22,0.8840
pressure,72,774.90,0.8840
pressure,72,776.57,0.8840
pressure,72,778.24,0.8840
pressure,72,779.92,0.8840
pressure,72,781.59,0.8840
pressure,72,783.26,0.8840
pressure,72,784.94,0.8840
pressure,72,786.61,0.8840
pressure,72,788.28,0.8840
pressure,72,789.96,0.8840
pressure,72,791.63,0.8840
pressure,72,793.31,0.8840
pressure,72,794.98,0.8840
pressure,72,796.65,0.8840
pressure,72,798.33,0.8840
pressure,72,800.00,0.8840
volume,58,0.00,121.4433
volume,58,1.67,121.4433
volume,58,3.35,121.4433
volume,58,5.02,121.4433
volume,58,6.69,121.4433
volume,58,8.37,121.4433
volume,58,10.04,121.4433
volume,58,11.72,121.4433
volume,58,13.39,121.4433
volume,58,15.06,121.4433
volume,58,16.74,121.4433
volume,58,18.41,121.4433
volume,58,20.08,121.4433
volume,58,21.76,121.4433
volume,58,23.43,121.4433
volume,58,25.10,121.4433
volume,58,26.78,121.4433
volume,58,28.45,121.4433
volume,58,30.13,121.4433
volume,58,31.80,121.4433
volume,58,33.47,121.4433
volume,58,35.15,121.4433
volume,58,36.82,121.4433
volume,58,38.49,121.4433
volume,58,40.17,121.4433
volume,58,41.84,121.4433
volume,58,43.51,121.4433
volume,58,45.19,121.4433
volume,58,46.86,121.4433
volume,58,48.54,121.4433
volume,58,50.21,121.4433
volume,58,51.88,121.4433
volume,58,53.56,121.4433
volume,58,55.23,121.4433
volume,58,56.90,121.4433
volume,58,58.58,121.4433
volume,58,60.25,121.4433
volume,58,61.92,121.4433
volume,58,63.60,121.4433
volume,58,65.27,121.4433
volume,58,66.95,121.4433
volume,58,68.62,121.4433
volume,58,70.29,121.4433
volume,58,71.97,121.4433
volume,58,73.64,121.4433
volume,58,75.31,121.4433
volume,58,76.99,121.4433
volume,58,78.66,121.4433
volume,58,80.33,121.4433
volume,58,82.01,121.4433
volume,58,83.68,121.4433
volume,58,85.36,121.4433
volume,58,87.03,121.4433
volume,58,88.70,121.4433
volume,58,90.38,121.4433
volume,58,92.05,121.4433
volume,58,93.72,121.4433
volume,58,95.40,121.4433
volume,58,97.07,121.4433
volume,58,98.74,121.4433
volume,58,100.42,121.4433
volume,58,102.09,121.4433
volume,58,103.77,121.4433
volume,58,105.44,121.4433
volume,58,107.11,121.4433
volume,58,108.79,121.4433
volume,58,110.46,121.4433
volume,58,112.13,121.4433
volume,58,113.81,121.4433
volume,58,115.48,121.4433
volume,58,117.15,121.4433
volume,58,118.83,121.4433
volume,58,120.50,121.4433
volume,58,122.18,121.4433
volume,58,123.85,121.4433
volume,58,125.52,121.4433
volume,58,127.20,121.4433
volume,58,128.87,121.4433
volume,58,130.54,121.4433
volume,58,132.22,121.4433
volume,58,133.89,121.4433
volume,58,135.56,121.4433
volume,58,137.24,121.4433
volume,58,138.91,121.4433
volume,58,140.59,121.4433
volume,58,142.26,121.4433
volume,58,143.93,121.4433
volume,58,145.61,121.4433
volume,58,147.28,121.4433
volume,58,148.95,121.4433
volume,58,150.63,121.4433
volume,58,152.30,121.4433
volume,58,153.97,121.4433
volume,58,155.65,121.4433
volume,58,157.32,121.4433
volume,58,159.00,121.4433
volume,58,160.67,121.4433
volume,58,162.34,121.4433
volume,58,164.02,121.4433
volume,58,165.69,121.4433
volume,58,167.36,121.0309
volume,58,169.04,121.0309
volume,58,170.71,120.8247
volume,58,172.38,120.6186
volume,58,174.06,120.4124
volume,58,175.73,120.0000
volume,58,177.41,119.5876
volume,58,179.08,119.3814
volume,58,180.75,118.9691
volume,58,182.43,118.5567
volume,58,184.10,118.1443
volume,58,185.77,117.3196
volume,58,187.45,116.9072
volume,58,189.12,116.4948
volume,58,190.79,115.8763
volume,58,192.47,115.2577
volume,58,194.14,114.6392
volume,58,195.82,114.0206
volume,58,197.49,113.4021
volume,58,199.16,112.9897
volume,58,200.84,112.1649
volume,58,202.51,111.5464
volume,58,204.18,110.9278
volume,58,205.86,110.1031
volume,58,207.53,109.6907
volume,58,209.21,108.8660
volume,58,210.88,108.2474
volume,58,212.55,107.6289
volume,58,214.23,107.0103
volume,58,215.90,106.3918
volume,58,217.57,105.5670
volume,58,219.25,105.1546
volume,58,220.92,104.3299
volume,58,222.59,103.9175
volume,58,224.27,103.0928
volume,58,225.94,102.6804
volume,58,227.62,101.8557
volume,58,229.29,101.2371
volume,58,230.96,100.6186
volume,58,232.64,99.7938
volume,58,234.31,99.3814
volume,58,235.98,98.5567
volume,58,237.66,98.1443
volume,58,239.33,97.5258
volume,58,241.00,96.9072
volume,58,242.68,96.4948
volume,58,244.35,95.6701
volume,58,246.03,95.2577
volume,58,247.70,94.4330
volume,58,249.37,94.0206
volume,58,251.05,93.4021
volume,58,252.72,92.7835
volume,58,254.39,92.1649
volume,58,256.07,91.7526
volume,58,257.74,91.1340
volume,58,259.41,90.5155
volume,58,261.09,90.1031
volume,58,262.76,89.2784
volume,58,264.44,88.8660
volume,58,266.11,88.4536
volume,58,267.78,87.8351
volume,58,269.46,87.2165
volume,58,271.13,86.8041
volume,58,272.80,86.1856
volume,58,274.48,85.5670
volume,58,276.15,85.1546
volume,58,277.82,84.7423
volume,58,279.50,84.1237
volume,58,281.17,83.5052
volume,58,282.85,83.0928
volume,58,284.52,82.6804
volume,58,286.19,82.2680
volume,58,287.87,81.4433
volume,58,289.54,81.0309
volume,58,291.21,80.6186
volume,58,292.89,80.2062
volume,58,294.56,79.7938
volume,58,296.23,79.1753
volume,58,297.91,78.5567
volume,58,299.58,78.1443
volume,58,301.26,77.7320
volume,58,302.93,77.3196
volume,58,304.60,76.9072
volume,58,306.28,76.2887
volume,58,307.95,75.8763
volume,58,309.62,75.4639
volume,58,311.30,75.0515
volume,58,312.97,74.4330
volume,58,314.64,74.0206
volume,58,316.32,73.6082
volume,58,317.99,73.1959
volume,58,319.67,72.7835
volume,58,321.34,72.3711
volume,58,323.01,71.9588
volume,58,324.69,71.5464
volume,58,326.36,71.1340
volume,58,328.03,70.7216
volume,58,329.71,70.3093
volume,58,331.38,69.8969
volume,58,333.05,69.4845
volume,58,334.73,69.0722
volume,58,336.40,68.8660
volume,58,338.08,68.4536
volume,58,339.75,68.0412
volume,58,341.42,67.6289
volume,58,343.10,67.2165
volume,58,344.77,66.8041
volume,58,346.44,66.3918
volume,58,348.12,66.3918
volume,58,349.79,65.9794
volume,58,351.46,65.5670
volume,58,353.14,65.1546
volume,58,354.81,64.9485
volume,58,356.49,64.7423
volume,58,358.16,64.3299
volume,58,359.83,63.9175
volume,58,361.51,63.7113
volume,58,363.18,63.5052
volume,58,364.85,63.0928
volume,58,366.53,62.8866
volume,58,368.20,62.6804
volume,58,369.87,62.4742
volume,58,371.55,62.0619
volume,58,373.22,62.0619
volume,58,374.90,61.6495
volume,58,376.57,61.4433
volume,58,378.24,61.2371
volume,58,379.92,61.0309
volume,58,381.59,60.8247
volume,58,383.26,60.8247
volume,58,384.94,60.4124
volume,58,386.61,60.4124
volume,58,388.28,60.0000
volume,58,389.96,60.0000
volume,58,391.63,59.7938
volume,58,393.31,59.5876
volume,58,394.98,59.5876
volume,58,396.65,59.1753
volume,58,398.33,59.1753
volume,58,400.00,59.1753
volume,58,401.67,59.1753
volume,58,403.35,59.1753
volume,58,405.02,59.1753
volume,58,406.69,59.1753
volume,58,408.37,59.1753
volume,58,410.04,59.1753
volume,58,411.72,59.1753
volume,58,413.39,59.1753
volume,58,415.06,59.1753
volume,58,416.74,58.9691
volume,58,418.41,58.9691
volume,58,420.08,58.9691
volume,58,421.76,58.9691
volume,58,423.43,58.9691
volume,58,425.10,58.9691
volume,58,426.78,58.9691
volume,58,428.45,58.9691
volume,58,430.13,58.9691
volume,58,431.80,58.9691
volume,58,433.47,58.9691
volume,58,435.15,58.9691
volume,58,436.82,58.9691
volume,58,438.49,58.9691
volume,58,440.17,58.9691
volume,58,441.84,58.9691
volume,58,443.51,58.9691
volume,58,445.19,58.9691
volume,58,446.86,58.9691
volume,58,448.54,58.9691
volume,58,450.21,58.9691
volume,58,451.88,58.9691
volume,58,453.56,58.9691
volume,58,455.23,58.9691
volume,58,456.90,58.9691
volume,58,458.58,58.9691
volume,58,460.25,58.9691
volume,58,461.92,58.9691
volume,58,463.60,58.9691
volume,58,465.27,58.9691
volume,58,466.95,58.9691
volume,58,468.62,58.9691
volume,58,470.29,58.9691
volume,58,471.97,58.9691
volume,58,473.64,58.9691
volume,58,475.31,58.9691
volume,58,476.99,58.9691
volume,58,478.66,58.9691
volume,58,480.33,58.9691
volume,58,482.01,59.1753
volume,58,483.68,59.1753
volume,58,485.36,59.3814
volume,58,487.03,59.5876
volume,58,488.70,59.7938
volume,58,490.38,60.4124
volume,58,492.05,60.8247
volume,58,493.72,61.4433
volume,58,495.40,62.0619
volume,58,497.07,62.6804
volume,58,498.74,63.2990
volume,58,500.42,64.3299
volume,58,502.09,65.1546
volume,58,503.77,65.9794
volume,58,505.44,67.0103
volume,58,507.11,67.8351
volume,58,508.79,69.0722
volume,58,510.46,70.1031
volume,58,512.13,71.3402
volume,58,513.81,72.3711
volume,58,515.48,73.6082
volume,58,517.15,74.8454
volume,58,518.83,75.8763
volume,58,520.50,76.9072
volume,58,522.18,78.1443
volume,58,523.85,79.3814
volume,58,525.52,80.6186
volume,58,527.20,81.8557
volume,58,528.87,83.0928
volume,58,530.54,84.3299
volume,58,532.22,85.5670
volume,58,533.89,86.5979
volume,58,535.56,87.8351
volume,58,537.24,88.6598
volume,58,538.91,89.8969
volume,58,540.59,90.9278
volume,58,542.26,91.7526
volume,58,543.93,92.7835
volume,58,545.61,93.6082
volume,58,547.28,94.4330
volume,58,548.95,95.4639
volume,58,550.63,96.2887
volume,58,552.30,97.1134
volume,58,553.97,97.7320
volume,58,555.65,98.5567
volume,58,557.32,98.9691
volume,58,559.00,99.7938
volume,58,560.67,100.2062
volume,58,562.34,100.8247
volume,58,564.02,101.2371
volume,58,565.69,101.8557
volume,58,567.36,102.2680
volume,58,569.04,102.6804
volume,58,570.71,103.0928
volume,58,572.38,103.5052
volume,58,574.06,103.9175
volume,58,575.73,104.3299
volume,58,577.41,104.3299
volume,58,579.08,104.7423
volume,58,580.75,105.1546
volume,58,582.43,105.3608
volume,58,584.10,105.5670
volume,58,585.77,105.7732
volume,58,587.45,105.9794
volume,58,589.12,106.1856
volume,58,590.79,106.3918
volume,58,592.47,106.5979
volume,58,594.14,106.5979
volume,58,595.82,107.0103
volume,58,597.49,107.0103
volume,58,599.16,107.4227
volume,58,600.84,107.4227
volume,58,602.51,107.4227
volume,58,604.18,107.4227
volume,58,605.86,107.8351
volume,58,607.53,107.8351
volume,58,609.21,107.8351
volume,58,610.88,108.2474
volume,58,612.55,108.2474
volume,58,614.23,108.2474
volume,58,615.90,108.2474
volume,58,617.57,108.2474
volume,58,619.25,108.6598
volume,58,620.92,108.6598
volume,58,622.59,108.6598
volume,58,624.27,108.6598
volume,58,625.94,108.6598
volume,58,627.62,108.8660
volume,58,629.29,109.0722
volume,58,630.96,109.0722
volume,58,632.64,109.0722
volume,58,634.31,109.0722
volume,58,635.98,109.0722
volume,58,637.66,109.0722
volume,58,639.33,109.0722
volume,58,641.00,109.4845
volume,58,642.68,109.4845
volume,58,644.35,109.4845
volume,58,646.03,109.4845
volume,58,647.70,109.4845
volume,58,649.37,109.4845
volume,58,651.05,109.4845
volume,58,652.72,109.4845
volume,58,654.39,109.4845
volume,58,656.07,109.8969
volume,58,657.74,109.8969
volume,58,659.41,109.8969
volume,58,661.09,110.3093
volume,58,662.76,110.3093
volume,58,664.44,110.5155
volume,58,666.11,110.7216
volume,58,667.78,111.1340
volume,58,669.46,111.3402
volume,58,671.13,111.5464
volume,58,672.80,111.7526
volume,58,674.48,112.1649
volume,58,676.15,112.5773
volume,58,677.82,112.7835
volume,58,679.50,112.9897
volume,58,681.17,113.4021
volume,58,682.85,113.8144
volume,58,684.52,114.0206
volume,58,686.19,114.2268
volume,58,687.87,114.6392
volume,58,689.54,115.0515
volume,58,691.21,115.4639
volume,58,692.89,115.8763
volume,58,694.56,115.8763
volume,58,696.23,116.2887
volume,58,697.91,116.7010
volume,58,699.58,117.1134
volume,58,701.26,117.3196
volume,58,702.93,117.5258
volume,58,704.60,117.9381
volume,58,706.28,118.3505
volume,58,707.95,118.7629
volume,58,709.62,118.9691
volume,58,711.30,119.1753
volume,58,712.97,119.5876
volume,58,714.64,119.7938
volume,58,716.32,119.7938
volume,58,717.99,120.2062
volume,58,719.67,120.2062
volume,58,721.34,120.6186
volume,58,723.01,120.6186
volume,58,724.69,120.6186
volume,58,726.36,120.6186
volume,58,728.03,120.6186
volume,58,729.71,121.0309
volume,58,731.38,121.0309
volume,58,733.05,121.0309
volume,58,734.73,121.0309
volume,58,736.40,121.0309
volume,58,738.08,121.0309
volume,58,739.75,121.0309
volume,58,741.42,121.0309
volume,58,743.10,121.0309
volume,58,744.77,121.2371
volume,58,746.44,121.2371
volume,58,748.12,121.4433
volume,58,749.79,121.4433
volume,58,751.46,121.4433
volume,58,753.14,121.4433
volume,58,754.81,121.4433
volume,58,756.49,121.4433
volume,58,758.16,121.4433
volume,58,759.83,121.4433
volume,58,761.51,121.4433
volume,58,763.18,121.4433
volume,58,764.85,121.4433
volume,58,766.53,121.4433
volume,58,768.20,121.4433
volume,58,769.87,121.4433
volume,58,771.55,121.4433
volume,58,773.22,121.4433
volume,58,774.90,121.4433
volume,58,776.57,121.4433
volume,58,778.24,121.4433
volume,58,779.92,121.4433
volume,58,781.59,121.4433
volume,58,783.26,121.4433
volume,58,784.94,121.4433
volume,58,786.61,121.4433
volume,58,788.28,121.4433
volume,58,789.96,121.4433
volume,58,791.63,121.4433
volume,58,793.31,121.4433
volume,58,794.98,121.4433
volume,58,796.65,121.4433
volume,58,798.33,121.4433
volume,58,800.00,121.4433
volume,65,0.00,135.0515
volume,65,1.67,135.0515
volume,65,3.35,135.0515
volume,65,5.02,135.0515
volume,65,6.69,135.0515
volume,65,8.37,135.0515
volume,65,10.04,135.0515
volume,65,11.72,135.0515
volume,65,13.39,135.0515
volume,65,15.06,135.0515
volume,65,16.74,135.0515
volume,65,18.41,135.0515
volume,65,20.08,135.0515
volume,65,21.76,135.2577
volume,65,23.43,135.2577
volume,65,25.10,135.2577
volume,65,26.78,135.2577
volume,65,28.45,135.2577
volume,65,30.13,135.2577
volume,65,31.80,135.2577
volume,65,33.47,135.2577
volume,65,35.15,135.2577
volume,65,36.82,135.2577
volume,65,38.49,135.2577
volume,65,40.17,135.2577
volume,65,41.84,135.2577
volume,65,43.51,135.2577
volume,65,45.19,135.2577
volume,65,46.86,135.2577
volume,65,48.54,135.2577
volume,65,50.21,135.2577
volume,65,51.88,135.2577
volume,65,53.56,135.2577
volume,65,55.23,135.2577
volume,65,56.90,135.2577
volume,65,58.58,135.2577
volume,65,60.25,135.2577
volume,65,61.92,135.2577
volume,65,63.60,135.2577
volume,65,65.27,135.2577
volume,65,66.95,135.2577
volume,65,68.62,135.2577
volume,65,70.29,135.2577
volume,65,71.97,135.2577
volume,65,73.64,135.2577
volume,65,75.31,135.2577
volume,65,76.99,135.2577
volume,65,78.66,135.2577
volume,65,80.33,135.2577
volume,65,82.01,135.2577
volume,65,83.68,135.2577
volume,65,85.36,135.2577
volume,65,87.03,135.2577
volume,65,88.70,135.2577
volume,65,90.38,135.2577
volume,65,92.05,135.2577
volume,65,93.72,135.2577
volume,65,95.40,135.2577
volume,65,97.07,135.2577
volume,65,98.74,135.2577
volume,65,100.42,135.2577
volume,65,102.09,135.2577
volume,65,103.77,135.2577
volume,65,105.44,135.2577
volume,65,107.11,135.2577
volume,65,108.79,135.2577
volume,65,110.46,135.2577
volume,65,112.13,135.2577
volume,65,113.81,135.2577
volume,65,115.48,135.2577
volume,65,117.15,135.2577
volume,65,118.83,135.2577
volume,65,120.50,135.2577
volume,65,122.18,135.2577
volume,65,123.85,135.2577
volume,65,125.52,135.2577
volume,65,127.20,135.2577
volume,65,128.87,135.2577
volume,65,130.54,135.2577
volume,65,132.22,135.2577
volume,65,133.89,135.2577
volume,65,135.56,135.2577
volume,65,137.24,135.2577
volume,65,138.91,135.2577
volume,65,140.59,135.2577
volume,65,142.26,135.2577
volume,65,143.93,135.2577
volume,65,145.61,135.2577
volume,65,147.28,135.2577
volume,65,148.95,135.0515
volume,65,150.63,135.0515
volume,65,152.30,135.0515
volume,65,153.97,135.0515
volume,65,155.65,135.0515
volume,65,157.32,135.0515
volume,65,159.00,135.0515
volume,65,160.67,135.0515
volume,65,162.34,135.0515
volume,65,164.02,135.0515
volume,65,165.69,135.0515
volume,65,167.36,135.0515
volume,65,169.04,134.8454
volume,65,170.71,134.8454
volume,65,172.38,134.6392
volume,65,174.06,134.4330
volume,65,175.73,134.2268
volume,65,177.41,133.8144
volume,65,179.08,133.6082
volume,65,180.75,133.1959
volume,65,182.43,132.7835
volume,65,184.10,132.3711
volume,65,185.77,131.9588
volume,65,187.45,131.5464
volume,65,189.12,130.9278
volume,65,190.79,130.5155
volume,65,192.47,129.8969
volume,65,194.14,129.2784
volume,65,195.82,128.8660
volume,65,197.49,128.2474
volume,65,199.16,127.6289
volume,65,200.84,127.2165
volume,65,202.51,126.3918
volume,65,204.18,125.9794
volume,65,205.86,125.1546
volume,65,207.53,124.7423
volume,65,209.21,123.9175
volume,65,210.88,123.2990
volume,65,212.55,122.6804
volume,65,214.23,122.0619
volume,65,215.90,121.4433
volume,65,217.57,120.8247
volume,65,219.25,120.2062
volume,65,220.92,119.5876
volume,65,222.59,118.9691
volume,65,224.27,118.3505
volume,65,225.94,117.7320
volume,65,227.62,117.1134
volume,65,229.29,116.4948
volume,65,230.96,116.0825
volume,65,232.64,115.2577
volume,65,234.31,114.8454
volume,65,235.98,114.0206
volume,65,237.66,113.6082
volume,65,239.33,112.7835
volume,65,241.00,112.3711
volume,65,242.68,111.5464
volume,65,244.35,111.1340
volume,65,246.03,110.5155
volume,65,247.70,109.8969
volume,65,249.37,109.4845
volume,65,251.05,108.6598
volume,65,252.72,108.2474
volume,65,254.39,107.8351
volume,65,256.07,107.0103
volume,65,257.74,106.5979
volume,65,259.41,106.1856
volume,65,261.09,105.3608
volume,65,262.76,104.9485
volume,65,264.44,104.3299
volume,65,266.11,103.7113
volume,65,267.78,103.2990
volume,65,269.46,102.8866
volume,65,271.13,102.2680
volume,65,272.80,101.6495
volume,65,274.48,101.2371
volume,65,276.15,100.6186
volume,65,277.82,100.2062
volume,65,279.50,99.5876
volume,65,281.17,99.1753
volume,65,282.85,98.5567
volume,65,284.52,98.1443
volume,65,286.19,97.5258
volume,65,287.87,97.1134
volume,65,289.54,96.4948
volume,65,291.21,96.0825
volume,65,292.89,95.6701
volume,65,294.56,95.2577
volume,65,296.23,94.6392
volume,65,297.91,94.0206
volume,65,299.58,93.6082
volume,65,301.26,93.1959
volume,65,302.93,92.7835
volume,65,304.60,92.3711
volume,65,306.28,91.9588
volume,65,307.95,91.5464
volume,65,309.62,90.9278
volume,65,311.30,90.3093
volume,65,312.97,89.8969
volume,65,314.64,89.4845
volume,65,316.32,89.0722
volume,65,317.99,88.6598
volume,65,319.67,88.2474
volume,65,321.34,87.8351
volume,65,323.01,87.4227
volume,65,324.69,87.0103
volume,65,326.36,86.5979
volume,65,328.03,86.1856
volume,65,329.71,85.7732
volume,65,331.38,85.3608
volume,65,333.05,84.9485
volume,65,334.73,84.5361
volume,65,336.40,84.1237
volume,65,338.08,83.7113
volume,65,339.75,83.2990
volume,65,341.42,82.8866
volume,65,343.10,82.4742
volume,65,344.77,82.0619
volume,65,346.44,81.8557
volume,65,348.12,81.4433
volume,65,349.79,81.0309
volume,65,351.46,80.8247
volume,65,353.14,80.4124
volume,65,354.81,80.2062
volume,65,356.49,79.7938
volume,65,358.16,79.3814
volume,65,359.83,79.1753
volume,65,361.51,78.7629
volume,65,363.18,78.5567
volume,65,364.85,78.1443
volume,65,366.53,77.9381
volume,65,368.20,77.7320
volume,65,369.87,77.3196
volume,65,371.55,77.3196
volume,65,373.22,76.9072
volume,65,374.90,76.4948
volume,65,376.57,76.4948
volume,65,378.24,76.0825
volume,65,379.92,75.8763
volume,65,381.59,75.6701
volume,65,383.26,75.4639
volume,65,384.94,75.2577
volume,65,386.61,75.0515
volume,65,388.28,74.8454
volume,65,389.96,74.6392
volume,65,391.63,74.4330
volume,65,393.31,74.4330
volume,65,394.98,74.0206
volume,65,396.65,74.0206
volume,65,398.33,73.8144
volume,65,400.00,73.8144
volume,65,401.67,73.6082
volume,65,403.35,73.6082
volume,65,405.02,73.6082
volume,65,406.69,73.6082
volume,65,408.37,73.6082
volume,65,410.04,73.6082
volume,65,411.72,73.6082
volume,65,413.39,73.6082
volume,65,415.06,73.6082
volume,65,416.74,73.6082
volume,65,418.41,73.6082
volume,65,420.08,73.6082
volume,65,421.76,73.6082
volume,65,423.43,73.6082
volume,65,425.10,73.6082
volume,65,426.78,73.6082
volume,65,428.45,73.6082
volume,65,430.13,73.6082
volume,65,431.80,73.6082
volume,65,433.47,73.6082
volume,65,435.15,73.6082
volume,65,436.82,73.6082
volume,65,438.49,73.6082
volume,65,440.17,73.6082
volume,65,441.84,73.6082
volume,65,443.51,73.6082
volume,65,445.19,73.6082
volume,65,446.86,73.6082
volume,65,448.54,73.6082
volume,65,450.21,73.6082
volume,65,451.88,73.6082
volume,65,453.56,73.6082
volume,65,455.23,73.6082
volume,65,456.90,73.6082
volume,65,458.58,73.6082
volume,65,460.25,73.6082
volume,65,461.92,73.6082
volume,65,463.60,73.6082
volume,65,465.27,73.6082
volume,65,466.95,73.6082
volume,65,468.62,73.6082
volume,65,470.29,73.6082
volume,65,471.97,73.6082
volume,65,473.64,73.6082
volume,65,475.31,73.6082
volume,65,476.99,73.6082
volume,65,478.66,73.6082
volume,65,480.33,73.6082
volume,65,482.01,73.6082
volume,65,483.68,73.6082
volume,65,485.36,73.6082
volume,65,487.03,74.0206
volume,65,488.70,74.2268
volume,65,490.38,74.6392
volume,65,492.05,75.0515
volume,65,493.72,75.6701
volume,65,495.40,76.2887
volume,65,497.07,77.1134
volume,65,498.74,77.7320
volume,65,500.42,78.5567
volume,65,502.09,79.3814
volume,65,503.77,80.4124
volume,65,505.44,81.6495
volume,65,507.11,82.4742
volume,65,508.79,83.5052
volume,65,510.46,84.7423
volume,65,512.13,85.7732
volume,65,513.81,87.0103
volume,65,515.48,88.2474
volume,65,517.15,89.2784
volume,65,518.83,90.7216
volume,65,520.50,91.9588
volume,65,522.18,92.9897
volume,65,523.85,94.2268
volume,65,525.52,95.4639
volume,65,527.20,96.7010
volume,65,528.87,97.7320
volume,65,530.54,98.7629
volume,65,532.22,100.0000
volume,65,533.89,101.0309
volume,65,535.56,102.0619
volume,65,537.24,103.0928
volume,65,538.91,103.9175
volume,65,540.59,104.9485
volume,65,542.26,105.7732
volume,65,543.93,106.5979
volume,65,545.61,107.6289
volume,65,547.28,108.4536
volume,65,548.95,109.2784
volume,65,550.63,109.6907
volume,65,552.30,110.5155
volume,65,553.97,111.1340
volume,65,555.65,111.7526
volume,65,557.32,112.3711
volume,65,559.00,112.7835
volume,65,560.67,113.4021
volume,65,562.34,113.8144
volume,65,564.02,114.2268
volume,65,565.69,114.6392
volume,65,567.36,115.2577
volume,65,569.04,115.4639
volume,65,570.71,115.8763
volume,65,572.38,116.2887
volume,65,574.06,116.7010
volume,65,575.73,116.9072
volume,65,577.41,117.3196
volume,65,579.08,117.7320
volume,65,580.75,117.7320
volume,65,582.43,118.1443
volume,65,584.10,118.1443
volume,65,585.77,118.5567
volume,65,587.45,118.5567
volume,65,589.12,118.9691
volume,65,590.79,118.9691
volume,65,592.47,119.3814
volume,65,594.14,119.3814
volume,65,595.82,119.5876
volume,65,597.49,119.7938
volume,65,599.16,119.7938
volume,65,600.84,120.0000
volume,65,602.51,120.2062
volume,65,604.18,120.2062
volume,65,605.86,120.4124
volume,65,607.53,120.4124
volume,65,609.21,120.6186
volume,65,610.88,120.6186
volume,65,612.55,120.8247
volume,65,614.23,120.8247
volume,65,615.90,121.0309
volume,65,617.57,121.0309
volume,65,619.25,121.0309
volume,65,620.92,121.2371
volume,65,622.59,121.2371
volume,65,624.27,121.2371
volume,65,625.94,121.4433
volume,65,627.62,121.4433
volume,65,629.29,121.4433
volume,65,630.96,121.6495
volume,65,632.64,121.6495
volume,65,634.31,121.6495
volume,65,635.98,121.6495
volume,65,637.66,121.8557
volume,65,639.33,121.8557
volume,65,641.00,121.8557
volume,65,642.68,121.8557
volume,65,644.35,122.0619
volume,65,646.03,122.0619
volume,65,647.70,122.0619
volume,65,649.37,122.0619
volume,65,651.05,122.0619
volume,65,652.72,122.2680
volume,65,654.39,122.2680
volume,65,656.07,122.2680
volume,65,657.74,122.4742
volume,65,659.41,122.6804
volume,65,661.09,122.6804
volume,65,662.76,123.0928
volume,65,664.44,123.0928
volume,65,666.11,123.5052
volume,65,667.78,123.9175
volume,65,669.46,123.9175
volume,65,671.13,124.3299
volume,65,672.80,124.7423
volume,65,674.48,124.9485
volume,65,676.15,125.1546
volume,65,677.82,125.5670
volume,65,679.50,125.9794
volume,65,681.17,126.3918
volume,65,682.85,126.5979
volume,65,684.52,127.0103
volume,65,686.19,127.4227
volume,65,687.87,127.8351
volume,65,689.54,128.2474
volume,65,691.21,128.6598
volume,65,692.89,128.8660
volume,65,694.56,129.2784
volume,65,696.23,129.4845
volume,65,697.91,129.8969
volume,65,699.58,130.3093
volume,65,701.26,130.7216
volume,65,702.93,131.1340
volume,65,704.60,131.3402
volume,65,706.28,131.7526
volume,65,707.95,132.1649
volume,65,709.62,132.3711
volume,65,711.30,132.5773
volume,65,712.97,132.9897
volume,65,714.64,133.4021
volume,65,716.32,133.4021
volume,65,717.99,133.8144
volume,65,719.67,133.8144
volume,65,721.34,134.0206
volume,65,723.01,134.2268
volume,65,724.69,134.2268
volume,65,726.36,134.4330
volume,65,728.03,134.4330
volume,65,729.71,134.6392
volume,65,731.38,134.6392
volume,65,733.05,134.6392
volume,65,734.73,134.6392
volume,65,736.40,134.8454
volume,65,738.08,134.8454
volume,65,739.75,134.8454
volume,65,741.42,134.8454
volume,65,743.10,134.8454
volume,65,744.77,134.8454
volume,65,746.44,135.0515
volume,65,748.12,135.0515
volume,65,749.79,135.0515
volume,65,751.46,135.0515
volume,65,753.14,135.0515
volume,65,754.81,135.0515
volume,65,756.49,135.0515
volume,65,758.16,135.0515
volume,65,759.83,135.0515
volume,65,761.51,135.0515
volume,65,763.18,135.0515
volume,65,764.85,135.0515
volume,65,766.53,135.0515
volume,65,768.20,135.0515
volume,65,769.87,135.0515
volume,65,771.55,135.0515
volume,65,773.22,135.0515
volume,65,774.90,135.0515
volume,65,776.57,135.0515
volume,65,778.24,135.0515
volume,65,779.92,135.0515
volume,65,781.59,135.0515
volume,65,783.26,135.0515
volume,65,784.94,135.0515
volume,65,786.61,135.0515
volume,65,788.28,135.0515
volume,65,789.96,135.0515
volume,65,791.63,135.0515
volume,65,793.31,135.0515
volume,65,794.98,135.0515
volume,65,796.65,135.0515
volume,65,798.33,135.0515
volume,65,800.00,135.0515
volume,72,0.00,149.0722
volume,72,1.67,149.0722
volume,72,3.35,149.0722
volume,72,5.02,149.0722
volume,72,6.69,149.0722
volume,72,8.37,149.0722
volume,72,10.04,149.0722
volume,72,11.72,149.0722
volume,72,13.39,149.0722
volume,72,15.06,149.0722
volume,72,16.74,149.0722
volume,72,18.41,149.0722
volume,72,20.08,149.0722
volume,72,21.76,149.0722
volume,72,23.43,149.0722
volume,72,25.10,149.0722
volume,72,26.78,149.0722
volume,72,28.45,149.0722
volume,72,30.13,149.0722
volume,72,31.80,149.0722
volume,72,33.47,149.0722
volume,72,35.15,149.0722
volume,72,36.82,149.0722
volume,72,38.49,149.0722
volume,72,40.17,149.0722
volume,72,41.84,149.0722
volume,72,43.51,149.0722
volume,72,45.19,149.0722
volume,72,46.86,149.0722
volume,72,48.54,149.0722
volume,72,50.21,149.0722
volume,72,51.88,149.0722
volume,72,53.56,149.0722
volume,72,55.23,149.0722
volume,72,56.90,149.0722
volume,72,58.58,149.0722
volume,72,60.25,149.0722
volume,72,61.92,149.0722
volume,72,63.60,149.0722
volume,72,65.27,149.0722
volume,72,66.95,149.0722
volume,72,68.62,149.0722
volume,72,70.29,149.0722
volume,72,71.97,149.0722
volume,72,73.64,149.0722
volume,72,75.31,149.0722
volume,72,76.99,149.0722
volume,72,78.66,149.0722
volume,72,80.33,149.0722
volume,72,82.01,149.0722
volume,72,83.68,149.0722
volume,72,85.36,149.0722
volume,72,87.03,149.0722
volume,72,88.70,149.0722
volume,72,90.38,149.0722
volume,72,92.05,149.0722
volume,72,93.72,149.0722
volume,72,95.40,149.0722
volume,72,97.07,149.0722
volume,72,98.74,149.0722
volume,72,100.42,149.0722
volume,72,102.09,149.0722
volume,72,103.77,149.0722
volume,72,105.44,149.0722
volume,72,107.11,149.0722
volume,72,108.79,149.0722
volume,72,110.46,149.0722
volume,72,112.13,149.0722
volume,72,113.81,149.0722
volume,72,115.48,149.0722
volume,72,117.15,149.0722
volume,72,118.83,149.0722
volume,72,120.50,149.0722
volume,72,122.18,149.0722
volume,72,123.85,149.0722
volume,72,125.52,149.0722
volume,72,127.20,149.0722
volume,72,128.87,149.0722
volume,72,130.54,149.0722
volume,72,132.22,149.0722
volume,72,133.89,149.0722
volume,72,135.56,149.0722
volume,72,137.24,149.0722
volume,72,138.91,149.0722
volume,72,140.59,149.0722
volume,72,142.26,149.0722
volume,72,143.93,149.0722
volume,72,145.61,149.0722
volume,72,147.28,149.0722
volume,72,148.95,149.0722
volume,72,150.63,149.0722
volume,72,152.30,148.8660
volume,72,153.97,148.8660
volume,72,155.65,148.8660
volume,72,157.32,148.8660
volume,72,159.00,148.8660
volume,72,160.67,148.8660
volume,72,162.34,148.8660
volume,72,164.02,148.8660
volume,72,165.69,148.8660
volume,72,167.36,148.8660
volume,72,169.04,148.6598
volume,72,170.71,148.6598
volume,72,172.38,148.6598
volume,72,174.06,148.4536
volume,72,175.73,148.2474
volume,72,177.41,147.8351
volume,72,179.08,147.6289
volume,72,180.75,147.2165
volume,72,182.43,147.2165
volume,72,184.10,146.8041
volume,72,185.77,146.1856
volume,72,187.45,145.7732
volume,72,189.12,145.3608
volume,72,190.79,144.9485
volume,72,192.47,144.5361
volume,72,194.14,144.1237
volume,72,195.82,143.2990
volume,72,197.49,142.8866
volume,72,199.16,142.2680
volume,72,200.84,141.8557
volume,72,202.51,141.2371
volume,72,204.18,140.6186
volume,72,205.86,140.0000
volume,72,207.53,139.3814
volume,72,209.21,138.9691
volume,72,210.88,138.1443
volume,72,212.55,137.7320
volume,72,214.23,136.9072
volume,72,215.90,136.4948
volume,72,217.57,135.8763
volume,72,219.25,135.2577
volume,72,220.92,134.6392
volume,72,222.59,134.0206
volume,72,224.27,133.4021
volume,72,225.94,132.7835
volume,72,227.62,132.1649
volume,72,229.29,131.5464
volume,72,230.96,131.1340
volume,72,232.64,130.5155
volume,72,234.31,129.8969
volume,72,235.98,129.2784
volume,72,237.66,128.6598
volume,72,239.33,128.2474
volume,72,241.00,127.6289
volume,72,242.68,127.0103
volume,72,244.35,126.3918
volume,72,246.03,125.7732
volume,72,247.70,125.3608
volume,72,249.37,124.7423
volume,72,251.05,124.1237
volume,72,252.72,123.5052
volume,72,254.39,123.0928
volume,72,256.07,122.4742
volume,72,257.74,121.8557
volume,72,259.41,121.4433
volume,72,261.09,120.8247
volume,72,262.76,120.2062
volume,72,264.44,119.7938
volume,72,266.11,119.3814
volume,72,267.78,118.5567
volume,72,269.46,118.1443
volume,72,271.13,117.7320
volume,72,272.80,117.1134
volume,72,274.48,116.4948
volume,72,276.15,116.0825
volume,72,277.82,115.6701
volume,72,279.50,115.2577
volume,72,281.17,114.4330
volume,72,282.85,114.0206
volume,72,284.52,113.6082
volume,72,286.19,113.1959
volume,72,287.87,112.3711
volume,72,289.54,111.9588
volume,72,291.21,111.5464
volume,72,292.89,111.1340
volume,72,294.56,110.7216
volume,72,296.23,110.1031
volume,72,297.91,109.6907
volume,72,299.58,109.0722
volume,72,301.26,108.6598
volume,72,302.93,108.2474
volume,72,304.60,107.8351
volume,72,306.28,107.4227
volume,72,307.95,106.8041
volume,72,309.62,106.3918
volume,72,311.30,105.9794
volume,72,312.97,105.3608
volume,72,314.64,104.9485
volume,72,316.32,104.5361
volume,72,317.99,104.1237
volume,72,319.67,103.7113
volume,72,321.34,103.2990
volume,72,323.01,102.8866
volume,72,324.69,102.4742
volume,72,326.36,101.8557
volume,72,328.03,101.4433
volume,72,329.71,101.0309
volume,72,331.38,100.6186
volume,72,333.05,100.2062
volume,72,334.73,99.7938
volume,72,336.40,99.3814
volume,72,338.08,98.9691
volume,72,339.75,98.5567
volume,72,341.42,98.3505
volume,72,343.10,97.9381
volume,72,344.77,97.5258
volume,72,346.44,97.3196
volume,72,348.12,96.9072
volume,72,349.79,96.4948
volume,72,351.46,96.0825
volume,72,353.14,95.6701
volume,72,354.81,95.2577
volume,72,356.49,95.0515
volume,72,358.16,94.8454
volume,72,359.83,94.4330
volume,72,361.51,94.0206
volume,72,363.18,93.8144
volume,72,364.85,93.6082
volume,72,366.53,93.1959
volume,72,368.20,92.7835
volume,72,369.87,92.5773
volume,72,371.55,92.3711
volume,72,373.22,91.9588
volume,72,374.90,91.7526
volume,72,376.57,91.5464
volume,72,378.24,91.3402
volume,72,379.92,90.9278
volume,72,381.59,90.9278
volume,72,383.26,90.5155
volume,72,384.94,90.3093
volume,72,386.61,90.1031
volume,72,388.28,89.8969
volume,72,389.96,89.6907
volume,72,391.63,89.6907
volume,72,393.31,89.2784
volume,72,394.98,89.2784
volume,72,396.65,88.8660
volume,72,398.33,88.8660
volume,72,400.00,88.8660
volume,72,401.67,88.4536
volume,72,403.35,88.4536
volume,72,405.02,88.4536
volume,72,406.69,88.4536
volume,72,408.37,88.4536
volume,72,410.04,88.4536
volume,72,411.72,88.4536
volume,72,413.39,88.4536
volume,72,415.06,88.4536
volume,72,416.74,88.4536
volume,72,418.41,88.4536
volume,72,420.08,88.4536
volume,72,421.76,88.4536
volume,72,423.43,88.4536
volume,72,425.10,88.4536
volume,72,426.78,88.4536
volume,72,428.45,88.4536
volume,72,430.13,88.4536
volume,72,431.80,88.4536
volume,72,433.47,88.4536
volume,72,435.15,88.4536
volume,72,436.82,88.4536
volume,72,438.49,88.4536
volume,72,440.17,88.4536
volume,72,441.84,88.4536
volume,72,443.51,88.4536
volume,72,445.19,88.4536
volume,72,446.86,88.4536
volume,72,448.54,88.4536
volume,72,450.21,88.4536
volume,72,451.88,88.4536
volume,72,453.56,88.4536
volume,72,455.23,88.4536
volume,72,456.90,88.4536
volume,72,458.58,88.4536
volume,72,460.25,88.4536
volume,72,461.92,88.4536
volume,72,463.60,88.4536
volume,72,465.27,88.4536
volume,72,466.95,88.4536
volume,72,468.62,88.4536
volume,72,470.29,88.4536
volume,72,471.97,88.4536
volume,72,473.64,88.4536
volume,72,475.31,88.4536
volume,72,476.99,88.4536
volume,72,478.66,88.4536
volume,72,480.33,88.4536
volume,72,482.01,88.4536
volume,72,483.68,88.4536
volume,72,485.36,88.4536
volume,72,487.03,88.6598
volume,72,488.70,88.8660
volume,72,490.38,89.2784
volume,72,492.05,89.6907
volume,72,493.72,90.1031
volume,72,495.40,90.7216
volume,72,497.07,91.5464
volume,72,498.74,92.1649
volume,72,500.42,92.9897
volume,72,502.09,94.0206
volume,72,503.77,94.8454
volume,72,505.44,95.8763
volume,72,507.11,96.7010
volume,72,508.79,97.9381
volume,72,510.46,98.9691
volume,72,512.13,100.2062
volume,72,513.81,101.2371
volume,72,515.48,102.4742
volume,72,517.15,103.5052
volume,72,518.83,104.7423
volume,72,520.50,105.7732
volume,72,522.18,107.0103
volume,72,523.85,108.2474
volume,72,525.52,109.2784
volume,72,527.20,110.5155
volume,72,528.87,111.5464
volume,72,530.54,112.5773
volume,72,532.22,113.6082
volume,72,533.89,114.8454
volume,72,535.56,115.6701
volume,72,537.24,116.4948
volume,72,538.91,117.5258
volume,72,540.59,118.3505
volume,72,542.26,119.1753
volume,72,543.93,120.0000
volume,72,545.61,120.6186
volume,72,547.28,121.4433
volume,72,548.95,122.2680
volume,72,550.63,122.8866
volume,72,552.30,123.7113
volume,72,553.97,124.1237
volume,72,555.65,124.7423
volume,72,557.32,125.1546
volume,72,559.00,125.9794
volume,72,560.67,126.3918
volume,72,562.34,126.8041
volume,72,564.02,127.2165
volume,72,565.69,127.6289
volume,72,567.36,127.8351
volume,72,569.04,128.2474
volume,72,570.71,128.6598
volume,72,572.38,129.0722
volume,72,574.06,129.4845
volume,72,575.73,129.6907
volume,72,577.41,129.8969
volume,72,579.08,130.3093
volume,72,580.75,130.5155
volume,72,582.43,130.7216
volume,72,584.10,130.9278
volume,72,585.77,131.1340
volume,72,587.45,131.3402
volume,72,589.12,131.5464
volume,72,590.79,131.7526
volume,72,592.47,131.7526
volume,72,594.14,132.1649
volume,72,595.82,132.1649
volume,72,597.49,132.1649
volume,72,599.16,132.5773
volume,72,600.84,132.5773
volume,72,602.51,132.5773
volume,72,604.18,132.9897
volume,72,605.86,132.9897
volume,72,607.53,132.9897
volume,72,609.21,133.4021
volume,72,610.88,133.4021
volume,72,612.55,133.4021
volume,72,614.23,133.4021
volume,72,615.90,133.4021
volume,72,617.57,133.8144
volume,72,619.25,133.8144
volume,72,620.92,133.8144
volume,72,622.59,133.8144
volume,72,624.27,133.8144
volume,72,625.94,134.2268
volume,72,627.62,134.2268
volume,72,629.29,134.2268
volume,72,630.96,134.2268
volume,72,632.64,134.2268
volume,72,634.31,134.2268
volume,72,635.98,134.4330
volume,72,637.66,134.6392
volume,72,639.33,134.6392
volume,72,641.00,134.6392
volume,72,642.68,134.6392
volume,72,644.35,134.6392
volume,72,646.03,134.6392
volume,72,647.70,134.6392
volume,72,649.37,134.6392
volume,72,651.05,134.8454
volume,72,652.72,134.8454
volume,72,654.39,135.0515
volume,72,656.07,135.0515
volume,72,657.74,135.0515
volume,72,659.41,135.4639
volume,72,661.09,135.4639
volume,72,662.76,135.6701
volume,72,664.44,136.0825
volume,72,666.11,136.2887
volume,72,667.78,136.4948
volume,72,669.46,136.9072
volume,72,671.13,137.3196
volume,72,672.80,137.5258
volume,72,674.48,137.7320
volume,72,676.15,138.1443
volume,72,677.82,138.5567
volume,72,679.50,138.9691
volume,72,681.17,139.3814
volume,72,682.85,139.7938
volume,72,684.52,140.2062
volume,72,686.19,140.6186
volume,72,687.87,141.0309
volume,72,689.54,141.2371
volume,72,691.21,141.6495
volume,72,692.89,142.0619
volume,72,694.56,142.4742
volume,72,696.23,142.8866
volume,72,697.91,143.0928
volume,72,699.58,143.5052
volume,72,701.26,143.9175
volume,72,702.93,144.3299
volume,72,704.60,144.7423
volume,72,706.28,145.1546
volume,72,707.95,145.5670
volume,72,709.62,145.9794
volume,72,711.30,146.3918
volume,72,712.97,146.5979
volume,72,714.64,146.8041
volume,72,716.32,147.2165
volume,72,717.99,147.4227
volume,72,719.67,147.4227
volume,72,721.34,147.8351
volume,72,723.01,147.8351
volume,72,724.69,147.8351
volume,72,726.36,148.2474
volume,72,728.03,148.2474
volume,72,729.71,148.2474
volume,72,731.38,148.2474
volume,72,733.05,148.2474
volume,72,734.73,148.4536
volume,72,736.40,148.6598
volume,72,738.08,148.6598
volume,72,739.75,148.6598
volume,72,741.42,148.6598
volume,72,743.10,148.6598
volume,72,744.77,148.6598
volume,72,746.44,148.6598
volume,72,748.12,148.6598
volume,72,749.79,148.6598
volume,72,751.46,148.6598
volume,72,753.14,148.6598
volume,72,754.81,148.6598
volume,72,756.49,148.6598
volume,72,758.16,148.6598
volume,72,759.83,148.6598
volume,72,761.51,148.6598
volume,72,763.18,148.6598
volume,72,764.85,148.8660
volume,72,766.53,148.8660
volume,72,768.20,148.8660
volume,72,769.87,148.8660
volume,72,771.55,148.8660
volume,72,773.22,148.8660
volume,72,774.90,148.8660
volume,72,776.57,148.8660
volume,72,778.24,148.8660
volume,72,779.92,148.8660
volume,72,781.59,148.8660
volume,72,783.26,148.8660
volume,72,784.94,148.8660
volume,72,786.61,148.8660
volume,72,788.28,148.8660
volume,72,789.96,148.8660
volume,72,791.63,148.8660
volume,72,793.31,148.8660
volume,72,794.98,148.8660
volume,72,796.65,148.8660
volume,72,798.33,148.8660
volume,72,800.00,148.8660
torsion,58,0.00,-2.4291
torsion,58,1.67,-2.4291
torsion,58,3.35,-2.4291
torsion,58,5.02,-2.4291
torsion,58,6.69,-2.4291
torsion,58,8.37,-2.4291
torsion,58,10.04,-2.4291
torsion,58,11.72,-2.4291
torsion,58,13.39,-2.4291
torsion,58,15.06,-2.4291
torsion,58,16.74,-2.4291
torsion,58,18.41,-2.4742
torsion,58,20.08,-2.5193
torsion,58,21.76,-2.5193
torsion,58,23.43,-2.5644
torsion,58,25.10,-2.5644
torsion,58,26.78,-2.6095
torsion,58,28.45,-2.6095
torsion,58,30.13,-2.6095
torsion,58,31.80,-2.6546
torsion,58,33.47,-2.6997
torsion,58,35.15,-2.6997
torsion,58,36.82,-2.6997
torsion,58,38.49,-2.7448
torsion,58,40.17,-2.7448
torsion,58,41.84,-2.7899
torsion,58,43.51,-2.7899
torsion,58,45.19,-2.7899
torsion,58,46.86,-2.7899
torsion,58,48.54,-2.8351
torsion,58,50.21,-2.8802
torsion,58,51.88,-2.8802
torsion,58,53.56,-2.8802
torsion,58,55.23,-2.8802
torsion,58,56.90,-2.8802
torsion,58,58.58,-2.9253
torsion,58,60.25,-2.9253
torsion,58,61.92,-2.9253
torsion,58,63.60,-2.9704
torsion,58,65.27,-2.9704
torsion,58,66.95,-2.9704
torsion,58,68.62,-2.9704
torsion,58,70.29,-2.9704
torsion,58,71.97,-3.0155
torsion,58,73.64,-3.0155
torsion,58,75.31,-3.0155
torsion,58,76.99,-3.0606
torsion,58,78.66,-3.0606
torsion,58,80.33,-3.0606
torsion,58,82.01,-3.0606
torsion,58,83.68,-3.0606
torsion,58,85.36,-3.0606
torsion,58,87.03,-3.1057
torsion,58,88.70,-3.1057
torsion,58,90.38,-3.1057
torsion,58,92.05,-3.1057
torsion,58,93.72,-3.1057
torsion,58,95.40,-3.1508
torsion,58,97.07,-3.1508
torsion,58,98.74,-3.1508
torsion,58,100.42,-3.1508
torsion,58,102.09,-3.1508
torsion,58,103.77,-3.1508
torsion,58,105.44,-3.1508
torsion,58,107.11,-3.1508
torsion,58,108.79,-3.1508
torsion,58,110.46,-3.1959
torsion,58,112.13,-3.1959
torsion,58,113.81,-3.1959
torsion,58,115.48,-3.1959
torsion,58,117.15,-3.1959
torsion,58,118.83,-3.1959
torsion,58,120.50,-3.1959
torsion,58,122.18,-3.1508
torsion,58,123.85,-3.1057
torsion,58,125.52,-3.0155
torsion,58,127.20,-2.8802
torsion,58,128.87,-2.6997
torsion,58,130.54,-2.5193
torsion,58,132.22,-2.2938
torsion,58,133.89,-1.9330
torsion,58,135.56,-1.6173
torsion,58,137.24,-1.2564
torsion,58,138.91,-0.8054
torsion,58,140.59,-0.3995
torsion,58,142.26,1.9008
torsion,58,143.93,2.4871
torsion,58,145.61,3.1637
torsion,58,147.28,3.7951
torsion,58,148.95,4.4265
torsion,58,150.63,5.1482
torsion,58,152.30,5.6894
torsion,58,153.97,6.4562
torsion,58,155.65,7.0876
torsion,58,157.32,7.6740
torsion,58,159.00,8.2603
torsion,58,160.67,8.8015
torsion,58,162.34,9.4330
torsion,58,164.02,9.9742
torsion,58,165.69,10.4704
torsion,58,167.36,10.9214
torsion,58,169.04,11.3724
torsion,58,170.71,11.7784
torsion,58,172.38,12.0941
torsion,58,174.06,12.4098
torsion,58,175.73,12.7255
torsion,58,177.41,12.9510
torsion,58,179.08,13.1765
torsion,58,180.75,13.4021
torsion,58,182.43,13.6276
torsion,58,184.10,13.8080
torsion,58,185.77,13.9884
torsion,58,187.45,14.1688
torsion,58,189.12,14.4394
torsion,58,190.79,14.6198
torsion,58,192.47,14.8003
torsion,58,194.14,14.9807
torsion,58,195.82,15.1611
torsion,58,197.49,15.3415
torsion,58,199.16,15.4768
torsion,58,200.84,15.6572
torsion,58,202.51,15.8376
torsion,58,204.18,16.0180
torsion,58,205.86,16.1985
torsion,58,207.53,16.3789
torsion,58,209.21,16.5593
torsion,58,210.88,16.6495
torsion,58,212.55,16.8299
torsion,58,214.23,17.0103
torsion,58,215.90,17.1456
torsion,58,217.57,17.2809
torsion,58,219.25,17.4162
torsion,58,220.92,17.5515
torsion,58,222.59,17.7320
torsion,58,224.27,17.8222
torsion,58,225.94,17.9575
torsion,58,227.62,18.0928
torsion,58,229.29,18.2281
torsion,58,230.96,18.3183
torsion,58,232.64,18.4536
torsion,58,234.31,18.5889
torsion,58,235.98,18.6791
torsion,58,237.66,18.7693
torsion,58,239.33,18.9046
torsion,58,241.00,18.9948
torsion,58,242.68,19.0851
torsion,58,244.35,19.1753
torsion,58,246.03,19.2655
torsion,58,247.70,19.3557
torsion,58,249.37,19.4459
torsion,58,251.05,19.4459
torsion,58,252.72,19.5361
torsion,58,254.39,19.6263
torsion,58,256.07,19.7165
torsion,58,257.74,19.7616
torsion,58,259.41,19.8067
torsion,58,261.09,19.8518
torsion,58,262.76,19.9420
torsion,58,264.44,19.9420
torsion,58,266.11,20.0322
torsion,58,267.78,20.0322
torsion,58,269.46,20.1224
torsion,58,271.13,20.1224
torsion,58,272.80,20.1675
torsion,58,274.48,20.2126
torsion,58,276.15,20.2126
torsion,58,277.82,20.3028
torsion,58,279.50,20.3028
torsion,58,281.17,20.3028
torsion,58,282.85,20.3028
torsion,58,284.52,20.3028
torsion,58,286.19,20.3028
torsion,58,287.87,20.3479
torsion,58,289.54,20.3479
torsion,58,291.21,20.3479
torsion,58,292.89,20.3479
torsion,58,294.56,20.3479
torsion,58,296.23,20.3479
torsion,58,297.91,20.3479
torsion,58,299.58,20.3479
torsion,58,301.26,20.3479
torsion,58,302.93,20.3479
torsion,58,304.60,20.3479
torsion,58,306.28,20.3479
torsion,58,307.95,20.3479
torsion,58,309.62,20.3028
torsion,58,311.30,20.2577
torsion,58,312.97,20.2577
torsion,58,314.64,20.2126
torsion,58,316.32,20.2126
torsion,58,317.99,20.2126
torsion,58,319.67,20.2126
torsion,58,321.34,20.1224
torsion,58,323.01,20.1224
torsion,58,324.69,20.1224
torsion,58,326.36,20.0773
torsion,58,328.03,20.0773
torsion,58,329.71,20.0322
torsion,58,331.38,20.0322
torsion,58,333.05,19.9871
torsion,58,334.73,19.9871
torsion,58,336.40,19.9420
torsion,58,338.08,19.9420
torsion,58,339.75,19.8969
torsion,58,341.42,19.8969
torsion,58,343.10,19.8969
torsion,58,344.77,19.8969
torsion,58,346.44,19.8969
torsion,58,348.12,19.8969
torsion,58,349.79,19.8518
torsion,58,351.46,19.8067
torsion,58,353.14,19.8067
torsion,58,354.81,19.8067
torsion,58,356.49,19.8067
torsion,58,358.16,19.8067
torsion,58,359.83,19.8067
torsion,58,361.51,19.8067
torsion,58,363.18,19.8067
torsion,58,364.85,19.8067
torsion,58,366.53,19.8518
torsion,58,368.20,19.8518
torsion,58,369.87,19.8518
torsion,58,371.55,19.8518
torsion,58,373.22,19.8518
torsion,58,374.90,19.8969
torsion,58,376.57,19.8969
torsion,58,378.24,19.8969
torsion,58,379.92,19.9420
torsion,58,381.59,19.9420
torsion,58,383.26,19.9420
torsion,58,384.94,19.9871
torsion,58,386.61,20.0322
torsion,58,388.28,20.0322
torsion,58,389.96,20.0322
torsion,58,391.63,20.1224
torsion,58,393.31,20.1224
torsion,58,394.98,20.1224
torsion,58,396.65,20.2126
torsion,58,398.33,20.2126
torsion,58,400.00,20.2577
torsion,58,401.67,20.3028
torsion,58,403.35,20.3028
torsion,58,405.02,20.3028
torsion,58,406.69,20.3028
torsion,58,408.37,20.3028
torsion,58,410.04,20.3028
torsion,58,411.72,20.3028
torsion,58,413.39,20.2126
torsion,58,415.06,20.2126
torsion,58,416.74,20.2126
torsion,58,418.41,20.1675
torsion,58,420.08,20.1224
torsion,58,421.76,20.1224
torsion,58,423.43,20.0773
torsion,58,425.10,20.0322
torsion,58,426.78,20.0322
torsion,58,428.45,19.9420
torsion,58,430.13,19.9420
torsion,58,431.80,19.8518
torsion,58,433.47,19.8518
torsion,58,435.15,19.8518
torsion,58,436.82,19.7616
torsion,58,438.49,19.7165
torsion,58,440.17,19.6714
torsion,58,441.84,19.5812
torsion,58,443.51,19.5812
torsion,58,445.19,19.4910
torsion,58,446.86,19.4459
torsion,58,448.54,19.4008
torsion,58,450.21,19.3557
torsion,58,451.88,19.3106
torsion,58,453.56,19.2204
torsion,58,455.23,19.1753
torsion,58,456.90,19.1302
torsion,58,458.58,19.0851
torsion,58,460.25,18.9948
torsion,58,461.92,18.9497
torsion,58,463.60,18.9046
torsion,58,465.27,18.8144
torsion,58,466.95,18.7242
torsion,58,468.62,18.6791
torsion,58,470.29,18.6340
torsion,58,471.97,18.5438
torsion,58,473.64,18.4536
torsion,58,475.31,18.4085
torsion,58,476.99,18.3634
torsion,58,478.66,18.2732
torsion,58,480.33,18.1830
torsion,58,482.01,18.1379
torsion,58,483.68,18.0928
torsion,58,485.36,18.0026
torsion,58,487.03,17.9124
torsion,58,488.70,17.8222
torsion,58,490.38,17.7320
torsion,58,492.05,17.6418
torsion,58,493.72,17.5515
torsion,58,495.40,17.4613
torsion,58,497.07,17.3711
torsion,58,498.74,17.2408
torsion,58,500.42,17.1105
torsion,58,502.09,16.9802
torsion,58,503.77,16.8499
torsion,58,505.44,16.7196
torsion,58,507.11,16.5893
torsion,58,508.79,16.4590
torsion,58,510.46,16.3288
torsion,58,512.13,16.1985
torsion,58,513.81,16.0631
torsion,58,515.48,15.9278
torsion,58,517.15,15.7925
torsion,58,518.83,15.6121
torsion,58,520.50,15.5219
torsion,58,522.18,15.3415
torsion,58,523.85,15.1611
torsion,58,525.52,15.0258
torsion,58,527.20,14.8454
torsion,58,528.87,14.6649
torsion,58,530.54,14.4845
torsion,58,532.22,14.3041
torsion,58,533.89,14.1688
torsion,58,535.56,13.9884
torsion,58,537.24,13.8080
torsion,58,538.91,13.6276
torsion,58,540.59,13.4472
torsion,58,542.26,13.2668
torsion,58,543.93,13.0863
torsion,58,545.61,12.9059
torsion,58,547.28,12.7255
torsion,58,548.95,12.5451
torsion,58,550.63,12.2745
torsion,58,552.30,12.1392
torsion,58,553.97,11.9137
torsion,58,555.65,11.7332
torsion,58,557.32,11.5528
torsion,58,559.00,11.3273
torsion,58,560.67,11.1469
torsion,58,562.34,10.9665
torsion,58,564.02,10.7410
torsion,58,565.69,10.5155
torsion,58,567.36,10.3351
torsion,58,569.04,10.1546
torsion,58,570.71,9.9742
torsion,58,572.38,9.7938
torsion,58,574.06,9.6134
torsion,58,575.73,9.4330
torsion,58,577.41,9.2075
torsion,58,579.08,9.0271
torsion,58,580.75,8.8466
torsion,58,582.43,8.6211
torsion,58,584.10,8.4407
torsion,58,585.77,8.2603
torsion,58,587.45,8.0799
torsion,58,589.12,7.8995
torsion,58,590.79,7.8093
torsion,58,592.47,7.6289
torsion,58,594.14,7.4485
torsion,58,595.82,7.2680
torsion,58,597.49,7.0876
torsion,58,599.16,6.9523
torsion,58,600.84,6.7719
torsion,58,602.51,6.6366
torsion,58,604.18,6.4562
torsion,58,605.86,6.3209
torsion,58,607.53,6.1856
torsion,58,609.21,6.0503
torsion,58,610.88,5.8698
torsion,58,612.55,5.7345
torsion,58,614.23,5.5992
torsion,58,615.90,5.4639
torsion,58,617.57,5.3286
torsion,58,619.25,5.1933
torsion,58,620.92,5.0580
torsion,58,622.59,4.9227
torsion,58,624.27,4.7874
torsion,58,625.94,4.6972
torsion,58,627.62,4.5168
torsion,58,629.29,4.4265
torsion,58,630.96,4.3363
torsion,58,632.64,4.1559
torsion,58,634.31,4.0657
torsion,58,635.98,3.9755
torsion,58,637.66,3.8853
torsion,58,639.33,3.7049
torsion,58,641.00,3.6147
torsion,58,642.68,3.5245
torsion,58,644.35,3.4343
torsion,58,646.03,3.3441
torsion,58,647.70,3.2539
torsion,58,649.37,3.1637
torsion,58,651.05,3.0284
torsion,58,652.72,2.9381
torsion,58,654.39,2.8479
torsion,58,656.07,2.7577
torsion,58,657.74,2.6675
torsion,58,659.41,2.5773
torsion,58,661.09,2.4871
torsion,58,662.76,2.3969
torsion,58,664.44,2.3067
torsion,58,666.11,2.2165
torsion,58,667.78,2.1263
torsion,58,669.46,2.0361
torsion,58,671.13,1.9910
torsion,58,672.80,1.9008
torsion,58,674.48,1.8106
torsion,58,676.15,1.7204
torsion,58,677.82,1.6753
torsion,58,679.50,1.5851
torsion,58,681.17,1.4948
torsion,58,682.85,1.4046
torsion,58,684.52,1.3144
torsion,58,686.19,1.2242
torsion,58,687.87,1.1340
torsion,58,689.54,1.0438
torsion,58,691.21,0.9987
torsion,58,692.89,0.9536
torsion,58,694.56,0.8634
torsion,58,696.23,0.7732
torsion,58,697.91,0.6830
torsion,58,699.58,0.5928
torsion,58,701.26,0.5026
torsion,58,702.93,0.4124
torsion,58,704.60,0.3673
torsion,58,706.28,0.3222
torsion,58,707.95,0.2320
torsion,58,709.62,0.1418
torsion,58,711.30,0.0515
torsion,58,712.97,0.0064
torsion,58,714.64,-0.0838
torsion,58,716.32,-0.1289
torsion,58,717.99,-0.2191
torsion,58,719.67,-0.3093
torsion,58,721.34,-0.3544
torsion,58,723.01,-0.4446
torsion,58,724.69,-0.4897
torsion,58,726.36,-0.5799
torsion,58,728.03,-0.6250
torsion,58,729.71,-0.7152
torsion,58,731.38,-0.7603
torsion,58,733.05,-0.8054
torsion,58,734.73,-0.8956
torsion,58,736.40,-0.9407
torsion,58,738.08,-0.9858
torsion,58,739.75,-1.0760
torsion,58,741.42,-1.0760
torsion,58,743.10,-1.1662
torsion,58,744.77,-1.2113
torsion,58,746.44,-1.2564
torsion,58,748.12,-1.3466
torsion,58,749.79,-1.3466
torsion,58,751.46,-1.4369
torsion,58,753.14,-1.4369
torsion,58,754.81,-1.5271
torsion,58,756.49,-1.5271
torsion,58,758.16,-1.6173
torsion,58,759.83,-1.6173
torsion,58,761.51,-1.6173
torsion,58,763.18,-1.7075
torsion,58,764.85,-1.7075
torsion,58,766.53,-1.7977
torsion,58,768.20,-1.7977
torsion,58,769.87,-1.7977
torsion,58,771.55,-1.8879
torsion,58,773.22,-1.8879
torsion,58,774.90,-1.9330
torsion,58,776.57,-1.9330
torsion,58,778.24,-1.9330
torsion,58,779.92,-1.9330
torsion,58,781.59,-1.9330
torsion,58,783.26,-1.9330
torsion,58,784.94,-1.9330
torsion,58,786.61,-1.9330
torsion,58,788.28,-1.9330
torsion,58,789.96,-1.9330
torsion,58,791.63,-1.9330
torsion,58,793.31,-1.9330
torsion,58,794.98,-1.9330
torsion,58,796.65,-1.9330
torsion,58,798.33,-1.9330
torsion,58,800.00,-1.9330
torsion,65,0.00,-2.4291
torsion,65,1.67,-2.4291
torsion,65,3.35,-2.4291
torsion,65,5.02,-2.4291
torsion,65,6.69,-2.4291
torsion,65,8.37,-2.4291
torsion,65,10.04,-2.4291
torsion,65,11.72,-2.4291
torsion,65,13.39,-2.4291
torsion,65,15.06,-2.4291
torsion,65,16.74,-2.4291
torsion,65,18.41,-2.4742
torsion,65,20.08,-2.5193
torsion,65,21.76,-2.5193
torsion,65,23.43,-2.5644
torsion,65,25.10,-2.5644
torsion,65,26.78,-2.6095
torsion,65,28.45,-2.6095
torsion,65,30.13,-2.6095
torsion,65,31.80,-2.6546
torsion,65,33.47,-2.6997
torsion,65,35.15,-2.6997
torsion,65,36.82,-2.6997
torsion,65,38.49,-2.7448
torsion,65,40.17,-2.7448
torsion,65,41.84,-2.7899
torsion,65,43.51,-2.7899
torsion,65,45.19,-2.7899
torsion,65,46.86,-2.7899
torsion,65,48.54,-2.8351
torsion,65,50.21,-2.8802
torsion,65,51.88,-2.8802
torsion,65,53.56,-2.8802
torsion,65,55.23,-2.8802
torsion,65,56.90,-2.8802
torsion,65,58.58,-2.9253
torsion,65,60.25,-2.9253
torsion,65,61.92,-2.9253
torsion,65,63.60,-2.9704
torsion,65,65.27,-2.9704
torsion,65,66.95,-2.9704
torsion,65,68.62,-2.9704
torsion,65,70.29,-2.9704
torsion,65,71.97,-3.0155
torsion,65,73.64,-3.0155
torsion,65,75.31,-3.0155
torsion,65,76.99,-3.0606
torsion,65,78.66,-3.0606
torsion,65,80.33,-3.0606
torsion,65,82.01,-3.0606
torsion,65,83.68,-3.0606
torsion,65,85.36,-3.0606
torsion,65,87.03,-3.1057
torsion,65,88.70,-3.1057
torsion,65,90.38,-3.1057
torsion,65,92.05,-3.1057
torsion,65,93.72,-3.1057
torsion,65,95.40,-3.1508
torsion,65,97.07,-3.1508
torsion,65,98.74,-3.1508
torsion,65,100.42,-3.1508
torsion,65,102.09,-3.1508
torsion,65,103.77,-3.1508
torsion,65,105.44,-3.1508
torsion,65,107.11,-3.1508
torsion,65,108.79,-3.1508
torsion,65,110.46,-3.1959
torsion,65,112.13,-3.1959
torsion,65,113.81,-3.1959
torsion,65,115.48,-3.1959
torsion,65,117.15,-3.1959
torsion,65,118.83,-3.1959
torsion,65,120.50,-3.1959
torsion,65,122.18,-3.1508
torsion,65,123.85,-3.1057
torsion,65,125.52,-3.0155
torsion,65,127.20,-2.8802
torsion,65,128.87,-2.6997
torsion,65,130.54,-2.5193
torsion,65,132.22,-2.2938
torsion,65,133.89,-1.9330
torsion,65,135.56,-1.6173
torsion,65,137.24,-1.2564
torsion,65,138.91,-0.8054
torsion,65,140.59,-0.3995
torsion,65,142.26,1.9008
torsion,65,143.93,2.4871
torsion,65,145.61,3.1637
torsion,65,147.28,3.7951
torsion,65,148.95,4.4265
torsion,65,150.63,5.1482
torsion,65,152.30,5.6894
torsion,65,153.97,6.4562
torsion,65,155.65,7.0876
torsion,65,157.32,7.6740
torsion,65,159.00,8.2603
torsion,65,160.67,8.8015
torsion,65,162.34,9.4330
torsion,65,164.02,9.9742
torsion,65,165.69,10.1997
torsion,65,167.36,10.4704
torsion,65,169.04,10.6057
torsion,65,170.71,11.0567
torsion,65,172.38,11.5077
torsion,65,174.06,11.7784
torsion,65,175.73,12.1392
torsion,65,177.41,12.4098
torsion,65,179.08,12.6804
torsion,65,180.75,12.9059
torsion,65,182.43,13.0863
torsion,65,184.10,13.2668
torsion,65,185.77,13.5374
torsion,65,187.45,13.7178
torsion,65,189.12,13.8982
torsion,65,190.79,14.0786
torsion,65,192.47,14.2590
torsion,65,194.14,14.3943
torsion,65,195.82,14.5747
torsion,65,197.49,14.7552
torsion,65,199.16,14.9356
torsion,65,200.84,15.1160
torsion,65,202.51,15.2513
torsion,65,204.18,15.4317
torsion,65,205.86,15.6121
torsion,65,207.53,15.7023
torsion,65,209.21,15.8827
torsion,65,210.88,16.0631
torsion,65,212.55,16.1985
torsion,65,214.23,16.3338
torsion,65,215.90,16.5142
torsion,65,217.57,16.6495
torsion,65,219.25,16.7848
torsion,65,220.92,16.8750
torsion,65,222.59,17.0554
torsion,65,224.27,17.1456
torsion,65,225.94,17.3260
torsion,65,227.62,17.4162
torsion,65,229.29,17.5515
torsion,65,230.96,17.6869
torsion,65,232.64,17.7771
torsion,65,234.31,17.9124
torsion,65,235.98,18.0026
torsion,65,237.66,18.0928
torsion,65,239.33,18.2281
torsion,65,241.00,18.3183
torsion,65,242.68,18.4536
torsion,65,244.35,18.5438
torsion,65,246.03,18.6340
torsion,65,247.70,18.7242
torsion,65,249.37,18.7693
torsion,65,251.05,18.8595
torsion,65,252.72,18.9497
torsion,65,254.39,18.9948
torsion,65,256.07,19.0399
torsion,65,257.74,19.1302
torsion,65,259.41,19.2204
torsion,65,261.09,19.2655
torsion,65,262.76,19.3106
torsion,65,264.44,19.4008
torsion,65,266.11,19.4008
torsion,65,267.78,19.4910
torsion,65,269.46,19.5361
torsion,65,271.13,19.5812
torsion,65,272.80,19.6714
torsion,65,274.48,19.6714
torsion,65,276.15,19.7165
torsion,65,277.82,19.7616
torsion,65,279.50,19.7616
torsion,65,281.17,19.8067
torsion,65,282.85,19.8518
torsion,65,284.52,19.8518
torsion,65,286.19,19.8969
torsion,65,287.87,19.8969
torsion,65,289.54,19.9420
torsion,65,291.21,19.9420
torsion,65,292.89,19.9871
torsion,65,294.56,19.9871
torsion,65,296.23,19.9871
torsion,65,297.91,19.9871
torsion,65,299.58,19.9871
torsion,65,301.26,19.9871
torsion,65,302.93,19.9871
torsion,65,304.60,19.9871
torsion,65,306.28,19.9871
torsion,65,307.95,19.9871
torsion,65,309.62,19.9871
torsion,65,311.30,19.9871
torsion,65,312.97,19.9871
torsion,65,314.64,19.9871
torsion,65,316.32,19.9871
torsion,65,317.99,19.9871
torsion,65,319.67,19.9420
torsion,65,321.34,19.9420
torsion,65,323.01,19.9420
torsion,65,324.69,19.9420
torsion,65,326.36,19.8969
torsion,65,328.03,19.8969
torsion,65,329.71,19.8969
torsion,65,331.38,19.8969
torsion,65,333.05,19.8518
torsion,65,334.73,19.8067
torsion,65,336.40,19.8067
torsion,65,338.08,19.8067
torsion,65,339.75,19.8067
torsion,65,341.42,19.8067
torsion,65,343.10,19.8067
torsion,65,344.77,19.8969
torsion,65,346.44,19.8969
torsion,65,348.12,19.8969
torsion,65,349.79,19.8518
torsion,65,351.46,19.8067
torsion,65,353.14,19.8067
torsion,65,354.81,19.8067
torsion,65,356.49,19.8067
torsion,65,358.16,19.8067
torsion,65,359.83,19.8067
torsion,65,361.51,19.8067
torsion,65,363.18,19.8067
torsion,65,364.85,19.8067
torsion,65,366.53,19.8518
torsion,65,368.20,19.8518
torsion,65,369.87,19.8518
torsion,65,371.55,19.8518
torsion,65,373.22,19.8518
torsion,65,374.90,19.8969
torsion,65,376.57,19.8969
torsion,65,378.24,19.8969
torsion,65,379.92,19.9420
torsion,65,381.59,19.9420
torsion,65,383.26,19.9420
torsion,65,384.94,19.9871
torsion,65,386.61,20.0322
torsion,65,388.28,20.0322
torsion,65,389.96,20.0322
torsion,65,391.63,20.1224
torsion,65,393.31,20.1224
torsion,65,394.98,20.1224
torsion,65,396.65,20.2126
torsion,65,398.33,20.2126
torsion,65,400.00,20.2577
torsion,65,401.67,20.3028
torsion,65,403.35,20.3028
torsion,65,405.02,20.3028
torsion,65,406.69,20.3028
torsion,65,408.37,20.3028
torsion,65,410.04,20.3028
torsion,65,411.72,20.3028
torsion,65,413.39,20.2126
torsion,65,415.06,20.2126
torsion,65,416.74,20.2126
torsion,65,418.41,19.9871
torsion,65,420.08,19.9871
torsion,65,421.76,19.9871
torsion,65,423.43,19.8969
torsion,65,425.10,19.8969
torsion,65,426.78,19.8067
torsion,65,428.45,19.8067
torsion,65,430.13,19.8067
torsion,65,431.80,19.7165
torsion,65,433.47,19.7165
torsion,65,435.15,19.6263
torsion,65,436.82,19.6263
torsion,65,438.49,19.5361
torsion,65,440.17,19.5361
torsion,65,441.84,19.4459
torsion,65,443.51,19.4008
torsion,65,445.19,19.3557
torsion,65,446.86,19.2655
torsion,65,448.54,19.2655
torsion,65,450.21,19.1753
torsion,65,451.88,19.1302
torsion,65,453.56,19.0851
torsion,65,455.23,19.0399
torsion,65,456.90,18.9497
torsion,65,458.58,18.9046
torsion,65,460.25,18.8595
torsion,65,461.92,18.7693
torsion,65,463.60,18.6791
torsion,65,465.27,18.6791
torsion,65,466.95,18.5889
torsion,65,468.62,18.4987
torsion,65,470.29,18.4536
torsion,65,471.97,18.4085
torsion,65,473.64,18.3183
torsion,65,475.31,18.2281
torsion,65,476.99,18.1379
torsion,65,478.66,18.1379
torsion,65,480.33,18.0477
torsion,65,482.01,17.9575
torsion,65,483.68,17.8673
torsion,65,485.36,17.7771
torsion,65,487.03,17.7320
torsion,65,488.70,17.6418
torsion,65,490.38,17.5515
torsion,65,492.05,17.4162
torsion,65,493.72,17.3711
torsion,65,495.40,17.2358
torsion,65,497.07,17.1456
torsion,65,498.74,17.0554
torsion,65,500.42,16.9201
torsion,65,502.09,16.7848
torsion,65,503.77,16.6946
torsion,65,505.44,16.5142
torsion,65,507.11,16.4240
torsion,65,508.79,16.2887
torsion,65,510.46,16.1534
torsion,65,512.13,15.9729
torsion,65,513.81,15.8376
torsion,65,515.48,15.7023
torsion,65,517.15,15.5670
torsion,65,518.83,15.3866
torsion,65,520.50,15.2062
torsion,65,522.18,15.0258
torsion,65,523.85,14.9356
torsion,65,525.52,14.7552
torsion,65,527.20,14.5747
torsion,65,528.87,14.3943
torsion,65,530.54,14.2139
torsion,65,532.22,14.0335
torsion,65,533.89,13.8531
torsion,65,535.56,13.6727
torsion,65,537.24,13.4923
torsion,65,538.91,13.2668
torsion,65,540.59,13.0863
torsion,65,542.26,12.9059
torsion,65,543.93,12.6804
torsion,65,545.61,12.5000
torsion,65,547.28,12.2745
torsion,65,548.95,12.0941
torsion,65,550.63,11.9137
torsion,65,552.30,11.7332
torsion,65,553.97,11.5077
torsion,65,555.65,11.2822
torsion,65,557.32,11.1018
torsion,65,559.00,10.9214
torsion,65,560.67,10.7410
torsion,65,562.34,10.4704
torsion,65,564.02,10.2899
torsion,65,565.69,10.1095
torsion,65,567.36,9.9291
torsion,65,569.04,9.7487
torsion,65,570.71,9.5232
torsion,65,572.38,9.2977
torsion,65,574.06,9.1173
torsion,65,575.73,8.9369
torsion,65,577.41,8.7564
torsion,65,579.08,8.5760
torsion,65,580.75,8.3956
torsion,65,582.43,8.2152
torsion,65,584.10,8.0348
torsion,65,585.77,7.8544
torsion,65,587.45,7.6740
torsion,65,589.12,7.4936
torsion,65,590.79,7.3582
torsion,65,592.47,7.1778
torsion,65,594.14,6.9974
torsion,65,595.82,6.8621
torsion,65,597.49,6.6817
torsion,65,599.16,6.5464
torsion,65,600.84,6.3660
torsion,65,602.51,6.2307
torsion,65,604.18,6.0954
torsion,65,605.86,5.9149
torsion,65,607.53,5.7796
torsion,65,609.21,5.6443
torsion,65,610.88,5.4639
torsion,65,612.55,5.3737
torsion,65,614.23,5.1933
torsion,65,615.90,5.1031
torsion,65,617.57,4.9227
torsion,65,619.25,4.8325
torsion,65,620.92,4.6521
torsion,65,622.59,4.5619
torsion,65,624.27,4.4716
torsion,65,625.94,4.2912
torsion,65,627.62,4.2010
torsion,65,629.29,4.1108
torsion,65,630.96,3.9304
torsion,65,632.64,3.8402
torsion,65,634.31,3.7500
torsion,65,635.98,3.6598
torsion,65,637.66,3.5245
torsion,65,639.33,3.3892
torsion,65,641.00,3.2990
torsion,65,642.68,3.2088
torsion,65,644.35,3.1186
torsion,65,646.03,3.0284
torsion,65,647.70,2.9381
torsion,65,649.37,2.8028
torsion,65,651.05,2.7126
torsion,65,652.72,2.6224
torsion,65,654.39,2.5322
torsion,65,656.07,2.4420
torsion,65,657.74,2.3518
torsion,65,659.41,2.2616
torsion,65,661.09,2.1714
torsion,65,662.76,2.0812
torsion,65,664.44,1.9910
torsion,65,666.11,1.9459
torsion,65,667.78,1.8557
torsion,65,669.46,1.8106
torsion,65,671.13,1.7204
torsion,65,672.80,1.6302
torsion,65,674.48,1.5399
torsion,65,676.15,1.4497
torsion,65,677.82,1.3595
torsion,65,679.50,1.2693
torsion,65,681.17,1.2242
torsion,65,682.85,1.1791
torsion,65,684.52,1.0889
torsion,65,686.19,0.9987
torsion,65,687.87,0.9085
torsion,65,689.54,0.8183
torsion,65,691.21,0.7281
torsion,65,692.89,0.6379
torsion,65,694.56,0.6379
torsion,65,696.23,0.5477
torsion,65,697.91,0.4575
torsion,65,699.58,0.3673
torsion,65,701.26,0.2771
torsion,65,702.93,0.1869
torsion,65,704.60,0.1418
torsion,65,706.28,0.0966
torsion,65,707.95,0.0064
torsion,65,709.62,-0.0838
torsion,65,711.30,-0.1740
torsion,65,712.97,-0.2191
torsion,65,714.64,-0.3093
torsion,65,716.32,-0.3544
torsion,65,717.99,-0.4446
torsion,65,719.67,-0.4897
torsion,65,721.34,-0.5799
torsion,65,723.01,-0.6250
torsion,65,724.69,-0.7152
torsion,65,726.36,-0.7603
torsion,65,728.03,-0.8505
torsion,65,729.71,-0.8956
torsion,65,731.38,-0.9407
torsion,65,733.05,-1.0309
torsion,65,734.73,-1.0760
torsion,65,736.40,-1.1211
torsion,65,738.08,-1.1662
torsion,65,739.75,-1.2113
torsion,65,741.42,-1.3015
torsion,65,743.10,-1.3466
torsion,65,744.77,-1.3918
torsion,65,746.44,-1.4369
torsion,65,748.12,-1.4820
torsion,65,749.79,-1.5271
torsion,65,751.46,-1.5722
torsion,65,753.14,-1.6173
torsion,65,754.81,-1.6624
torsion,65,756.49,-1.6624
torsion,65,758.16,-1.7526
torsion,65,759.83,-1.7526
torsion,65,761.51,-1.8428
torsion,65,763.18,-1.8428
torsion,65,764.85,-1.9330
torsion,65,766.53,-1.9330
torsion,65,768.20,-1.9330
torsion,65,769.87,-2.0232
torsion,65,771.55,-2.0232
torsion,65,773.22,-2.0232
torsion,65,774.90,-2.1134
torsion,65,776.57,-2.1134
torsion,65,778.24,-2.1134
torsion,65,779.92,-2.1134
torsion,65,781.59,-2.1134
torsion,65,783.26,-2.1134
torsion,65,784.94,-2.1134
torsion,65,786.61,-2.1134
torsion,65,788.28,-2.1134
torsion,65,789.96,-2.1134
torsion,65,791.63,-2.1134
torsion,65,793.31,-2.1134
torsion,65,794.98,-2.1134
torsion,65,796.65,-2.1134
torsion,65,798.33,-2.1134
torsion,65,800.00,-2.1134
torsion,72,0.00,-2.4291
torsion,72,1.67,-2.4291
torsion,72,3.35,-2.4291
torsion,72,5.02,-2.4291
torsion,72,6.69,-2.4291
torsion,72,8.37,-2.4291
torsion,72,10.04,-2.4291
torsion,72,11.72,-2.4291
torsion,72,13.39,-2.4291
torsion,72,15.06,-2.4291
torsion,72,16.74,-2.4291
torsion,72,18.41,-2.4742
torsion,72,20.08,-2.5193
torsion,72,21.76,-2.5193
torsion,72,23.43,-2.5644
torsion,72,25.10,-2.5644
torsion,72,26.78,-2.6095
torsion,72,28.45,-2.6095
torsion,72,30.13,-2.6095
torsion,72,31.80,-2.6546
torsion,72,33.47,-2.6997
torsion,72,35.15,-2.6997
torsion,72,36.82,-2.6997
torsion,72,38.49,-2.7448
torsion,72,40.17,-2.7448
torsion,72,41.84,-2.7899
torsion,72,43.51,-2.7899
torsion,72,45.19,-2.7899
torsion,72,46.86,-2.7899
torsion,72,48.54,-2.8351
torsion,72,50.21,-2.8802
torsion,72,51.88,-2.8802
torsion,72,53.56,-2.8802
torsion,72,55.23,-2.8802
torsion,72,56.90,-2.8802
torsion,72,58.58,-2.9253
torsion,72,60.25,-2.9253
torsion,72,61.92,-2.9253
torsion,72,63.60,-2.9704
torsion,72,65.27,-2.9704
torsion,72,66.95,-2.9704
torsion,72,68.62,-2.9704
torsion,72,70.29,-2.9704
torsion,72,71.97,-3.0155
torsion,72,73.64,-3.0155
torsion,72,75.31,-3.0155
torsion,72,76.99,-3.0606
torsion,72,78.66,-3.0606
torsion,72,80.33,-3.0606
torsion,72,82.01,-3.0606
torsion,72,83.68,-3.0606
torsion,72,85.36,-3.0606
torsion,72,87.03,-3.1057
torsion,72,88.70,-3.1057
torsion,72,90.38,-3.1057
torsion,72,92.05,-3.1057
torsion,72,93.72,-3.1057
torsion,72,95.40,-3.1508
torsion,72,97.07,-3.1508
torsion,72,98.74,-3.1508
torsion,72,100.42,-3.1508
torsion,72,102.09,-3.1508
torsion,72,103.77,-3.1508
torsion,72,105.44,-3.1508
torsion,72,107.11,-3.1508
torsion,72,108.79,-3.1508
torsion,72,110.46,-3.1959
torsion,72,112.13,-3.1959
torsion,72,113.81,-3.1959
torsion,72,115.48,-3.1959
torsion,72,117.15,-3.1959
torsion,72,118.83,-3.1959
torsion,72,120.50,-3.1959
torsion,72,122.18,-3.1508
torsion,72,123.85,-3.1057
torsion,72,125.52,-3.0155
torsion,72,127.20,-2.8802
torsion,72,128.87,-2.6997
torsion,72,130.54,-2.5193
torsion,72,132.22,-2.2938
torsion,72,133.89,-1.9330
torsion,72,135.56,-1.6173
torsion,72,137.24,-1.2564
torsion,72,138.91,-0.8054
torsion,72,140.59,-0.3995
torsion,72,142.26,0.0966
torsion,72,143.93,0.5928
torsion,72,145.61,1.1340
torsion,72,147.28,1.7204
torsion,72,148.95,2.3518
torsion,72,150.63,2.8930
torsion,72,152.30,3.5245
torsion,72,153.97,4.1559
torsion,72,155.65,4.7423
torsion,72,157.32,5.3286
torsion,72,159.00,5.9601
torsion,72,160.67,6.5464
torsion,72,162.34,7.1327
torsion,72,164.02,7.7191
torsion,72,165.69,8.2603
torsion,72,167.36,8.7564
torsion,72,169.04,9.2977
torsion,72,170.71,9.7938
torsion,72,172.38,10.2448
torsion,72,174.06,10.6959
torsion,72,175.73,11.1018
torsion,72,177.41,11.4626
torsion,72,179.08,11.7784
torsion,72,180.75,12.0941
torsion,72,182.43,12.3647
torsion,72,184.10,12.6353
torsion,72,185.77,12.8608
torsion,72,187.45,13.0412
torsion,72,189.12,13.2668
torsion,72,190.79,13.4472
torsion,72,192.47,13.6276
torsion,72,194.14,13.8080
torsion,72,195.82,13.9884
torsion,72,197.49,14.1237
torsion,72,199.16,14.3041
torsion,72,200.84,14.4394
torsion,72,202.51,14.6198
torsion,72,204.18,14.7552
torsion,72,205.86,14.9356
torsion,72,207.53,15.1160
torsion,72,209.21,15.2513
torsion,72,210.88,15.3866
torsion,72,212.55,15.5670
torsion,72,214.23,15.6572
torsion,72,215.90,15.8376
torsion,72,217.57,16.0180
torsion,72,219.25,16.1082
torsion,72,220.92,16.2887
torsion,72,222.59,16.3789
torsion,72,224.27,16.5142
torsion,72,225.94,16.6495
torsion,72,227.62,16.7848
torsion,72,229.29,16.8750
torsion,72,230.96,17.0103
torsion,72,232.64,17.1456
torsion,72,234.31,17.2358
torsion,72,235.98,17.3260
torsion,72,237.66,17.4613
torsion,72,239.33,17.5515
torsion,72,241.00,17.6869
torsion,72,242.68,17.7771
torsion,72,244.35,17.8673
torsion,72,246.03,17.9575
torsion,72,247.70,18.0477
torsion,72,249.37,18.1379
torsion,72,251.05,18.1830
torsion,72,252.72,18.2732
torsion,72,254.39,18.3634
torsion,72,256.07,18.4536
torsion,72,257.74,18.5438
torsion,72,259.41,18.6340
torsion,72,261.09,18.6791
torsion,72,262.76,18.7242
torsion,72,264.44,18.8144
torsion,72,266.11,18.8595
torsion,72,267.78,18.9497
torsion,72,269.46,18.9948
torsion,72,271.13,19.0399
torsion,72,272.80,19.0851
torsion,72,274.48,19.1302
torsion,72,276.15,19.1753
torsion,72,277.82,19.2204
torsion,72,279.50,19.3106
torsion,72,281.17,19.3106
torsion,72,282.85,19.3106
torsion,72,284.52,19.4008
torsion,72,286.19,19.4008
torsion,72,287.87,19.4910
torsion,72,289.54,19.4910
torsion,72,291.21,19.4910
torsion,72,292.89,19.4910
torsion,72,294.56,19.5812
torsion,72,296.23,19.5812
torsion,72,297.91,19.5812
torsion,72,299.58,19.5812
torsion,72,301.26,19.6263
torsion,72,302.93,19.6714
torsion,72,304.60,19.6714
torsion,72,306.28,19.6714
torsion,72,307.95,19.6714
torsion,72,309.62,19.6714
torsion,72,311.30,19.6714
torsion,72,312.97,19.6714
torsion,72,314.64,19.6714
torsion,72,316.32,19.6714
torsion,72,317.99,19.6714
torsion,72,319.67,19.6714
torsion,72,321.34,19.6714
torsion,72,323.01,19.6714
torsion,72,324.69,19.6263
torsion,72,326.36,19.6263
torsion,72,328.03,19.6263
torsion,72,329.71,19.6263
torsion,72,331.38,19.6263
torsion,72,333.05,19.6263
torsion,72,334.73,19.5812
torsion,72,336.40,19.5812
torsion,72,338.08,19.5812
torsion,72,339.75,19.5812
torsion,72,341.42,19.5812
torsion,72,343.10,19.5812
torsion,72,344.77,19.5812
torsion,72,346.44,19.5812
torsion,72,348.12,19.5361
torsion,72,349.79,19.5361
torsion,72,351.46,19.5361
torsion,72,353.14,19.5361
torsion,72,354.81,19.5361
torsion,72,356.49,19.5361
torsion,72,358.16,19.5361
torsion,72,359.83,19.5361
torsion,72,361.51,19.5361
torsion,72,363.18,19.5361
torsion,72,364.85,19.5361
torsion,72,366.53,19.5361
torsion,72,368.20,19.5361
torsion,72,369.87,19.5361
torsion,72,371.55,19.5812
torsion,72,373.22,19.5812
torsion,72,374.90,19.5812
torsion,72,376.57,19.5812
torsion,72,378.24,19.5812
torsion,72,379.92,19.5812
torsion,72,381.59,19.6263
torsion,72,383.26,19.6263
torsion,72,384.94,19.6714
torsion,72,386.61,19.6714
torsion,72,388.28,19.6714
torsion,72,389.96,19.7165
torsion,72,391.63,19.7616
torsion,72,393.31,19.7616
torsion,72,394.98,19.7616
torsion,72,396.65,19.8518
torsion,72,398.33,19.8518
torsion,72,400.00,19.8969
torsion,72,401.67,19.9420
torsion,72,403.35,19.9420
torsion,72,405.02,19.9420
torsion,72,406.69,19.9420
torsion,72,408.37,19.9420
torsion,72,410.04,19.8969
torsion,72,411.72,19.8969
torsion,72,413.39,19.8518
torsion,72,415.06,19.8518
torsion,72,416.74,19.8067
torsion,72,418.41,19.7616
torsion,72,420.08,19.7616
torsion,72,421.76,19.6714
torsion,72,423.43,19.6714
torsion,72,425.10,19.6263
torsion,72,426.78,19.5812
torsion,72,428.45,19.5812
torsion,72,430.13,19.4910
torsion,72,431.80,19.4910
torsion,72,433.47,19.4008
torsion,72,435.15,19.4008
torsion,72,436.82,19.3106
torsion,72,438.49,19.3106
torsion,72,440.17,19.2204
torsion,72,441.84,19.1753
torsion,72,443.51,19.1302
torsion,72,445.19,19.0399
torsion,72,446.86,19.0399
torsion,72,448.54,18.9497
torsion,72,450.21,18.9046
torsion,72,451.88,18.8595
torsion,72,453.56,18.7693
torsion,72,455.23,18.7242
torsion,72,456.90,18.6791
torsion,72,458.58,18.5889
torsion,72,460.25,18.5438
torsion,72,461.92,18.4536
torsion,72,463.60,18.4085
torsion,72,465.27,18.3183
torsion,72,466.95,18.2732
torsion,72,468.62,18.1830
torsion,72,470.29,18.1379
torsion,72,471.97,18.0477
torsion,72,473.64,18.0026
torsion,72,475.31,17.9124
torsion,72,476.99,17.8222
torsion,72,478.66,17.7320
torsion,72,480.33,17.6869
torsion,72,482.01,17.5966
torsion,72,483.68,17.5515
torsion,72,485.36,17.4613
torsion,72,487.03,17.3711
torsion,72,488.70,17.2809
torsion,72,490.38,17.1907
torsion,72,492.05,17.1005
torsion,72,493.72,16.9652
torsion,72,495.40,16.8750
torsion,72,497.07,16.6946
torsion,72,498.74,16.6044
torsion,72,500.42,16.5142
torsion,72,502.09,16.3789
torsion,72,503.77,16.2436
torsion,72,505.44,16.1082
torsion,72,507.11,15.9278
torsion,72,508.79,15.7925
torsion,72,510.46,15.6572
torsion,72,512.13,15.4768
torsion,72,513.81,15.3415
torsion,72,515.48,15.2062
torsion,72,517.15,15.0258
torsion,72,518.83,14.8454
torsion,72,520.50,14.7101
torsion,72,522.18,14.5296
torsion,72,523.85,14.3492
torsion,72,525.52,14.1688
torsion,72,527.20,13.9884
torsion,72,528.87,13.8080
torsion,72,530.54,13.6276
torsion,72,532.22,13.4472
torsion,72,533.89,13.2668
torsion,72,535.56,13.0412
torsion,72,537.24,12.8608
torsion,72,538.91,12.6804
torsion,72,540.59,12.4549
torsion,72,542.26,12.2745
torsion,72,543.93,12.0490
torsion,72,545.61,11.8686
torsion,72,547.28,11.6881
torsion,72,548.95,11.4626
torsion,72,550.63,11.2371
torsion,72,552.30,11.0567
torsion,72,553.97,10.8763
torsion,72,555.65,10.6959
torsion,72,557.32,10.4704
torsion,72,559.00,10.2448
torsion,72,560.67,10.0644
torsion,72,562.34,9.8840
torsion,72,564.02,9.6585
torsion,72,565.69,9.4781
torsion,72,567.36,9.2977
torsion,72,569.04,9.1173
torsion,72,570.71,8.9369
torsion,72,572.38,8.7113
torsion,72,574.06,8.5309
torsion,72,575.73,8.3505
torsion,72,577.41,8.1701
torsion,72,579.08,7.9897
torsion,72,580.75,7.8093
torsion,72,582.43,7.6289
torsion,72,584.10,7.4485
torsion,72,585.77,7.3131
torsion,72,587.45,7.1327
torsion,72,589.12,6.9523
torsion,72,590.79,6.7719
torsion,72,592.47,6.6366
torsion,72,594.14,6.4562
torsion,72,595.82,6.3209
torsion,72,597.49,6.1856
torsion,72,599.16,6.0052
torsion,72,600.84,5.8247
torsion,72,602.51,5.7345
torsion,72,604.18,5.5541
torsion,72,605.86,5.4188
torsion,72,607.53,5.2835
torsion,72,609.21,5.1482
torsion,72,610.88,5.0129
torsion,72,612.55,4.8776
torsion,72,614.23,4.7423
torsion,72,615.90,4.6070
torsion,72,617.57,4.5168
torsion,72,619.25,4.3363
torsion,72,620.92,4.2461
torsion,72,622.59,4.1559
torsion,72,624.27,3.9755
torsion,72,625.94,3.8853
torsion,72,627.62,3.7500
torsion,72,629.29,3.6147
torsion,72,630.96,3.5245
torsion,72,632.64,3.4343
torsion,72,634.31,3.2990
torsion,72,635.98,3.2088
torsion,72,637.66,3.1186
torsion,72,639.33,3.0284
torsion,72,641.00,2.8930
torsion,72,642.68,2.8028
torsion,72,644.35,2.7126
torsion,72,646.03,2.5773
torsion,72,647.70,2.4871
torsion,72,649.37,2.3969
torsion,72,651.05,2.3067
torsion,72,652.72,2.2165
torsion,72,654.39,2.1263
torsion,72,656.07,2.0812
torsion,72,657.74,1.9910
torsion,72,659.41,1.9008
torsion,72,661.09,1.8557
torsion,72,662.76,1.7655
torsion,72,664.44,1.6753
torsion,72,666.11,1.5851
torsion,72,667.78,1.4948
torsion,72,669.46,1.4046
torsion,72,671.13,1.3144
torsion,72,672.80,1.2693
torsion,72,674.48,1.1791
torsion,72,676.15,1.1340
torsion,72,677.82,1.0438
torsion,72,679.50,0.9536
torsion,72,681.17,0.8634
torsion,72,682.85,0.7732
torsion,72,684.52,0.7281
torsion,72,686.19,0.6379
torsion,72,687.87,0.5928
torsion,72,689.54,0.5026
torsion,72,691.21,0.4124
torsion,72,692.89,0.3222
torsion,72,694.56,0.2320
torsion,72,696.23,0.1869
torsion,72,697.91,0.1418
torsion,72,699.58,0.0515
torsion,72,701.26,-0.0387
torsion,72,702.93,-0.1289
torsion,72,704.60,-0.1740
torsion,72,706.28,-0.2642
torsion,72,707.95,-0.3093
torsion,72,709.62,-0.3995
torsion,72,711.30,-0.4897
torsion,72,712.97,-0.5348
torsion,72,714.64,-0.5799
torsion,72,716.32,-0.6701
torsion,72,717.99,-0.7603
torsion,72,719.67,-0.8054
torsion,72,721.34,-0.8956
torsion,72,723.01,-0.9407
torsion,72,724.69,-0.9858
torsion,72,726.36,-1.0760
torsion,72,728.03,-1.1211
torsion,72,729.71,-1.1662
torsion,72,731.38,-1.2564
torsion,72,733.05,-1.3015
torsion,72,734.73,-1.3466
torsion,72,736.40,-1.4369
torsion,72,738.08,-1.4369
torsion,72,739.75,-1.5271
torsion,72,741.42,-1.5271
torsion,72,743.10,-1.6173
torsion,72,744.77,-1.6173
torsion,72,746.44,-1.7075
torsion,72,748.12,-1.7977
torsion,72,749.79,-1.7977
torsion,72,751.46,-1.8428
torsion,72,753.14,-1.8879
torsion,72,754.81,-1.8879
torsion,72,756.49,-1.9781
torsion,72,758.16,-1.9781
torsion,72,759.83,-2.0683
torsion,72,761.51,-2.0683
torsion,72,763.18,-2.1134
torsion,72,764.85,-2.1585
torsion,72,766.53,-2.1585
torsion,72,768.20,-2.2487
torsion,72,769.87,-2.2487
torsion,72,771.55,-2.2487
torsion,72,773.22,-2.2938
torsion,72,774.90,-2.3389
torsion,72,776.57,-2.3389
torsion,72,778.24,-2.3389
torsion,72,779.92,-2.3389
torsion,72,781.59,-2.3389
torsion,72,783.26,-2.3389
torsion,72,784.94,-2.3389
torsion,72,786.61,-2.3389
torsion,72,788.28,-2.3389
torsion,72,789.96,-2.3389
torsion,72,791.63,-2.3389
torsion,72,793.31,-2.3389
torsion,72,794.98,-2.3389
torsion,72,796.65,-2.3389
torsion,72,798.33,-2.3389
torsion,72,800.00,-2.3389
