# Digitized traces from Genet et al. (2023), their Fig 6 (aspect ratio  L/2R_i).
# Extracted from the published figure by hue segmentation (provenance/reproduction).
# Where variations overlap (curves coincide) an occluded segment is completed from
# the nearest visible variation. columns: panel {pressure[kPa],volume[mL],torsion[deg]}, variation, x=time[ms], y.
panel,variation,x,y
pressure,1.0,0.00,0.8840
pressure,1.0,1.67,0.8840
pressure,1.0,3.35,0.8840
pressure,1.0,5.02,0.8840
pressure,1.0,6.69,0.8840
pressure,1.0,8.37,0.8840
pressure,1.0,10.04,0.8840
pressure,1.0,11.72,0.8840
pressure,1.0,13.39,0.8840
pressure,1.0,15.06,0.8840
pressure,1.0,16.74,0.8840
pressure,1.0,18.41,0.8840
pressure,1.0,20.08,0.8840
pressure,1.0,21.76,0.8840
pressure,1.0,23.43,0.8840
pressure,1.0,25.10,0.8840
pressure,1.0,26.78,0.8840
pressure,1.0,28.45,0.8840
pressure,1.0,30.13,0.8840
pressure,1.0,31.80,0.8840
pressure,1.0,33.47,0.8840
pressure,1.0,35.15,0.8840
pressure,1.0,36.82,0.8840
pressure,1.0,38.49,0.8840
pressure,1.0,40.17,0.8840
pressure,1.0,41.84,0.8840
pressure,1.0,43.51,0.8840
pressure,1.0,45.19,0.8840
pressure,1.0,46.86,0.8840
pressure,1.0,48.54,0.8840
pressure,1.0,50.21,0.8840
pressure,1.0,51.88,0.8840
pressure,1.0,53.56,0.8840
pressure,1.0,55.23,0.8840
pressure,1.0,56.90,0.8840
pressure,1.0,58.58,0.8840
pressure,1.0,60.25,0.8840
pressure,1.0,61.92,0.8840
pressure,1.0,63.60,0.8840
pressure,1.0,65.27,0.8840
pressure,1.0,66.95,0.8840
pressure,1.0,68.62,0.8840
pressure,1.0,70.29,0.8840
pressure,1.0,71.97,0.8840
pressure,1.0,73.64,0.8840
pressure,1.0,75.31,0.8840
pressure,1.0,76.99,0.8840
pressure,1.0,78.66,0.8840
pressure,1.0,80.33,0.8840
pressure,1.0,82.01,0.8840
pressure,1.0,83.68,0.8840
pressure,1.0,85.36,0.8840
pressure,1.0,87.03,0.8840
pressure,1.0,88.70,0.8840
pressure,1.0,90.38,0.8840
pressure,1.0,92.05,0.8840
pressure,1.0,93.72,0.8840
pressure,1.0,95.40,0.8840
pressure,1.0,97.07,0.8840
pressure,1.0,98.74,0.8840
pressure,1.0,100.42,0.8840
pressure,1.0,102.09,0.8840
pressure,1.0,103.77,0.8840
pressure,1.0,105.44,0.8840
pressure,1.0,107.11,0.8840
pressure,1.0,108.79,0.8840
pressure,1.0,110.46,0.8840
pressure,1.0,112.13,0.8840
pressure,1.0,113.81,0.8840
pressure,1.0,115.48,0.8840
pressure,1.0,117.15,0.8840
pressure,1.0,118.83,0.8840
pressure,1.0,120.50,0.8840
pressure,1.0,122.18,0.8840
pressure,1.0,123.85,0.8840
pressure,1.0,125.52,0.8840
pressure,1.0,127.20,0.9021
pressure,1.0,128.87,0.9381
pressure,1.0,130.54,1.0103
pressure,1.0,132.22,1.1005
pressure,1.0,133.89,1.1907
pressure,1.0,135.56,1.3170
pressure,1.0,137.24,1.4613
pressure,1.0,138.91,1.6418
pressure,1.0,140.59,1.8222
pressure,1.0,142.26,2.0206
pressure,1.0,143.93,2.2552
pressure,1.0,145.61,2.4716
pressure,1.0,147.28,2.7062
pressure,1.0,148.95,2.9588
pressure,1.0,150.63,3.2294
pressure,1.0,152.30,3.5000
pressure,1.0,153.97,3.7526
pressure,1.0,155.65,4.0232
pressure,1.0,157.32,4.3119
pressure,1.0,159.00,4.5825
pressure,1.0,160.67,4.8711
pressure,1.0,162.34,5.1418
pressure,1.0,164.02,5.4304
pressure,1.0,165.69,5.7371
pressure,1.0,167.36,6.0077
pressure,1.0,169.04,6.3144
pressure,1.0,170.71,6.5851
pressure,1.0,172.38,6.8737
pressure,1.0,174.06,7.1624
pressure,1.0,175.73,7.4510
pressure,1.0,177.41,7.7216
pressure,1.0,179.08,7.9923
pressure,1.0,180.75,8.2629
pressure,1.0,182.43,8.5515
pressure,1.0,184.10,8.8222
pressure,1.0,185.77,9.0928
pressure,1.0,187.45,9.3814
pressure,1.0,189.12,9.6521
pressure,1.0,190.79,9.9046
pressure,1.0,192.47,10.1572
pressure,1.0,194.14,10.4098
pressure,1.0,195.82,10.6443
pressure,1.0,197.49,10.8608
pressure,1.0,199.16,11.0773
pressure,1.0,200.84,11.2577
pressure,1.0,202.51,11.4381
pressure,1.0,204.18,11.6005
pressure,1.0,205.86,11.7809
pressure,1.0,207.53,11.9072
pressure,1.0,209.21,12.0155
pressure,1.0,210.88,12.1418
pressure,1.0,212.55,12.2139
pressure,1.0,214.23,12.3041
pressure,1.0,215.90,12.3763
pressure,1.0,217.57,12.4485
pressure,1.0,219.25,12.5026
pressure,1.0,220.92,12.5387
pressure,1.0,222.59,12.5928
pressure,1.0,224.27,12.6289
pressure,1.0,225.94,12.6649
pressure,1.0,227.62,12.6830
pressure,1.0,229.29,12.7191
pressure,1.0,230.96,12.7191
pressure,1.0,232.64,12.7552
pressure,1.0,234.31,12.7552
pressure,1.0,235.98,12.7732
pressure,1.0,237.66,12.7912
pressure,1.0,239.33,12.7912
pressure,1.0,241.00,12.7912
pressure,1.0,242.68,12.7010
pressure,1.0,244.35,12.7010
pressure,1.0,246.03,12.7010
pressure,1.0,247.70,12.7010
pressure,1.0,249.37,12.7010
pressure,1.0,251.05,12.7010
pressure,1.0,252.72,12.7010
pressure,1.0,254.39,12.7010
pressure,1.0,256.07,12.7912
pressure,1.0,257.74,12.7912
pressure,1.0,259.41,12.7912
pressure,1.0,261.09,12.7912
pressure,1.0,262.76,12.7732
pressure,1.0,264.44,12.7732
pressure,1.0,266.11,12.7552
pressure,1.0,267.78,12.7552
pressure,1.0,269.46,12.7552
pressure,1.0,271.13,12.7552
pressure,1.0,272.80,12.7371
pressure,1.0,274.48,12.7371
pressure,1.0,276.15,12.7191
pressure,1.0,277.82,12.7191
pressure,1.0,279.50,12.7191
pressure,1.0,281.17,12.7010
pressure,1.0,282.85,12.6830
pressure,1.0,284.52,12.6830
pressure,1.0,286.19,12.6830
pressure,1.0,287.87,12.6830
pressure,1.0,289.54,12.6649
pressure,1.0,291.21,12.6649
pressure,1.0,292.89,12.6469
pressure,1.0,294.56,12.6469
pressure,1.0,296.23,12.6469
pressure,1.0,297.91,12.6289
pressure,1.0,299.58,12.6289
pressure,1.0,301.26,12.6108
pressure,1.0,302.93,12.6108
pressure,1.0,304.60,12.6108
pressure,1.0,306.28,12.5928
pressure,1.0,307.95,12.5747
pressure,1.0,309.62,12.5747
pressure,1.0,311.30,12.5747
pressure,1.0,312.97,12.5567
pressure,1.0,314.64,12.5387
pressure,1.0,316.32,12.5387
pressure,1.0,317.99,12.5387
pressure,1.0,319.67,12.5206
pressure,1.0,321.34,12.5026
pressure,1.0,323.01,12.5026
pressure,1.0,324.69,12.5026
pressure,1.0,326.36,12.5026
pressure,1.0,328.03,12.4845
pressure,1.0,329.71,12.4845
pressure,1.0,331.38,12.4665
pressure,1.0,333.05,12.4665
pressure,1.0,334.73,12.4304
pressure,1.0,336.40,12.4304
pressure,1.0,338.08,12.4124
pressure,1.0,339.75,12.3943
pressure,1.0,341.42,12.3582
pressure,1.0,343.10,12.3402
pressure,1.0,344.77,12.3222
pressure,1.0,346.44,12.2861
pressure,1.0,348.12,12.2680
pressure,1.0,349.79,12.2320
pressure,1.0,351.46,12.1959
pressure,1.0,353.14,12.1598
pressure,1.0,354.81,12.1237
pressure,1.0,356.49,12.0876
pressure,1.0,358.16,12.0515
pressure,1.0,359.83,12.0155
pressure,1.0,361.51,11.9794
pressure,1.0,363.18,11.9433
pressure,1.0,364.85,11.9072
pressure,1.0,366.53,11.8711
pressure,1.0,368.20,11.8351
pressure,1.0,369.87,11.7809
pressure,1.0,371.55,11.7448
pressure,1.0,373.22,11.6907
pressure,1.0,374.90,11.6546
pressure,1.0,376.57,11.6186
pressure,1.0,378.24,11.5825
pressure,1.0,379.92,11.5284
pressure,1.0,381.59,11.4923
pressure,1.0,383.26,11.4381
pressure,1.0,384.94,11.3840
pressure,1.0,386.61,11.3479
pressure,1.0,388.28,11.2938
pressure,1.0,389.96,11.2397
pressure,1.0,391.63,11.2036
pressure,1.0,393.31,11.1314
pressure,1.0,394.98,11.0954
pressure,1.0,396.65,11.0412
pressure,1.0,398.33,10.9871
pressure,1.0,400.00,10.9330
pressure,1.0,401.67,10.8789
pressure,1.0,403.35,10.8247
pressure,1.0,405.02,10.7706
pressure,1.0,406.69,10.7165
pressure,1.0,408.37,10.5722
pressure,1.0,410.04,10.4278
pressure,1.0,411.72,10.2113
pressure,1.0,413.39,9.8866
pressure,1.0,415.06,9.5438
pressure,1.0,416.74,9.1108
pressure,1.0,418.41,8.6598
pressure,1.0,420.08,8.1907
pressure,1.0,421.76,7.6675
pressure,1.0,423.43,7.2345
pressure,1.0,425.10,6.8196
pressure,1.0,426.78,6.4046
pressure,1.0,428.45,6.0258
pressure,1.0,430.13,5.6649
pressure,1.0,431.80,5.3222
pressure,1.0,433.47,5.0335
pressure,1.0,435.15,4.7088
pressure,1.0,436.82,4.4201
pressure,1.0,438.49,4.1675
pressure,1.0,440.17,3.9330
pressure,1.0,441.84,3.6804
pressure,1.0,443.51,3.4639
pressure,1.0,445.19,3.2474
pressure,1.0,446.86,3.0670
pressure,1.0,448.54,2.8866
pressure,1.0,450.21,2.7062
pressure,1.0,451.88,2.5438
pressure,1.0,453.56,2.3995
pressure,1.0,455.23,2.2552
pressure,1.0,456.90,2.1289
pressure,1.0,458.58,1.9845
pressure,1.0,460.25,1.8582
pressure,1.0,461.92,1.7680
pressure,1.0,463.60,1.6418
pressure,1.0,465.27,1.5335
pressure,1.0,466.95,1.4613
pressure,1.0,468.62,1.3711
pressure,1.0,470.29,1.2990
pressure,1.0,471.97,1.2088
pressure,1.0,473.64,1.1366
pressure,1.0,475.31,1.0644
pressure,1.0,476.99,1.0103
pressure,1.0,478.66,0.9381
pressure,1.0,480.33,0.8840
pressure,1.0,482.01,0.8299
pressure,1.0,483.68,0.7758
pressure,1.0,485.36,0.7397
pressure,1.0,487.03,0.6856
pressure,1.0,488.70,0.6495
pressure,1.0,490.38,0.6134
pressure,1.0,492.05,0.5773
pressure,1.0,493.72,0.5593
pressure,1.0,495.40,0.5412
pressure,1.0,497.07,0.5412
pressure,1.0,498.74,0.5232
pressure,1.0,500.42,0.5232
pressure,1.0,502.09,0.5232
pressure,1.0,503.77,0.5232
pressure,1.0,505.44,0.5052
pressure,1.0,507.11,0.5052
pressure,1.0,508.79,0.5052
pressure,1.0,510.46,0.4871
pressure,1.0,512.13,0.4871
pressure,1.0,513.81,0.4871
pressure,1.0,515.48,0.4871
pressure,1.0,517.15,0.4871
pressure,1.0,518.83,0.4871
pressure,1.0,520.50,0.4871
pressure,1.0,522.18,0.4871
pressure,1.0,523.85,0.4871
pressure,1.0,525.52,0.4871
pressure,1.0,527.20,0.4871
pressure,1.0,528.87,0.4871
pressure,1.0,530.54,0.4871
pressure,1.0,532.22,0.4871
pressure,1.0,533.89,0.4871
pressure,1.0,535.56,0.4871
pressure,1.0,537.24,0.4871
pressure,1.0,538.91,0.4871
pressure,1.0,540.59,0.4871
pressure,1.0,542.26,0.4871
pressure,1.0,543.93,0.4871
pressure,1.0,545.61,0.4871
pressure,1.0,547.28,0.4871
pressure,1.0,548.95,0.4871
pressure,1.0,550.63,0.4871
pressure,1.0,552.30,0.4871
pressure,1.0,553.97,0.5052
pressure,1.0,555.65,0.5052
pressure,1.0,557.32,0.5052
pressure,1.0,559.00,0.5052
pressure,1.0,560.67,0.5052
pressure,1.0,562.34,0.5052
pressure,1.0,564.02,0.5052
pressure,1.0,565.69,0.5232
pressure,1.0,567.36,0.5232
pressure,1.0,569.04,0.5232
pressure,1.0,570.71,0.5232
pressure,1.0,572.38,0.5232
pressure,1.0,574.06,0.5232
pressure,1.0,575.73,0.5232
pressure,1.0,577.41,0.5232
pressure,1.0,579.08,0.5232
pressure,1.0,580.75,0.5232
pressure,1.0,582.43,0.5232
pressure,1.0,584.10,0.5232
pressure,1.0,585.77,0.5412
pressure,1.0,587.45,0.5412
pressure,1.0,589.12,0.5412
pressure,1.0,590.79,0.5412
pressure,1.0,592.47,0.5412
pressure,1.0,594.14,0.5412
pressure,1.0,595.82,0.5412
pressure,1.0,597.49,0.5412
pressure,1.0,599.16,0.5412
pressure,1.0,600.84,0.5412
pressure,1.0,602.51,0.5412
pressure,1.0,604.18,0.5412
pressure,1.0,605.86,0.5412
pressure,1.0,607.53,0.5412
pressure,1.0,609.21,0.5412
pressure,1.0,610.88,0.5412
pressure,1.0,612.55,0.5412
pressure,1.0,614.23,0.5412
pressure,1.0,615.90,0.5412
pressure,1.0,617.57,0.5412
pressure,1.0,619.25,0.5412
pressure,1.0,620.92,0.5412
pressure,1.0,622.59,0.5412
pressure,1.0,624.27,0.5412
pressure,1.0,625.94,0.5412
pressure,1.0,627.62,0.5412
pressure,1.0,629.29,0.5412
pressure,1.0,630.96,0.5412
pressure,1.0,632.64,0.5412
pressure,1.0,634.31,0.5412
pressure,1.0,635.98,0.5412
pressure,1.0,637.66,0.5412
pressure,1.0,639.33,0.5412
pressure,1.0,641.00,0.5412
pressure,1.0,642.68,0.5412
pressure,1.0,644.35,0.5412
pressure,1.0,646.03,0.5412
pressure,1.0,647.70,0.5412
pressure,1.0,649.37,0.5412
pressure,1.0,651.05,0.5412
pressure,1.0,652.72,0.5412
pressure,1.0,654.39,0.5412
pressure,1.0,656.07,0.5412
pressure,1.0,657.74,0.5412
pressure,1.0,659.41,0.5412
pressure,1.0,661.09,0.5412
pressure,1.0,662.76,0.5593
pressure,1.0,664.44,0.5593
pressure,1.0,666.11,0.5593
pressure,1.0,667.78,0.5773
pressure,1.0,669.46,0.5773
pressure,1.0,671.13,0.5954
pressure,1.0,672.80,0.5954
pressure,1.0,674.48,0.5954
pressure,1.0,676.15,0.6134
pressure,1.0,677.82,0.6314
pressure,1.0,679.50,0.6314
pressure,1.0,681.17,0.6314
pressure,1.0,682.85,0.6495
pressure,1.0,684.52,0.6495
pressure,1.0,686.19,0.6675
pressure,1.0,687.87,0.6675
pressure,1.0,689.54,0.6856
pressure,1.0,691.21,0.7036
pressure,1.0,692.89,0.7036
pressure,1.0,694.56,0.7216
pressure,1.0,696.23,0.7216
pressure,1.0,697.91,0.7397
pressure,1.0,699.58,0.7397
pressure,1.0,701.26,0.7577
pressure,1.0,702.93,0.7577
pressure,1.0,704.60,0.7758
pressure,1.0,706.28,0.7758
pressure,1.0,707.95,0.7938
pressure,1.0,709.62,0.8119
pressure,1.0,711.30,0.8119
pressure,1.0,712.97,0.8119
pressure,1.0,714.64,0.8299
pressure,1.0,716.32,0.8479
pressure,1.0,717.99,0.8479
pressure,1.0,719.67,0.8660
pressure,1.0,721.34,0.8660
pressure,1.0,723.01,0.8660
pressure,1.0,724.69,0.8660
pressure,1.0,726.36,0.8660
pressure,1.0,728.03,0.8660
pressure,1.0,729.71,0.8660
pressure,1.0,731.38,0.8840
pressure,1.0,733.05,0.8840
pressure,1.0,734.73,0.8840
pressure,1.0,736.40,0.8840
pressure,1.0,738.08,0.8840
pressure,1.0,739.75,0.8840
pressure,1.0,741.42,0.8840
pressure,1.0,743.10,0.8840
pressure,1.0,744.77,0.8840
pressure,1.0,746.44,0.8840
pressure,1.0,748.12,0.8840
pressure,1.0,749.79,0.8840
pressure,1.0,751.46,0.8840
pressure,1.0,753.14,0.8840
pressure,1.0,754.81,0.8840
pressure,1.0,756.49,0.8840
pressure,1.0,758.16,0.8840
pressure,1.0,759.83,0.8840
pressure,1.0,761.51,0.8840
pressure,1.0,763.18,0.8840
pressure,1.0,764.85,0.8840
pressure,1.0,766.53,0.8840
pressure,1.0,768.20,0.8840
pressure,1.0,769.87,0.8840
pressure,1.0,771.55,0.8840
pressure,1.0,773.22,0.8840
pressure,1.0,774.90,0.8840
pressure,1.0,776.57,0.8840
pressure,1.0,778.24,0.8840
pressure,1.0,779.92,0.8840
pressure,1.0,781.59,0.8840
pressure,1.0,783.26,0.8840
pressure,1.0,784.94,0.8840
pressure,1.0,786.61,0.8840
pressure,1.0,788.28,0.8840
pressure,1.0,789.96,0.8840
pressure,1.0,791.63,0.8840
pressure,1.0,793.31,0.8840
pressure,1.0,794.98,0.8840
pressure,1.0,796.65,0.8840
pressure,1.0,798.33,0.8840
pressure,1.0,800.00,0.8840
pressure,1.5,0.00,0.8840
pressure,1.5,1.67,0.8840
pressure,1.5,3.35,0.8840
pressure,1.5,5.02,0.8840
pressure,1.5,6.69,0.8840
pressure,1.5,8.37,0.8840
pressure,1.5,10.04,0.8840
pressure,1.5,11.72,0.8840
pressure,1.5,13.39,0.8840
pressure,1.5,15.06,0.8840
pressure,1.5,16.74,0.8840
pressure,1.5,18.41,0.8840
pressure,1.5,20.08,0.8840
pressure,1.5,21.76,0.8840
pressure,1.5,23.43,0.8840
pressure,1.5,25.10,0.8840
pressure,1.5,26.78,0.8840
pressure,1.5,28.45,0.8840
pressure,1.5,30.13,0.8840
pressure,1.5,31.80,0.8840
pressure,1.5,33.47,0.8840
pressure,1.5,35.15,0.8840
pressure,1.5,36.82,0.8840
pressure,1.5,38.49,0.8840
pressure,1.5,40.17,0.8840
pressure,1.5,41.84,0.8840
pressure,1.5,43.51,0.8840
pressure,1.5,45.19,0.8840
pressure,1.5,46.86,0.8840
pressure,1.5,48.54,0.8840
pressure,1.5,50.21,0.8840
pressure,1.5,51.88,0.8840
pressure,1.5,53.56,0.8840
pressure,1.5,55.23,0.8840
pressure,1.5,56.90,0.8840
pressure,1.5,58.58,0.8840
pressure,1.5,60.25,0.8840
pressure,1.5,61.92,0.8840
pressure,1.5,63.60,0.8840
pressure,1.5,65.27,0.8840
pressure,1.5,66.95,0.8840
pressure,1.5,68.62,0.8840
pressure,1.5,70.29,0.8840
pressure,1.5,71.97,0.8840
pressure,1.5,73.64,0.8840
pressure,1.5,75.31,0.8840
pressure,1.5,76.99,0.8840
pressure,1.5,78.66,0.8840
pressure,1.5,80.33,0.8840
pressure,1.5,82.01,0.8840
pressure,1.5,83.68,0.8840
pressure,1.5,85.36,0.8840
pressure,1.5,87.03,0.8840
pressure,1.5,88.70,0.8840
pressure,1.5,90.38,0.8840
pressure,1.5,92.05,0.8840
pressure,1.5,93.72,0.8840
pressure,1.5,95.40,0.8840
pressure,1.5,97.07,0.8840
pressure,1.5,98.74,0.8840
pressure,1.5,100.42,0.8840
pressure,1.5,102.09,0.8840
pressure,1.5,103.77,0.8840
pressure,1.5,105.44,0.8840
pressure,1.5,107.11,0.8840
pressure,1.5,108.79,0.8840
pressure,1.5,110.46,0.8840
pressure,1.5,112.13,0.8840
pressure,1.5,113.81,0.8840
pressure,1.5,115.48,0.8840
pressure,1.5,117.15,0.8840
pressure,1.5,118.83,0.8840
pressure,1.5,120.50,0.8840
pressure,1.5,122.18,0.8840
pressure,1.5,123.85,0.8840
pressure,1.5,125.52,0.8840
pressure,1.5,127.20,0.9021
pressure,1.5,128.87,0.9381
pressure,1.5,130.54,1.0103
pressure,1.5,132.22,1.1005
pressure,1.5,133.89,1.1907
pressure,1.5,135.56,1.3170
pressure,1.5,137.24,1.4613
pressure,1.5,138.91,1.6418
pressure,1.5,140.59,1.8222
pressure,1.5,142.26,2.0206
pressure,1.5,143.93,2.2552
pressure,1.5,145.61,2.4716
pressure,1.5,147.28,2.7062
pressure,1.5,148.95,2.9588
pressure,1.5,150.63,3.2294
pressure,1.5,152.30,3.5000
pressure,1.5,153.97,3.7526
pressure,1.5,155.65,4.0232
pressure,1.5,157.32,4.3119
pressure,1.5,159.00,4.5825
pressure,1.5,160.67,4.8711
pressure,1.5,162.34,5.1418
pressure,1.5,164.02,5.4304
pressure,1.5,165.69,5.7371
pressure,1.5,167.36,6.0077
pressure,1.5,169.04,6.3144
pressure,1.5,170.71,6.5851
pressure,1.5,172.38,6.8737
pressure,1.5,174.06,7.1624
pressure,1.5,175.73,7.4510
pressure,1.5,177.41,7.7216
pressure,1.5,179.08,7.9923
pressure,1.5,180.75,8.2629
pressure,1.5,182.43,8.5515
pressure,1.5,184.10,8.8222
pressure,1.5,185.77,9.0928
pressure,1.5,187.45,9.3814
pressure,1.5,189.12,9.6521
pressure,1.5,190.79,9.9046
pressure,1.5,192.47,10.1572
pressure,1.5,194.14,10.4098
pressure,1.5,195.82,10.6443
pressure,1.5,197.49,10.8608
pressure,1.5,199.16,11.0773
pressure,1.5,200.84,11.2577
pressure,1.5,202.51,11.4381
pressure,1.5,204.18,11.6005
pressure,1.5,205.86,11.7809
pressure,1.5,207.53,11.9072
pressure,1.5,209.21,12.0155
pressure,1.5,210.88,12.1418
pressure,1.5,212.55,12.2139
pressure,1.5,214.23,12.3041
pressure,1.5,215.90,12.3763
pressure,1.5,217.57,12.4485
pressure,1.5,219.25,12.5026
pressure,1.5,220.92,12.5387
pressure,1.5,222.59,12.5928
pressure,1.5,224.27,12.6289
pressure,1.5,225.94,12.6649
pressure,1.5,227.62,12.6830
pressure,1.5,229.29,12.7191
pressure,1.5,230.96,12.7191
pressure,1.5,232.64,12.7552
pressure,1.5,234.31,12.7552
pressure,1.5,235.98,12.7732
pressure,1.5,237.66,12.7912
pressure,1.5,239.33,12.7912
pressure,1.5,241.00,12.7912
pressure,1.5,242.68,12.7912
pressure,1.5,244.35,12.7912
pressure,1.5,246.03,12.8093
pressure,1.5,247.70,12.8093
pressure,1.5,249.37,12.8093
pressure,1.5,251.05,12.8093
pressure,1.5,252.72,12.7912
pressure,1.5,254.39,12.7912
pressure,1.5,256.07,12.7912
pressure,1.5,257.74,12.7912
pressure,1.5,259.41,12.7912
pressure,1.5,261.09,12.7732
pressure,1.5,262.76,12.7732
pressure,1.5,264.44,12.7552
pressure,1.5,266.11,12.7552
pressure,1.5,267.78,12.7552
pressure,1.5,269.46,12.7552
pressure,1.5,271.13,12.7552
pressure,1.5,272.80,12.7371
pressure,1.5,274.48,12.7371
pressure,1.5,276.15,12.7191
pressure,1.5,277.82,12.7191
pressure,1.5,279.50,12.7191
pressure,1.5,281.17,12.7010
pressure,1.5,282.85,12.6830
pressure,1.5,284.52,12.6830
pressure,1.5,286.19,12.6830
pressure,1.5,287.87,12.6830
pressure,1.5,289.54,12.6649
pressure,1.5,291.21,12.6649
pressure,1.5,292.89,12.6469
pressure,1.5,294.56,12.6469
pressure,1.5,296.23,12.6469
pressure,1.5,297.91,12.6289
pressure,1.5,299.58,12.6289
pressure,1.5,301.26,12.6108
pressure,1.5,302.93,12.6108
pressure,1.5,304.60,12.6108
pressure,1.5,306.28,12.5928
pressure,1.5,307.95,12.5747
pressure,1.5,309.62,12.5747
pressure,1.5,311.30,12.5747
pressure,1.5,312.97,12.5567
pressure,1.5,314.64,12.5387
pressure,1.5,316.32,12.5387
pressure,1.5,317.99,12.5387
pressure,1.5,319.67,12.5206
pressure,1.5,321.34,12.5026
pressure,1.5,323.01,12.5026
pressure,1.5,324.69,12.5026
pressure,1.5,326.36,12.5026
pressure,1.5,328.03,12.4845
pressure,1.5,329.71,12.4845
pressure,1.5,331.38,12.4665
pressure,1.5,333.05,12.4665
pressure,1.5,334.73,12.4304
pressure,1.5,336.40,12.4304
pressure,1.5,338.08,12.4124
pressure,1.5,339.75,12.3943
pressure,1.5,341.42,12.3582
pressure,1.5,343.10,12.3402
pressure,1.5,344.77,12.3222
pressure,1.5,346.44,12.2861
pressure,1.5,348.12,12.2680
pressure,1.5,349.79,12.2320
pressure,1.5,351.46,12.1959
pressure,1.5,353.14,12.1598
pressure,1.5,354.81,12.1237
pressure,1.5,356.49,12.0876
pressure,1.5,358.16,12.0515
pressure,1.5,359.83,12.0155
pressure,1.5,361.51,11.9794
pressure,1.5,363.18,11.9433
pressure,1.5,364.85,11.9072
pressure,1.5,366.53,11.8711
pressure,1.5,368.20,11.8351
pressure,1.5,369.87,11.7809
pressure,1.5,371.55,11.7448
pressure,1.5,373.22,11.6907
pressure,1.5,374.90,11.6546
pressure,1.5,376.57,11.6186
pressure,1.5,378.24,11.5825
pressure,1.5,379.92,11.5284
pressure,1.5,381.59,11.4923
pressure,1.5,383.26,11.4381
pressure,1.5,384.94,11.3840
pressure,1.5,386.61,11.3479
pressure,1.5,388.28,11.2938
pressure,1.5,389.96,11.2397
pressure,1.5,391.63,11.2036
pressure,1.5,393.31,11.1314
pressure,1.5,394.98,11.0954
pressure,1.5,396.65,11.0412
pressure,1.5,398.33,10.9871
pressure,1.5,400.00,10.9330
pressure,1.5,401.67,10.8789
pressure,1.5,403.35,10.8247
pressure,1.5,405.02,10.7706
pressure,1.5,406.69,10.7165
pressure,1.5,408.37,10.5722
pressure,1.5,410.04,10.4278
pressure,1.5,411.72,10.2113
pressure,1.5,413.39,9.8866
pressure,1.5,415.06,9.5438
pressure,1.5,416.74,9.1108
pressure,1.5,418.41,8.6598
pressure,1.5,420.08,8.1907
pressure,1.5,421.76,7.6675
pressure,1.5,423.43,7.2345
pressure,1.5,425.10,6.8196
pressure,1.5,426.78,6.4046
pressure,1.5,428.45,6.0258
pressure,1.5,430.13,5.6649
pressure,1.5,431.80,5.3222
pressure,1.5,433.47,5.0335
pressure,1.5,435.15,4.7088
pressure,1.5,436.82,4.4201
pressure,1.5,438.49,4.1675
pressure,1.5,440.17,3.9330
pressure,1.5,441.84,3.6804
pressure,1.5,443.51,3.4639
pressure,1.5,445.19,3.2474
pressure,1.5,446.86,3.0670
pressure,1.5,448.54,2.8866
pressure,1.5,450.21,2.7062
pressure,1.5,451.88,2.5438
pressure,1.5,453.56,2.3995
pressure,1.5,455.23,2.2552
pressure,1.5,456.90,2.1289
pressure,1.5,458.58,1.9845
pressure,1.5,460.25,1.8582
pressure,1.5,461.92,1.7680
pressure,1.5,463.60,1.6418
pressure,1.5,465.27,1.5335
pressure,1.5,466.95,1.4613
pressure,1.5,468.62,1.3711
pressure,1.5,470.29,1.2990
pressure,1.5,471.97,1.2088
pressure,1.5,473.64,1.1366
pressure,1.5,475.31,1.0644
pressure,1.5,476.99,1.0103
pressure,1.5,478.66,0.9381
pressure,1.5,480.33,0.8840
pressure,1.5,482.01,0.8299
pressure,1.5,483.68,0.7758
pressure,1.5,485.36,0.7397
pressure,1.5,487.03,0.6856
pressure,1.5,488.70,0.6495
pressure,1.5,490.38,0.6134
pressure,1.5,492.05,0.5773
pressure,1.5,493.72,0.5593
pressure,1.5,495.40,0.5412
pressure,1.5,497.07,0.5412
pressure,1.5,498.74,0.5232
pressure,1.5,500.42,0.5232
pressure,1.5,502.09,0.5232
pressure,1.5,503.77,0.5232
pressure,1.5,505.44,0.5052
pressure,1.5,507.11,0.5052
pressure,1.5,508.79,0.5052
pressure,1.5,510.46,0.4871
pressure,1.5,512.13,0.4871
pressure,1.5,513.81,0.4871
pressure,1.5,515.48,0.4871
pressure,1.5,517.15,0.4871
pressure,1.5,518.83,0.4871
pressure,1.5,520.50,0.4871
pressure,1.5,522.18,0.4871
pressure,1.5,523.85,0.4871
pressure,1.5,525.52,0.4871
pressure,1.5,527.20,0.4871
pressure,1.5,528.87,0.4871
pressure,1.5,530.54,0.4871
pressure,1.5,532.22,0.4871
pressure,1.5,533.89,0.4871
pressure,1.5,535.56,0.4871
pressure,1.5,537.24,0.4871
pressure,1.5,538.91,0.4871
pressure,1.5,540.59,0.4871
pressure,1.5,542.26,0.4871
pressure,1.5,543.93,0.4871
pressure,1.5,545.61,0.4871
pressure,1.5,547.28,0.4871
pressure,1.5,548.95,0.4871
pressure,1.5,550.63,0.4871
pressure,1.5,552.30,0.4871
pressure,1.5,553.97,0.5052
pressure,1.5,555.65,0.5052
pressure,1.5,557.32,0.5052
pressure,1.5,559.00,0.5052
pressure,1.5,560.67,0.5052
pressure,1.5,562.34,0.5052
pressure,1.5,564.02,0.5052
pressure,1.5,565.69,0.5232
pressure,1.5,567.36,0.5232
pressure,1.5,569.04,0.5232
pressure,1.5,570.71,0.5232
pressure,1.5,572.38,0.5232
pressure,1.5,574.06,0.5232
pressure,1.5,575.73,0.5232
pressure,1.5,577.41,0.5232
pressure,1.5,579.08,0.5232
pressure,1.5,580.75,0.5232
pressure,1.5,582.43,0.5232
pressure,1.5,584.10,0.5232
pressure,1.5,585.77,0.5412
pressure,1.5,587.45,0.5412
pressure,1.5,589.12,0.5412
pressure,1.5,590.79,0.5412
pressure,1.5,592.47,0.5412
pressure,1.5,594.14,0.5412
pressure,1.5,595.82,0.5412
pressure,1.5,597.49,0.5412
pressure,1.5,599.16,0.5412
pressure,1.5,600.84,0.5412
pressure,1.5,602.51,0.5412
pressure,1.5,604.18,0.5412
pressure,1.5,605.86,0.5412
pressure,1.5,607.53,0.5412
pressure,1.5,609.21,0.5412
pressure,1.5,610.88,0.5412
pressure,1.5,612.55,0.5412
pressure,1.5,614.23,0.5412
pressure,1.5,615.90,0.5412
pressure,1.5,617.57,0.5412
pressure,1.5,619.25,0.5412
pressure,1.5,620.92,0.5412
pressure,1.5,622.59,0.5412
pressure,1.5,624.27,0.5412
pressure,1.5,625.94,0.5412
pressure,1.5,627.62,0.5412
pressure,1.5,629.29,0.5412
pressure,1.5,630.96,0.5412
pressure,1.5,632.64,0.5412
pressure,1.5,634.31,0.5412
pressure,1.5,635.98,0.5412
pressure,1.5,637.66,0.5412
pressure,1.5,639.33,0.5412
pressure,1.5,641.00,0.5412
pressure,1.5,642.68,0.5412
pressure,1.5,644.35,0.5412
pressure,1.5,646.03,0.5412
pressure,1.5,647.70,0.5412
pressure,1.5,649.37,0.5412
pressure,1.5,651.05,0.5412
pressure,1.5,652.72,0.5412
pressure,1.5,654.39,0.5412
pressure,1.5,656.07,0.5412
pressure,1.5,657.74,0.5412
pressure,1.5,659.41,0.5412
pressure,1.5,661.09,0.5412
pressure,1.5,662.76,0.5593
pressure,1.5,664.44,0.5593
pressure,1.5,666.11,0.5593
pressure,1.5,667.78,0.5773
pressure,1.5,669.46,0.5773
pressure,1.5,671.13,0.5954
pressure,1.5,672.80,0.5954
pressure,1.5,674.48,0.5954
pressure,1.5,676.15,0.6134
pressure,1.5,677.82,0.6314
pressure,1.5,679.50,0.6314
pressure,1.5,681.17,0.6314
pressure,1.5,682.85,0.6495
pressure,1.5,684.52,0.6495
pressure,1.5,686.19,0.6675
pressure,1.5,687.87,0.6675
pressure,1.5,689.54,0.6856
pressure,1.5,691.21,0.7036
pressure,1.5,692.89,0.7036
pressure,1.5,694.56,0.7216
pressure,1.5,696.23,0.7216
pressure,1.5,697.91,0.7397
pressure,1.5,699.58,0.7397
pressure,1.5,701.26,0.7577
pressure,1.5,702.93,0.7577
pressure,1.5,704.60,0.7758
pressure,1.5,706.28,0.7758
pressure,1.5,707.95,0.7938
pressure,1.5,709.62,0.8119
pressure,1.5,711.30,0.8119
pressure,1.5,712.97,0.8119
pressure,1.5,714.64,0.8299
pressure,1.5,716.32,0.8479
pressure,1.5,717.99,0.8479
pressure,1.5,719.67,0.8660
pressure,1.5,721.34,0.8660
pressure,1.5,723.01,0.8660
pressure,1.5,724.69,0.8660
pressure,1.5,726.36,0.8660
pressure,1.5,728.03,0.8660
pressure,1.5,729.71,0.8660
pressure,1.5,731.38,0.8840
pressure,1.5,733.05,0.8840
pressure,1.5,734.73,0.8840
pressure,1.5,736.40,0.8840
pressure,1.5,738.08,0.8840
pressure,1.5,739.75,0.8840
pressure,1.5,741.42,0.8840
pressure,1.5,743.10,0.8840
pressure,1.5,744.77,0.8840
pressure,1.5,746.44,0.8840
pressure,1.5,748.12,0.8840
pressure,1.5,749.79,0.8840
pressure,1.5,751.46,0.8840
pressure,1.5,753.14,0.8840
pressure,1.5,754.81,0.8840
pressure,1.5,756.49,0.8840
pressure,1.5,758.16,0.8840
pressure,1.5,759.83,0.8840
pressure,1.5,761.51,0.8840
pressure,1.5,763.18,0.8840
pressure,1.5,764.85,0.8840
pressure,1.5,766.53,0.8840
pressure,1.5,768.20,0.8840
pressure,1.5,769.87,0.8840
pressure,1.5,771.55,0.8840
pressure,1.5,773.22,0.8840
pressure,1.5,774.90,0.8840
pressure,1.5,776.57,0.8840
pressure,1.5,778.24,0.8840
pressure,1.5,779.92,0.8840
pressure,1.5,781.59,0.8840
pressure,1.5,783.26,0.8840
pressure,1.5,784.94,0.8840
pressure,1.5,786.61,0.8840
pressure,1.5,788.28,0.8840
pressure,1.5,789.96,0.8840
pressure,1.5,791.63,0.8840
pressure,1.5,793.31,0.8840
pressure,1.5,794.98,0.8840
pressure,1.5,796.65,0.8840
pressure,1.5,798.33,0.8840
pressure,1.5,800.00,0.8840
pressure,2.0,0.00,0.8840
pressure,2.0,1.67,0.8840
pressure,2.0,3.35,0.8840
pressure,2.0,5.02,0.8840
pressure,2.0,6.69,0.8840
pressure,2.0,8.37,0.8840
pressure,2.0,10.04,0.8840
pressure,2.0,11.72,0.8840
pressure,2.0,13.39,0.8840
pressure,2.0,15.06,0.8840
pressure,2.0,16.74,0.8840
pressure,2.0,18.41,0.8840
pressure,2.0,20.08,0.8840
pressure,2.0,21.76,0.8840
pressure,2.0,23.43,0.8840
pressure,2.0,25.10,0.8840
pressure,2.0,26.78,0.8840
pressure,2.0,28.45,0.8840
pressure,2.0,30.13,0.8840
pressure,2.0,31.80,0.8840
pressure,2.0,33.47,0.8840
pressure,2.0,35.15,0.8840
pressure,2.0,36.82,0.8840
pressure,2.0,38.49,0.8840
pressure,2.0,40.17,0.8840
pressure,2.0,41.84,0.8840
pressure,2.0,43.51,0.8840
pressure,2.0,45.19,0.8840
pressure,2.0,46.86,0.8840
pressure,2.0,48.54,0.8840
pressure,2.0,50.21,0.8840
pressure,2.0,51.88,0.8840
pressure,2.0,53.56,0.8840
pressure,2.0,55.23,0.8840
pressure,2.0,56.90,0.8840
pressure,2.0,58.58,0.8840
pressure,2.0,60.25,0.8840
pressure,2.0,61.92,0.8840
pressure,2.0,63.60,0.8840
pressure,2.0,65.27,0.8840
pressure,2.0,66.95,0.8840
pressure,2.0,68.62,0.8840
pressure,2.0,70.29,0.8840
pressure,2.0,71.97,0.8840
pressure,2.0,73.64,0.8840
pressure,2.0,75.31,0.8840
pressure,2.0,76.99,0.8840
pressure,2.0,78.66,0.8840
pressure,2.0,80.33,0.8840
pressure,2.0,82.01,0.8840
pressure,2.0,83.68,0.8840
pressure,2.0,85.36,0.8840
pressure,2.0,87.03,0.8840
pressure,2.0,88.70,0.8840
pressure,2.0,90.38,0.8840
pressure,2.0,92.05,0.8840
pressure,2.0,93.72,0.8840
pressure,2.0,95.40,0.8840
pressure,2.0,97.07,0.8840
pressure,2.0,98.74,0.8840
pressure,2.0,100.42,0.8840
pressure,2.0,102.09,0.8840
pressure,2.0,103.77,0.8840
pressure,2.0,105.44,0.8840
pressure,2.0,107.11,0.8840
pressure,2.0,108.79,0.8840
pressure,2.0,110.46,0.8840
pressure,2.0,112.13,0.8840
pressure,2.0,113.81,0.8840
pressure,2.0,115.48,0.8840
pressure,2.0,117.15,0.8840
pressure,2.0,118.83,0.8840
pressure,2.0,120.50,0.8840
pressure,2.0,122.18,0.8840
pressure,2.0,123.85,0.8840
pressure,2.0,125.52,0.8840
pressure,2.0,127.20,0.9021
pressure,2.0,128.87,0.9381
pressure,2.0,130.54,1.0103
pressure,2.0,132.22,1.1005
pressure,2.0,133.89,1.1907
pressure,2.0,135.56,1.3170
pressure,2.0,137.24,1.4613
pressure,2.0,138.91,1.6418
pressure,2.0,140.59,1.8222
pressure,2.0,142.26,2.0206
pressure,2.0,143.93,2.2552
pressure,2.0,145.61,2.4716
pressure,2.0,147.28,2.7062
pressure,2.0,148.95,2.9588
pressure,2.0,150.63,3.2294
pressure,2.0,152.30,3.5000
pressure,2.0,153.97,3.7526
pressure,2.0,155.65,4.0232
pressure,2.0,157.32,4.3119
pressure,2.0,159.00,4.5825
pressure,2.0,160.67,4.8711
pressure,2.0,162.34,5.1418
pressure,2.0,164.02,5.4304
pressure,2.0,165.69,5.7371
pressure,2.0,167.36,6.0077
pressure,2.0,169.04,6.3144
pressure,2.0,170.71,6.5851
pressure,2.0,172.38,6.8737
pressure,2.0,174.06,7.1624
pressure,2.0,175.73,7.4510
pressure,2.0,177.41,7.7216
pressure,2.0,179.08,7.9923
pressure,2.0,180.75,8.2629
pressure,2.0,182.43,8.5515
pressure,2.0,184.10,8.8222
pressure,2.0,185.77,9.0928
pressure,2.0,187.45,9.3814
pressure,2.0,189.12,9.6521
pressure,2.0,190.79,9.9046
pressure,2.0,192.47,10.1572
pressure,2.0,194.14,10.4098
pressure,2.0,195.82,10.6443
pressure,2.0,197.49,10.8608
pressure,2.0,199.16,11.0773
pressure,2.0,200.84,11.2577
pressure,2.0,202.51,11.4381
pressure,2.0,204.18,11.6005
pressure,2.0,205.86,11.7809
pressure,2.0,207.53,11.9072
pressure,2.0,209.21,12.0155
pressure,2.0,210.88,12.1418
pressure,2.0,212.55,12.2139
pressure,2.0,214.23,12.3041
pressure,2.0,215.90,12.3763
pressure,2.0,217.57,12.4485
pressure,2.0,219.25,12.5026
pressure,2.0,220.92,12.5387
pressure,2.0,222.59,12.5928
pressure,2.0,224.27,12.6289
pressure,2.0,225.94,12.6649
pressure,2.0,227.62,12.6830
pressure,2.0,229.29,12.7191
pressure,2.0,230.96,12.7191
pressure,2.0,232.64,12.7552
pressure,2.0,234.31,12.7552
pressure,2.0,235.98,12.7732
pressure,2.0,237.66,12.7912
pressure,2.0,239.33,12.7912
pressure,2.0,241.00,12.7912
pressure,2.0,242.68,12.7912
pressure,2.0,244.35,12.7912
pressure,2.0,246.03,12.8093
pressure,2.0,247.70,12.8093
pressure,2.0,249.37,12.8093
pressure,2.0,251.05,12.8093
pressure,2.0,252.72,12.7912
pressure,2.0,254.39,12.7912
pressure,2.0,256.07,12.7912
pressure,2.0,257.74,12.7912
pressure,2.0,259.41,12.7912
pressure,2.0,261.09,12.7912
pressure,2.0,262.76,12.7732
pressure,2.0,264.44,12.7732
pressure,2.0,266.11,12.7552
pressure,2.0,267.78,12.7552
pressure,2.0,269.46,12.7552
pressure,2.0,271.13,12.7552
pressure,2.0,272.80,12.7371
pressure,2.0,274.48,12.7371
pressure,2.0,276.15,12.7191
pressure,2.0,277.82,12.7191
pressure,2.0,279.50,12.7191
pressure,2.0,281.17,12.7010
pressure,2.0,282.85,12.6830
pressure,2.0,284.52,12.6830
pressure,2.0,286.19,12.6830
pressure,2.0,287.87,12.6830
pressure,2.0,289.54,12.6649
pressure,2.0,291.21,12.6649
pressure,2.0,292.89,12.6469
pressure,2.0,294.56,12.6469
pressure,2.0,296.23,12.6469
pressure,2.0,297.91,12.6289
pressure,2.0,299.58,12.6289
pressure,2.0,301.26,12.6108
pressure,2.0,302.93,12.6108
pressure,2.0,304.60,12.6108
pressure,2.0,306.28,12.5928
pressure,2.0,307.95,12.5747
pressure,2.0,309.62,12.5747
pressure,2.0,311.30,12.5747
pressure,2.0,312.97,12.5567
pressure,2.0,314.64,12.5387
pressure,2.0,316.32,12.5387
pressure,2.0,317.99,12.5387
pressure,2.0,319.67,12.5206
pressure,2.0,321.34,12.5026
pressure,2.0,323.01,12.5026
pressure,2.0,324.69,12.5026
pressure,2.0,326.36,12.5026
pressure,2.0,328.03,12.4845
pressure,2.0,329.71,12.4845
pressure,2.0,331.38,12.4665
pressure,2.0,333.05,12.4665
pressure,2.0,334.73,12.4304
pressure,2.0,336.40,12.4304
pressure,2.0,338.08,12.4124
pressure,2.0,339.75,12.3943
pressure,2.0,341.42,12.3582
pressure,2.0,343.10,12.3402
pressure,2.0,344.77,12.3222
pressure,2.0,346.44,12.2861
pressure,2.0,348.12,12.2680
pressure,2.0,349.79,12.2320
pressure,2.0,351.46,12.1959
pressure,2.0,353.14,12.1598
pressure,2.0,354.81,12.1237
pressure,2.0,356.49,12.0876
pressure,2.0,358.16,12.0515
pressure,2.0,359.83,12.0155
pressure,2.0,361.51,11.9794
pressure,2.0,363.18,11.9433
pressure,2.0,364.85,11.9072
pressure,2.0,366.53,11.8711
pressure,2.0,368.20,11.8351
pressure,2.0,369.87,11.7809
pressure,2.0,371.55,11.7448
pressure,2.0,373.22,11.6907
pressure,2.0,374.90,11.6546
pressure,2.0,376.57,11.6186
pressure,2.0,378.24,11.5825
pressure,2.0,379.92,11.5284
pressure,2.0,381.59,11.4923
pressure,2.0,383.26,11.4381
pressure,2.0,384.94,11.3840
pressure,2.0,386.61,11.3479
pressure,2.0,388.28,11.2938
pressure,2.0,389.96,11.2397
pressure,2.0,391.63,11.2036
pressure,2.0,393.31,11.1314
pressure,2.0,394.98,11.0954
pressure,2.0,396.65,11.0412
pressure,2.0,398.33,10.9871
pressure,2.0,400.00,10.9330
pressure,2.0,401.67,10.8789
pressure,2.0,403.35,10.8247
pressure,2.0,405.02,10.7706
pressure,2.0,406.69,10.7165
pressure,2.0,408.37,10.5722
pressure,2.0,410.04,10.4278
pressure,2.0,411.72,10.2113
pressure,2.0,413.39,9.8866
pressure,2.0,415.06,9.5438
pressure,2.0,416.74,9.1108
pressure,2.0,418.41,8.6598
pressure,2.0,420.08,8.1907
pressure,2.0,421.76,7.6675
pressure,2.0,423.43,7.2345
pressure,2.0,425.10,6.8196
pressure,2.0,426.78,6.4046
pressure,2.0,428.45,6.0258
pressure,2.0,430.13,5.6649
pressure,2.0,431.80,5.3222
pressure,2.0,433.47,5.0335
pressure,2.0,435.15,4.7088
pressure,2.0,436.82,4.4201
pressure,2.0,438.49,4.1675
pressure,2.0,440.17,3.9330
pressure,2.0,441.84,3.6804
pressure,2.0,443.51,3.4639
pressure,2.0,445.19,3.2474
pressure,2.0,446.86,3.0670
pressure,2.0,448.54,2.8866
pressure,2.0,450.21,2.7062
pressure,2.0,451.88,2.5438
pressure,2.0,453.56,2.3995
pressure,2.0,455.23,2.2552
pressure,2.0,456.90,2.1289
pressure,2.0,458.58,1.9845
pressure,2.0,460.25,1.8582
pressure,2.0,461.92,1.7680
pressure,2.0,463.60,1.6418
pressure,2.0,465.27,1.5335
pressure,2.0,466.95,1.4613
pressure,2.0,468.62,1.3711
pressure,2.0,470.29,1.2990
pressure,2.0,471.97,1.2088
pressure,2.0,473.64,1.1366
pressure,2.0,475.31,1.0644
pressure,2.0,476.99,1.0103
pressure,2.0,478.66,0.9381
pressure,2.0,480.33,0.8840
pressure,2.0,482.01,0.8299
pressure,2.0,483.68,0.7758
pressure,2.0,485.36,0.7397
pressure,2.0,487.03,0.6856
pressure,2.0,488.70,0.6495
pressure,2.0,490.38,0.6134
pressure,2.0,492.05,0.5773
pressure,2.0,493.72,0.5593
pressure,2.0,495.40,0.5412
pressure,2.0,497.07,0.5412
pressure,2.0,498.74,0.5232
pressure,2.0,500.42,0.5232
pressure,2.0,502.09,0.5232
pressure,2.0,503.77,0.5232
pressure,2.0,505.44,0.5052
pressure,2.0,507.11,0.5052
pressure,2.0,508.79,0.5052
pressure,2.0,510.46,0.4871
pressure,2.0,512.13,0.4871
pressure,2.0,513.81,0.4871
pressure,2.0,515.48,0.4871
pressure,2.0,517.15,0.4871
pressure,2.0,518.83,0.4871
pressure,2.0,520.50,0.4871
pressure,2.0,522.18,0.4871
pressure,2.0,523.85,0.4871
pressure,2.0,525.52,0.4871
pressure,2.0,527.20,0.4871
pressure,2.0,528.87,0.4871
pressure,2.0,530.54,0.4871
pressure,2.0,532.22,0.4871
pressure,2.0,533.89,0.4871
pressure,2.0,535.56,0.4871
pressure,2.0,537.24,0.4871
pressure,2.0,538.91,0.4871
pressure,2.0,540.59,0.4871
pressure,2.0,542.26,0.4871
pressure,2.0,543.93,0.4871
pressure,2.0,545.61,0.4871
pressure,2.0,547.28,0.4871
pressure,2.0,548.95,0.4871
pressure,2.0,550.63,0.4871
pressure,2.0,552.30,0.4871
pressure,2.0,553.97,0.5052
pressure,2.0,555.65,0.5052
pressure,2.0,557.32,0.5052
pressure,2.0,559.00,0.5052
pressure,2.0,560.67,0.5052
pressure,2.0,562.34,0.5052
pressure,2.0,564.02,0.5052
pressure,2.0,565.69,0.5232
pressure,2.0,567.36,0.5232
pressure,2.0,569.04,0.5232
pressure,2.0,570.71,0.5232
pressure,2.0,572.38,0.5232
pressure,2.0,574.06,0.5232
pressure,2.0,575.73,0.5232
pressure,2.0,577.41,0.5232
pressure,2.0,579.08,0.5232
pressure,2.0,580.75,0.5232
pressure,2.0,582.43,0.5232
pressure,2.0,584.10,0.5232
pressure,2.0,585.77,0.5412
pressure,2.0,587.45,0.5412
pressure,2.0,589.12,0.5412
pressure,2.0,590.79,0.5412
pressure,2.0,592.47,0.5412
pressure,2.0,594.14,0.5412
pressure,2.0,595.82,0.5412
pressure,2.0,597.49,0.5412
pressure,2.0,599.16,0.5412
pressure,2.0,600.84,0.5412
pressure,2.0,602.51,0.5412
pressure,2.0,604.18,0.5412
pressure,2.0,605.86,0.5412
pressure,2.0,607.53,0.5412
pressure,2.0,609.21,0.5412
pressure,2.0,610.88,0.5412
pressure,2.0,612.55,0.5412
pressure,2.0,614.23,0.5412
pressure,2.0,615.90,0.5412
pressure,2.0,617.57,0.5412
pressure,2.0,619.25,0.5412
pressure,2.0,620.92,0.5412
pressure,2.0,622.59,0.5412
pressure,2.0,624.27,0.5412
pressure,2.0,625.94,0.5412
pressure,2.0,627.62,0.5412
pressure,2.0,629.29,0.5412
pressure,2.0,630.96,0.5412
pressure,2.0,632.64,0.5412
pressure,2.0,634.31,0.5412
pressure,2.0,635.98,0.5412
pressure,2.0,637.66,0.5412
pressure,2.0,639.33,0.5412
pressure,2.0,641.00,0.5412
pressure,2.0,642.68,0.5412
pressure,2.0,644.35,0.5412
pressure,2.0,646.03,0.5412
pressure,2.0,647.70,0.5412
pressure,2.0,649.37,0.5412
pressure,2.0,651.05,0.5412
pressure,2.0,652.72,0.5412
pressure,2.0,654.39,0.5412
pressure,2.0,656.07,0.5412
pressure,2.0,657.74,0.5412
pressure,2.0,659.41,0.5412
pressure,2.0,661.09,0.5412
pressure,2.0,662.76,0.5593
pressure,2.0,664.44,0.5593
pressure,2.0,666.11,0.5593
pressure,2.0,667.78,0.5773
pressure,2.0,669.46,0.5773
pressure,2.0,671.13,0.5954
pressure,2.0,672.80,0.5954
pressure,2.0,674.48,0.5954
pressure,2.0,676.15,0.6134
pressure,2.0,677.82,0.6314
pressure,2.0,679.50,0.6314
pressure,2.0,681.17,0.6314
pressure,2.0,682.85,0.6495
pressure,2.0,684.52,0.6495
pressure,2.0,686.19,0.6675
pressure,2.0,687.87,0.6675
pressure,2.0,689.54,0.6856
pressure,2.0,691.21,0.7036
pressure,2.0,692.89,0.7036
pressure,2.0,694.56,0.7216
pressure,2.0,696.23,0.7216
pressure,2.0,697.91,0.7397
pressure,2.0,699.58,0.7397
pressure,2.0,701.26,0.7577
pressure,2.0,702.93,0.7577
pressure,2.0,704.60,0.7758
pressure,2.0,706.28,0.7758
pressure,2.0,707.95,0.7938
pressure,2.0,709.62,0.8119
pressure,2.0,711.30,0.8119
pressure,2.0,712.97,0.8119
pressure,2.0,714.64,0.8299
pressure,2.0,716.32,0.8479
pressure,2.0,717.99,0.8479
pressure,2.0,719.67,0.8660
pressure,2.0,721.34,0.8660
pressure,2.0,723.01,0.8660
pressure,2.0,724.69,0.8660
pressure,2.0,726.36,0.8660
pressure,2.0,728.03,0.8660
pressure,2.0,729.71,0.8660
pressure,2.0,731.38,0.8840
pressure,2.0,733.05,0.8840
pressure,2.0,734.73,0.8840
pressure,2.0,736.40,0.8840
pressure,2.0,738.08,0.8840
pressure,2.0,739.75,0.8840
pressure,2.0,741.42,0.8840
pressure,2.0,743.10,0.8840
pressure,2.0,744.77,0.8840
pressure,2.0,746.44,0.8840
pressure,2.0,748.12,0.8840
pressure,2.0,749.79,0.8840
pressure,2.0,751.46,0.8840
pressure,2.0,753.14,0.8840
pressure,2.0,754.81,0.8840
pressure,2.0,756.49,0.8840
pressure,2.0,758.16,0.8840
pressure,2.0,759.83,0.8840
pressure,2.0,761.51,0.8840
pressure,2.0,763.18,0.8840
pressure,2.0,764.85,0.8840
pressure,2.0,766.53,0.8840
pressure,2.0,768.20,0.8840
pressure,2.0,769.87,0.8840
pressure,2.0,771.55,0.8840
pressure,2.0,773.22,0.8840
pressure,2.0,774.90,0.8840
pressure,2.0,776.57,0.8840
pressure,2.0,778.24,0.8840
pressure,2.0,779.92,0.8840
pressure,2.0,781.59,0.8840
pressure,2.0,783.26,0.8840
pressure,2.0,784.94,0.8840
pressure,2.0,786.61,0.8840
pressure,2.0,788.28,0.8840
pressure,2.0,789.96,0.8840
pressure,2.0,791.63,0.8840
pressure,2.0,793.31,0.8840
pressure,2.0,794.98,0.8840
pressure,2.0,796.65,0.8840
pressure,2.0,798.33,0.8840
pressure,2.0,800.00,0.8840
volume,1.0,0.00,134.9485
volume,1.0,1.67,134.9485
volume,1.0,3.35,134.9485
volume,1.0,5.02,134.9485
volume,1.0,6.69,134.9485
volume,1.0,8.37,134.9485
volume,1.0,10.04,134.9485
volume,1.0,11.72,134.9485
volume,1.0,13.39,134.9485
volume,1.0,15.06,134.9485
volume,1.0,16.74,134.9485
volume,1.0,18.41,134.9485
volume,1.0,20.08,135.1289
volume,1.0,21.76,135.1289
volume,1.0,23.43,135.1289
volume,1.0,25.10,135.1289
volume,1.0,26.78,135.1289
volume,1.0,28.45,135.1289
volume,1.0,30.13,135.1289
volume,1.0,31.80,135.1289
volume,1.0,33.47,135.1289
volume,1.0,35.15,135.1289
volume,1.0,36.82,135.1289
volume,1.0,38.49,135.1289
volume,1.0,40.17,135.1289
volume,1.0,41.84,135.1289
volume,1.0,43.51,135.1289
volume,1.0,45.19,135.1289
volume,1.0,46.86,135.1289
volume,1.0,48.54,135.1289
volume,1.0,50.21,135.1289
volume,1.0,51.88,135.1289
volume,1.0,53.56,135.1289
volume,1.0,55.23,135.1289
volume,1.0,56.90,135.1289
volume,1.0,58.58,135.1289
volume,1.0,60.25,135.1289
volume,1.0,61.92,135.1289
volume,1.0,63.60,135.1289
volume,1.0,65.27,135.1289
volume,1.0,66.95,135.1289
volume,1.0,68.62,135.1289
volume,1.0,70.29,135.1289
volume,1.0,71.97,135.1289
volume,1.0,73.64,135.1289
volume,1.0,75.31,135.1289
volume,1.0,76.99,135.1289
volume,1.0,78.66,135.1289
volume,1.0,80.33,135.1289
volume,1.0,82.01,135.1289
volume,1.0,83.68,135.1289
volume,1.0,85.36,135.1289
volume,1.0,87.03,135.1289
volume,1.0,88.70,135.1289
volume,1.0,90.38,135.1289
volume,1.0,92.05,135.1289
volume,1.0,93.72,135.1289
volume,1.0,95.40,135.1289
volume,1.0,97.07,135.1289
volume,1.0,98.74,135.1289
volume,1.0,100.42,135.1289
volume,1.0,102.09,135.1289
volume,1.0,103.77,135.1289
volume,1.0,105.44,135.1289
volume,1.0,107.11,135.1289
volume,1.0,108.79,135.1289
volume,1.0,110.46,135.1289
volume,1.0,112.13,135.1289
volume,1.0,113.81,135.1289
volume,1.0,115.48,135.1289
volume,1.0,117.15,135.1289
volume,1.0,118.83,135.1289
volume,1.0,120.50,135.1289
volume,1.0,122.18,135.1289
volume,1.0,123.85,135.1289
volume,1.0,125.52,135.1289
volume,1.0,127.20,135.1289
volume,1.0,128.87,135.1289
volume,1.0,130.54,135.1289
volume,1.0,132.22,135.1289
volume,1.0,133.89,135.1289
volume,1.0,135.56,135.1289
volume,1.0,137.24,135.1289
volume,1.0,138.91,135.1289
volume,1.0,140.59,135.1289
volume,1.0,142.26,135.1289
volume,1.0,143.93,135.1289
volume,1.0,145.61,135.1289
volume,1.0,147.28,135.1289
volume,1.0,148.95,135.1289
volume,1.0,150.63,135.1289
volume,1.0,152.30,135.1289
volume,1.0,153.97,135.1289
volume,1.0,155.65,135.1289
volume,1.0,157.32,135.1289
volume,1.0,159.00,135.1289
volume,1.0,160.67,135.1289
volume,1.0,162.34,135.1289
volume,1.0,164.02,135.1289
volume,1.0,165.69,135.1289
volume,1.0,167.36,134.9485
volume,1.0,169.04,134.7680
volume,1.0,170.71,134.7680
volume,1.0,172.38,134.5876
volume,1.0,174.06,134.4072
volume,1.0,175.73,134.0464
volume,1.0,177.41,133.8660
volume,1.0,179.08,133.5052
volume,1.0,180.75,133.1443
volume,1.0,182.43,132.7835
volume,1.0,184.10,132.2423
volume,1.0,185.77,131.8814
volume,1.0,187.45,131.5206
volume,1.0,189.12,130.7990
volume,1.0,190.79,130.4381
volume,1.0,192.47,130.0773
volume,1.0,194.14,129.3557
volume,1.0,195.82,128.8144
volume,1.0,197.49,128.2732
volume,1.0,199.16,127.7320
volume,1.0,200.84,127.0103
volume,1.0,202.51,126.6495
volume,1.0,204.18,125.9278
volume,1.0,205.86,125.2062
volume,1.0,207.53,124.4845
volume,1.0,209.21,124.1237
volume,1.0,210.88,123.4021
volume,1.0,212.55,122.6804
volume,1.0,214.23,121.9588
volume,1.0,215.90,121.4175
volume,1.0,217.57,120.8763
volume,1.0,219.25,120.1546
volume,1.0,220.92,119.4330
volume,1.0,222.59,119.0722
volume,1.0,224.27,118.3505
volume,1.0,225.94,117.6289
volume,1.0,227.62,117.2680
volume,1.0,229.29,116.5464
volume,1.0,230.96,115.8247
volume,1.0,232.64,115.2835
volume,1.0,234.31,114.7423
volume,1.0,235.98,114.0206
volume,1.0,237.66,113.4794
volume,1.0,239.33,112.9381
volume,1.0,241.00,112.2165
volume,1.0,242.68,111.6753
volume,1.0,244.35,111.1340
volume,1.0,246.03,110.4124
volume,1.0,247.70,109.8711
volume,1.0,249.37,109.3299
volume,1.0,251.05,108.7887
volume,1.0,252.72,108.2474
volume,1.0,254.39,107.5258
volume,1.0,256.07,106.9845
volume,1.0,257.74,106.4433
volume,1.0,259.41,105.9021
volume,1.0,261.09,105.3608
volume,1.0,262.76,104.8196
volume,1.0,264.44,104.2784
volume,1.0,266.11,103.7371
volume,1.0,267.78,103.1959
volume,1.0,269.46,102.6546
volume,1.0,271.13,102.1134
volume,1.0,272.80,101.5722
volume,1.0,274.48,101.0309
volume,1.0,276.15,100.4897
volume,1.0,277.82,100.1289
volume,1.0,279.50,99.5876
volume,1.0,281.17,99.0464
volume,1.0,282.85,98.5052
volume,1.0,284.52,97.9639
volume,1.0,286.19,97.6031
volume,1.0,287.87,96.8814
volume,1.0,289.54,96.5206
volume,1.0,291.21,96.1598
volume,1.0,292.89,95.4381
volume,1.0,294.56,95.0773
volume,1.0,296.23,94.7165
volume,1.0,297.91,93.9948
volume,1.0,299.58,93.6340
volume,1.0,301.26,93.2732
volume,1.0,302.93,92.5515
volume,1.0,304.60,92.1907
volume,1.0,306.28,91.8299
volume,1.0,307.95,91.2887
volume,1.0,309.62,90.7474
volume,1.0,311.30,90.3866
volume,1.0,312.97,89.8454
volume,1.0,314.64,89.4845
volume,1.0,316.32,88.9433
volume,1.0,317.99,88.5825
volume,1.0,319.67,88.2216
volume,1.0,321.34,87.6804
volume,1.0,323.01,87.3196
volume,1.0,324.69,86.7784
volume,1.0,326.36,86.4175
volume,1.0,328.03,86.0567
volume,1.0,329.71,85.5155
volume,1.0,331.38,85.1546
volume,1.0,333.05,84.7938
volume,1.0,334.73,84.4330
volume,1.0,336.40,84.0722
volume,1.0,338.08,83.7113
volume,1.0,339.75,83.1701
volume,1.0,341.42,82.8093
volume,1.0,343.10,82.4485
volume,1.0,344.77,81.9072
volume,1.0,346.44,81.5464
volume,1.0,348.12,81.1856
volume,1.0,349.79,81.0052
volume,1.0,351.46,80.8247
volume,1.0,353.14,80.4639
volume,1.0,354.81,80.1031
volume,1.0,356.49,79.7423
volume,1.0,358.16,79.3814
volume,1.0,359.83,79.0206
volume,1.0,361.51,78.6598
volume,1.0,363.18,78.4794
volume,1.0,364.85,78.1186
volume,1.0,366.53,77.9381
volume,1.0,368.20,77.5773
volume,1.0,369.87,77.3969
volume,1.0,371.55,77.0361
volume,1.0,373.22,76.6753
volume,1.0,374.90,76.6753
volume,1.0,376.57,76.3144
volume,1.0,378.24,75.9536
volume,1.0,379.92,75.9536
volume,1.0,381.59,75.5928
volume,1.0,383.26,75.4124
volume,1.0,384.94,75.2320
volume,1.0,386.61,74.8711
volume,1.0,388.28,74.8711
volume,1.0,389.96,74.5103
volume,1.0,391.63,74.5103
volume,1.0,393.31,74.1495
volume,1.0,394.98,74.1495
volume,1.0,396.65,73.7887
volume,1.0,398.33,73.7887
volume,1.0,400.00,73.7887
volume,1.0,401.67,73.6082
volume,1.0,403.35,73.6082
volume,1.0,405.02,73.6082
volume,1.0,406.69,73.4278
volume,1.0,408.37,73.4278
volume,1.0,410.04,73.4278
volume,1.0,411.72,73.4278
volume,1.0,413.39,73.4278
volume,1.0,415.06,73.4278
volume,1.0,416.74,73.4278
volume,1.0,418.41,73.4278
volume,1.0,420.08,73.4278
volume,1.0,421.76,73.4278
volume,1.0,423.43,73.4278
volume,1.0,425.10,73.4278
volume,1.0,426.78,73.4278
volume,1.0,428.45,73.4278
volume,1.0,430.13,73.4278
volume,1.0,431.80,73.4278
volume,1.0,433.47,73.4278
volume,1.0,435.15,73.4278
volume,1.0,436.82,73.4278
volume,1.0,438.49,73.4278
volume,1.0,440.17,73.4278
volume,1.0,441.84,73.4278
volume,1.0,443.51,73.4278
volume,1.0,445.19,73.4278
volume,1.0,446.86,73.4278
volume,1.0,448.54,73.4278
volume,1.0,450.21,73.4278
volume,1.0,451.88,73.4278
volume,1.0,453.56,73.4278
volume,1.0,455.23,73.4278
volume,1.0,456.90,73.4278
volume,1.0,458.58,73.4278
volume,1.0,460.25,73.4278
volume,1.0,461.92,73.4278
volume,1.0,463.60,73.4278
volume,1.0,465.27,73.4278
volume,1.0,466.95,73.4278
volume,1.0,468.62,73.4278
volume,1.0,470.29,73.4278
volume,1.0,471.97,73.4278
volume,1.0,473.64,73.4278
volume,1.0,475.31,73.4278
volume,1.0,476.99,73.4278
volume,1.0,478.66,73.4278
volume,1.0,480.33,73.4278
volume,1.0,482.01,73.4278
volume,1.0,483.68,73.4278
volume,1.0,485.36,73.6082
volume,1.0,487.03,73.7887
volume,1.0,488.70,73.9691
volume,1.0,490.38,74.3299
volume,1.0,492.05,74.8711
volume,1.0,493.72,75.4124
volume,1.0,495.40,75.9536
volume,1.0,497.07,76.6753
volume,1.0,498.74,77.3969
volume,1.0,500.42,78.2990
volume,1.0,502.09,79.0206
volume,1.0,503.77,79.9227
volume,1.0,505.44,81.0052
volume,1.0,507.11,81.9072
volume,1.0,508.79,82.9897
volume,1.0,510.46,84.0722
volume,1.0,512.13,85.1546
volume,1.0,513.81,86.4175
volume,1.0,515.48,87.5000
volume,1.0,517.15,88.5825
volume,1.0,518.83,93.8144
volume,1.0,520.50,94.8969
volume,1.0,522.18,95.9794
volume,1.0,523.85,97.2423
volume,1.0,525.52,98.5052
volume,1.0,527.20,99.5876
volume,1.0,528.87,100.6701
volume,1.0,530.54,101.7526
volume,1.0,532.22,102.8351
volume,1.0,533.89,103.9175
volume,1.0,535.56,104.8196
volume,1.0,537.24,105.9021
volume,1.0,538.91,106.8041
volume,1.0,540.59,107.7062
volume,1.0,542.26,108.4278
volume,1.0,543.93,109.3299
volume,1.0,545.61,110.0515
volume,1.0,547.28,110.7732
volume,1.0,548.95,111.4948
volume,1.0,550.63,112.0361
volume,1.0,552.30,112.7577
volume,1.0,553.97,113.2990
volume,1.0,555.65,113.8402
volume,1.0,557.32,114.3814
volume,1.0,559.00,114.9227
volume,1.0,560.67,115.4639
volume,1.0,562.34,115.8247
volume,1.0,564.02,116.3660
volume,1.0,565.69,116.7268
volume,1.0,567.36,117.0876
volume,1.0,569.04,117.4485
volume,1.0,570.71,117.8093
volume,1.0,572.38,117.9897
volume,1.0,574.06,118.3505
volume,1.0,575.73,118.7113
volume,1.0,577.41,118.8918
volume,1.0,579.08,119.0722
volume,1.0,580.75,119.4330
volume,1.0,582.43,119.6134
volume,1.0,584.10,119.7938
volume,1.0,585.77,120.1546
volume,1.0,587.45,120.1546
volume,1.0,589.12,120.5155
volume,1.0,590.79,120.5155
volume,1.0,592.47,120.8763
volume,1.0,594.14,120.8763
volume,1.0,595.82,121.0567
volume,1.0,597.49,121.2371
volume,1.0,599.16,121.2371
volume,1.0,600.84,121.4175
volume,1.0,602.51,121.5979
volume,1.0,604.18,121.5979
volume,1.0,605.86,121.7784
volume,1.0,607.53,121.9588
volume,1.0,609.21,121.9588
volume,1.0,610.88,121.9588
volume,1.0,612.55,122.1392
volume,1.0,614.23,122.3196
volume,1.0,615.90,122.3196
volume,1.0,617.57,122.3196
volume,1.0,619.25,122.5000
volume,1.0,620.92,122.5000
volume,1.0,622.59,122.6804
volume,1.0,624.27,122.6804
volume,1.0,625.94,122.6804
volume,1.0,627.62,122.8608
volume,1.0,629.29,122.8608
volume,1.0,630.96,122.8608
volume,1.0,632.64,122.8608
volume,1.0,634.31,122.8608
volume,1.0,635.98,123.0412
volume,1.0,637.66,123.2216
volume,1.0,639.33,123.2216
volume,1.0,641.00,123.2216
volume,1.0,642.68,123.2216
volume,1.0,644.35,123.2216
volume,1.0,646.03,123.2216
volume,1.0,647.70,123.2216
volume,1.0,649.37,123.2216
volume,1.0,651.05,123.2216
volume,1.0,652.72,123.4021
volume,1.0,654.39,123.5825
volume,1.0,656.07,123.5825
volume,1.0,657.74,123.5825
volume,1.0,659.41,123.9433
volume,1.0,661.09,123.9433
volume,1.0,662.76,124.3041
volume,1.0,664.44,124.4845
volume,1.0,666.11,124.8454
volume,1.0,667.78,125.0258
volume,1.0,669.46,125.3866
volume,1.0,671.13,125.7474
volume,1.0,672.80,126.1082
volume,1.0,674.48,126.2887
volume,1.0,676.15,126.6495
volume,1.0,677.82,127.0103
volume,1.0,679.50,127.3711
volume,1.0,681.17,127.7320
volume,1.0,682.85,128.0928
volume,1.0,684.52,128.4536
volume,1.0,686.19,128.8144
volume,1.0,687.87,129.1753
volume,1.0,689.54,129.5361
volume,1.0,691.21,129.8969
volume,1.0,692.89,130.2577
volume,1.0,694.56,130.6186
volume,1.0,696.23,130.9794
volume,1.0,697.91,131.3402
volume,1.0,699.58,131.7010
volume,1.0,701.26,132.0619
volume,1.0,702.93,132.4227
volume,1.0,704.60,132.7835
volume,1.0,706.28,133.1443
volume,1.0,707.95,133.5052
volume,1.0,709.62,133.8660
volume,1.0,711.30,134.0464
volume,1.0,712.97,134.2268
volume,1.0,714.64,134.5876
volume,1.0,716.32,134.5876
volume,1.0,717.99,134.9485
volume,1.0,719.67,134.9485
volume,1.0,721.34,134.9485
volume,1.0,723.01,135.3093
volume,1.0,724.69,135.3093
volume,1.0,726.36,135.3093
volume,1.0,728.03,135.3093
volume,1.0,729.71,135.3093
volume,1.0,731.38,135.3093
volume,1.0,733.05,135.3093
volume,1.0,734.73,135.3093
volume,1.0,736.40,135.3093
volume,1.0,738.08,135.3093
volume,1.0,739.75,135.3093
volume,1.0,741.42,135.3093
volume,1.0,743.10,135.6701
volume,1.0,744.77,135.6701
volume,1.0,746.44,135.6701
volume,1.0,748.12,135.6701
volume,1.0,749.79,135.6701
volume,1.0,751.46,135.6701
volume,1.0,753.14,135.6701
volume,1.0,754.81,135.6701
volume,1.0,756.49,135.6701
volume,1.0,758.16,135.6701
volume,1.0,759.83,135.6701
volume,1.0,761.51,135.6701
volume,1.0,763.18,135.6701
volume,1.0,764.85,135.6701
volume,1.0,766.53,135.6701
volume,1.0,768.20,134.9485
volume,1.0,769.87,134.9485
volume,1.0,771.55,134.9485
volume,1.0,773.22,134.9485
volume,1.0,774.90,134.9485
volume,1.0,776.57,134.9485
volume,1.0,778.24,134.9485
volume,1.0,779.92,134.9485
volume,1.0,781.59,134.9485
volume,1.0,783.26,134.9485
volume,1.0,784.94,134.9485
volume,1.0,786.61,134.9485
volume,1.0,788.28,134.9485
volume,1.0,789.96,134.9485
volume,1.0,791.63,134.9485
volume,1.0,793.31,134.9485
volume,1.0,794.98,134.9485
volume,1.0,796.65,134.9485
volume,1.0,798.33,134.9485
volume,1.0,800.00,134.9485
volume,1.5,0.00,134.9485
volume,1.5,1.67,134.9485
volume,1.5,3.35,134.9485
volume,1.5,5.02,134.9485
volume,1.5,6.69,134.9485
volume,1.5,8.37,134.9485
volume,1.5,10.04,134.9485
volume,1.5,11.72,134.9485
volume,1.5,13.39,134.9485
volume,1.5,15.06,134.9485
volume,1.5,16.74,134.9485
volume,1.5,18.41,134.9485
volume,1.5,20.08,135.1289
volume,1.5,21.76,135.1289
volume,1.5,23.43,135.1289
volume,1.5,25.10,135.1289
volume,1.5,26.78,135.1289
volume,1.5,28.45,135.1289
volume,1.5,30.13,135.1289
volume,1.5,31.80,135.1289
volume,1.5,33.47,135.1289
volume,1.5,35.15,135.1289
volume,1.5,36.82,135.1289
volume,1.5,38.49,135.1289
volume,1.5,40.17,135.1289
volume,1.5,41.84,135.1289
volume,1.5,43.51,135.1289
volume,1.5,45.19,135.1289
volume,1.5,46.86,135.1289
volume,1.5,48.54,135.1289
volume,1.5,50.21,135.1289
volume,1.5,51.88,135.1289
volume,1.5,53.56,135.1289
volume,1.5,55.23,135.1289
volume,1.5,56.90,135.1289
volume,1.5,58.58,135.1289
volume,1.5,60.25,135.1289
volume,1.5,61.92,135.1289
volume,1.5,63.60,135.1289
volume,1.5,65.27,135.1289
volume,1.5,66.95,135.1289
volume,1.5,68.62,135.1289
volume,1.5,70.29,135.1289
volume,1.5,71.97,135.1289
volume,1.5,73.64,135.1289
volume,1.5,75.31,135.1289
volume,1.5,76.99,135.1289
volume,1.5,78.66,135.1289
volume,1.5,80.33,135.1289
volume,1.5,82.01,135.1289
volume,1.5,83.68,135.1289
volume,1.5,85.36,135.1289
volume,1.5,87.03,135.1289
volume,1.5,88.70,135.1289
volume,1.5,90.38,135.1289
volume,1.5,92.05,135.1289
volume,1.5,93.72,135.1289
volume,1.5,95.40,135.1289
volume,1.5,97.07,135.1289
volume,1.5,98.74,135.1289
volume,1.5,100.42,135.1289
volume,1.5,102.09,135.1289
volume,1.5,103.77,135.1289
volume,1.5,105.44,135.1289
volume,1.5,107.11,135.1289
volume,1.5,108.79,135.1289
volume,1.5,110.46,135.1289
volume,1.5,112.13,135.1289
volume,1.5,113.81,135.1289
volume,1.5,115.48,135.1289
volume,1.5,117.15,135.1289
volume,1.5,118.83,135.1289
volume,1.5,120.50,135.1289
volume,1.5,122.18,135.1289
volume,1.5,123.85,135.1289
volume,1.5,125.52,135.1289
volume,1.5,127.20,135.1289
volume,1.5,128.87,135.1289
volume,1.5,130.54,135.1289
volume,1.5,132.22,135.1289
volume,1.5,133.89,135.1289
volume,1.5,135.56,135.1289
volume,1.5,137.24,135.1289
volume,1.5,138.91,135.1289
volume,1.5,140.59,135.1289
volume,1.5,142.26,135.1289
volume,1.5,143.93,135.1289
volume,1.5,145.61,135.1289
volume,1.5,147.28,135.1289
volume,1.5,148.95,135.1289
volume,1.5,150.63,135.1289
volume,1.5,152.30,135.1289
volume,1.5,153.97,135.1289
volume,1.5,155.65,135.1289
volume,1.5,157.32,135.1289
volume,1.5,159.00,135.1289
volume,1.5,160.67,135.1289
volume,1.5,162.34,135.1289
volume,1.5,164.02,135.1289
volume,1.5,165.69,135.1289
volume,1.5,167.36,134.9485
volume,1.5,169.04,134.7680
volume,1.5,170.71,134.7680
volume,1.5,172.38,134.5876
volume,1.5,174.06,134.4072
volume,1.5,175.73,134.0464
volume,1.5,177.41,133.8660
volume,1.5,179.08,133.5052
volume,1.5,180.75,133.1443
volume,1.5,182.43,132.7835
volume,1.5,184.10,132.2423
volume,1.5,185.77,131.8814
volume,1.5,187.45,131.5206
volume,1.5,189.12,130.7990
volume,1.5,190.79,130.4381
volume,1.5,192.47,130.0773
volume,1.5,194.14,129.3557
volume,1.5,195.82,128.8144
volume,1.5,197.49,128.2732
volume,1.5,199.16,127.7320
volume,1.5,200.84,127.0103
volume,1.5,202.51,126.6495
volume,1.5,204.18,125.9278
volume,1.5,205.86,125.2062
volume,1.5,207.53,124.4845
volume,1.5,209.21,124.1237
volume,1.5,210.88,123.4021
volume,1.5,212.55,122.6804
volume,1.5,214.23,121.9588
volume,1.5,215.90,121.4175
volume,1.5,217.57,120.8763
volume,1.5,219.25,120.1546
volume,1.5,220.92,119.4330
volume,1.5,222.59,119.0722
volume,1.5,224.27,118.3505
volume,1.5,225.94,117.6289
volume,1.5,227.62,117.2680
volume,1.5,229.29,116.5464
volume,1.5,230.96,115.8247
volume,1.5,232.64,115.2835
volume,1.5,234.31,114.7423
volume,1.5,235.98,114.0206
volume,1.5,237.66,113.4794
volume,1.5,239.33,112.9381
volume,1.5,241.00,112.2165
volume,1.5,242.68,111.6753
volume,1.5,244.35,111.1340
volume,1.5,246.03,110.4124
volume,1.5,247.70,109.8711
volume,1.5,249.37,109.3299
volume,1.5,251.05,108.7887
volume,1.5,252.72,108.2474
volume,1.5,254.39,107.5258
volume,1.5,256.07,106.9845
volume,1.5,257.74,106.4433
volume,1.5,259.41,105.9021
volume,1.5,261.09,105.3608
volume,1.5,262.76,104.8196
volume,1.5,264.44,104.2784
volume,1.5,266.11,103.7371
volume,1.5,267.78,103.1959
volume,1.5,269.46,102.6546
volume,1.5,271.13,102.1134
volume,1.5,272.80,101.5722
volume,1.5,274.48,101.0309
volume,1.5,276.15,100.4897
volume,1.5,277.82,100.1289
volume,1.5,279.50,99.5876
volume,1.5,281.17,99.0464
volume,1.5,282.85,98.5052
volume,1.5,284.52,97.9639
volume,1.5,286.19,97.6031
volume,1.5,287.87,96.8814
volume,1.5,289.54,96.5206
volume,1.5,291.21,96.1598
volume,1.5,292.89,95.4381
volume,1.5,294.56,95.0773
volume,1.5,296.23,94.7165
volume,1.5,297.91,93.9948
volume,1.5,299.58,93.6340
volume,1.5,301.26,93.2732
volume,1.5,302.93,92.5515
volume,1.5,304.60,92.1907
volume,1.5,306.28,91.8299
volume,1.5,307.95,91.2887
volume,1.5,309.62,90.7474
volume,1.5,311.30,90.3866
volume,1.5,312.97,89.8454
volume,1.5,314.64,89.4845
volume,1.5,316.32,88.9433
volume,1.5,317.99,88.5825
volume,1.5,319.67,88.2216
volume,1.5,321.34,87.6804
volume,1.5,323.01,87.3196
volume,1.5,324.69,86.7784
volume,1.5,326.36,86.4175
volume,1.5,328.03,86.0567
volume,1.5,329.71,85.5155
volume,1.5,331.38,85.1546
volume,1.5,333.05,84.7938
volume,1.5,334.73,84.4330
volume,1.5,336.40,84.0722
volume,1.5,338.08,83.7113
volume,1.5,339.75,83.1701
volume,1.5,341.42,82.8093
volume,1.5,343.10,82.4485
volume,1.5,344.77,81.9072
volume,1.5,346.44,81.5464
volume,1.5,348.12,81.1856
volume,1.5,349.79,81.0052
volume,1.5,351.46,80.8247
volume,1.5,353.14,80.4639
volume,1.5,354.81,80.1031
volume,1.5,356.49,79.7423
volume,1.5,358.16,79.3814
volume,1.5,359.83,79.0206
volume,1.5,361.51,78.6598
volume,1.5,363.18,78.4794
volume,1.5,364.85,78.1186
volume,1.5,366.53,77.9381
volume,1.5,368.20,77.5773
volume,1.5,369.87,77.3969
volume,1.5,371.55,77.0361
volume,1.5,373.22,76.6753
volume,1.5,374.90,76.6753
volume,1.5,376.57,76.3144
volume,1.5,378.24,75.9536
volume,1.5,379.92,75.9536
volume,1.5,381.59,75.5928
volume,1.5,383.26,75.4124
volume,1.5,384.94,75.2320
volume,1.5,386.61,74.8711
volume,1.5,388.28,74.8711
volume,1.5,389.96,74.5103
volume,1.5,391.63,74.5103
volume,1.5,393.31,74.1495
volume,1.5,394.98,74.1495
volume,1.5,396.65,73.7887
volume,1.5,398.33,73.7887
volume,1.5,400.00,73.7887
volume,1.5,401.67,73.6082
volume,1.5,403.35,73.6082
volume,1.5,405.02,73.6082
volume,1.5,406.69,73.4278
volume,1.5,408.37,73.4278
volume,1.5,410.04,73.4278
volume,1.5,411.72,73.4278
volume,1.5,413.39,73.4278
volume,1.5,415.06,73.4278
volume,1.5,416.74,73.4278
volume,1.5,418.41,73.4278
volume,1.5,420.08,73.4278
volume,1.5,421.76,73.4278
volume,1.5,423.43,73.4278
volume,1.5,425.10,73.4278
volume,1.5,426.78,73.4278
volume,1.5,428.45,73.4278
volume,1.5,430.13,73.4278
volume,1.5,431.80,73.4278
volume,1.5,433.47,73.4278
volume,1.5,435.15,73.4278
volume,1.5,436.82,73.4278
volume,1.5,438.49,73.4278
volume,1.5,440.17,73.4278
volume,1.5,441.84,73.4278
volume,1.5,443.51,73.4278
volume,1.5,445.19,73.4278
volume,1.5,446.86,73.4278
volume,1.5,448.54,73.4278
volume,1.5,450.21,73.4278
volume,1.5,451.88,73.4278
volume,1.5,453.56,73.4278
volume,1.5,455.23,73.4278
volume,1.5,456.90,73.4278
volume,1.5,458.58,73.4278
volume,1.5,460.25,73.4278
volume,1.5,461.92,73.4278
volume,1.5,463.60,73.4278
volume,1.5,465.27,73.4278
volume,1.5,466.95,73.4278
volume,1.5,468.62,73.4278
volume,1.5,470.29,73.4278
volume,1.5,471.97,73.4278
volume,1.5,473.64,73.4278
volume,1.5,475.31,73.4278
volume,1.5,476.99,73.4278
volume,1.5,478.66,73.4278
volume,1.5,480.33,73.4278
volume,1.5,482.01,73.4278
volume,1.5,483.68,73.4278
volume,1.5,485.36,73.6082
volume,1.5,487.03,73.7887
volume,1.5,488.70,73.9691
volume,1.5,490.38,74.3299
volume,1.5,492.05,74.8711
volume,1.5,493.72,75.4124
volume,1.5,495.40,75.9536
volume,1.5,497.07,76.6753
volume,1.5,498.74,77.3969
volume,1.5,500.42,78.2990
volume,1.5,502.09,79.0206
volume,1.5,503.77,79.9227
volume,1.5,505.44,81.0052
volume,1.5,507.11,81.9072
volume,1.5,508.79,82.9897
volume,1.5,510.46,84.0722
volume,1.5,512.13,85.1546
volume,1.5,513.81,86.4175
volume,1.5,515.48,87.5000
volume,1.5,517.15,88.5825
volume,1.5,518.83,93.8144
volume,1.5,520.50,94.8969
volume,1.5,522.18,95.9794
volume,1.5,523.85,97.2423
volume,1.5,525.52,98.5052
volume,1.5,527.20,99.5876
volume,1.5,528.87,100.6701
volume,1.5,530.54,101.7526
volume,1.5,532.22,102.8351
volume,1.5,533.89,103.9175
volume,1.5,535.56,104.8196
volume,1.5,537.24,105.9021
volume,1.5,538.91,106.8041
volume,1.5,540.59,107.3454
volume,1.5,542.26,107.7062
volume,1.5,543.93,108.0670
volume,1.5,545.61,108.7887
volume,1.5,547.28,109.5103
volume,1.5,548.95,110.2320
volume,1.5,550.63,110.9536
volume,1.5,552.30,111.6753
volume,1.5,553.97,112.0361
volume,1.5,555.65,112.7577
volume,1.5,557.32,113.1186
volume,1.5,559.00,113.8402
volume,1.5,560.67,114.2010
volume,1.5,562.34,114.7423
volume,1.5,564.02,115.1031
volume,1.5,565.69,115.4639
volume,1.5,567.36,115.8247
volume,1.5,569.04,116.1856
volume,1.5,570.71,116.5464
volume,1.5,572.38,116.9072
volume,1.5,574.06,117.0876
volume,1.5,575.73,117.4485
volume,1.5,577.41,117.6289
volume,1.5,579.08,117.9897
volume,1.5,580.75,118.3505
volume,1.5,582.43,118.3505
volume,1.5,584.10,118.7113
volume,1.5,585.77,118.8918
volume,1.5,587.45,119.0722
volume,1.5,589.12,119.2526
volume,1.5,590.79,119.4330
volume,1.5,592.47,119.6134
volume,1.5,594.14,119.7938
volume,1.5,595.82,119.7938
volume,1.5,597.49,120.1546
volume,1.5,599.16,120.1546
volume,1.5,600.84,120.1546
volume,1.5,602.51,120.5155
volume,1.5,604.18,120.5155
volume,1.5,605.86,120.5155
volume,1.5,607.53,120.8763
volume,1.5,609.21,120.8763
volume,1.5,610.88,120.8763
volume,1.5,612.55,121.0567
volume,1.5,614.23,121.2371
volume,1.5,615.90,121.2371
volume,1.5,617.57,121.2371
volume,1.5,619.25,121.4175
volume,1.5,620.92,121.5979
volume,1.5,622.59,121.5979
volume,1.5,624.27,121.5979
volume,1.5,625.94,121.5979
volume,1.5,627.62,121.7784
volume,1.5,629.29,121.7784
volume,1.5,630.96,121.9588
volume,1.5,632.64,121.9588
volume,1.5,634.31,121.9588
volume,1.5,635.98,122.1392
volume,1.5,637.66,122.1392
volume,1.5,639.33,122.1392
volume,1.5,641.00,122.1392
volume,1.5,642.68,122.3196
volume,1.5,644.35,122.3196
volume,1.5,646.03,122.5000
volume,1.5,647.70,122.5000
volume,1.5,649.37,122.5000
volume,1.5,651.05,122.5000
volume,1.5,652.72,122.5000
volume,1.5,654.39,122.5000
volume,1.5,656.07,122.8608
volume,1.5,657.74,122.8608
volume,1.5,659.41,123.0412
volume,1.5,661.09,123.2216
volume,1.5,662.76,123.5825
volume,1.5,664.44,123.7629
volume,1.5,666.11,123.9433
volume,1.5,667.78,124.3041
volume,1.5,669.46,124.6649
volume,1.5,671.13,125.0258
volume,1.5,672.80,125.3866
volume,1.5,674.48,125.7474
volume,1.5,676.15,125.9278
volume,1.5,677.82,126.2887
volume,1.5,679.50,126.4691
volume,1.5,681.17,126.8299
volume,1.5,682.85,127.3711
volume,1.5,684.52,127.7320
volume,1.5,686.19,128.0928
volume,1.5,687.87,128.4536
volume,1.5,689.54,128.8144
volume,1.5,691.21,129.1753
volume,1.5,692.89,129.5361
volume,1.5,694.56,129.8969
volume,1.5,696.23,130.2577
volume,1.5,697.91,130.6186
volume,1.5,699.58,130.9794
volume,1.5,701.26,131.3402
volume,1.5,702.93,131.7010
volume,1.5,704.60,132.0619
volume,1.5,706.28,132.4227
volume,1.5,707.95,132.7835
volume,1.5,709.62,133.1443
volume,1.5,711.30,133.5052
volume,1.5,712.97,133.6856
volume,1.5,714.64,133.8660
volume,1.5,716.32,134.0464
volume,1.5,717.99,134.2268
volume,1.5,719.67,134.4072
volume,1.5,721.34,134.5876
volume,1.5,723.01,134.7680
volume,1.5,724.69,134.9485
volume,1.5,726.36,134.9485
volume,1.5,728.03,134.9485
volume,1.5,729.71,135.1289
volume,1.5,731.38,135.3093
volume,1.5,733.05,135.3093
volume,1.5,734.73,135.3093
volume,1.5,736.40,135.3093
volume,1.5,738.08,135.3093
volume,1.5,739.75,135.3093
volume,1.5,741.42,135.3093
volume,1.5,743.10,135.6701
volume,1.5,744.77,135.6701
volume,1.5,746.44,135.6701
volume,1.5,748.12,135.6701
volume,1.5,749.79,135.6701
volume,1.5,751.46,135.6701
volume,1.5,753.14,135.6701
volume,1.5,754.81,135.6701
volume,1.5,756.49,135.6701
volume,1.5,758.16,135.6701
volume,1.5,759.83,135.6701
volume,1.5,761.51,135.6701
volume,1.5,763.18,135.6701
volume,1.5,764.85,135.6701
volume,1.5,766.53,135.6701
volume,1.5,768.20,134.9485
volume,1.5,769.87,134.9485
volume,1.5,771.55,134.9485
volume,1.5,773.22,134.9485
volume,1.5,774.90,134.9485
volume,1.5,776.57,134.9485
volume,1.5,778.24,134.9485
volume,1.5,779.92,134.9485
volume,1.5,781.59,134.9485
volume,1.5,783.26,134.9485
volume,1.5,784.94,134.9485
volume,1.5,786.61,134.9485
volume,1.5,788.28,134.9485
volume,1.5,789.96,134.9485
volume,1.5,791.63,134.9485
volume,1.5,793.31,134.9485
volume,1.5,794.98,134.9485
volume,1.5,796.65,134.9485
volume,1.5,798.33,134.9485
volume,1.5,800.00,134.9485
volume,2.0,0.00,134.9485
volume,2.0,1.67,134.9485
volume,2.0,3.35,134.9485
volume,2.0,5.02,134.9485
volume,2.0,6.69,134.9485
volume,2.0,8.37,134.9485
volume,2.0,10.04,134.9485
volume,2.0,11.72,134.9485
volume,2.0,13.39,134.9485
volume,2.0,15.06,134.9485
volume,2.0,16.74,134.9485
volume,2.0,18.41,134.9485
volume,2.0,20.08,135.1289
volume,2.0,21.76,135.1289
volume,2.0,23.43,135.1289
volume,2.0,25.10,135.1289
volume,2.0,26.78,135.1289
volume,2.0,28.45,135.1289
volume,2.0,30.13,135.1289
volume,2.0,31.80,135.1289
volume,2.0,33.47,135.1289
volume,2.0,35.15,135.1289
volume,2.0,36.82,135.1289
volume,2.0,38.49,135.1289
volume,2.0,40.17,135.1289
volume,2.0,41.84,135.1289
volume,2.0,43.51,135.1289
volume,2.0,45.19,135.1289
volume,2.0,46.86,135.1289
volume,2.0,48.54,135.1289
volume,2.0,50.21,135.1289
volume,2.0,51.88,135.1289
volume,2.0,53.56,135.1289
volume,2.0,55.23,135.1289
volume,2.0,56.90,135.1289
volume,2.0,58.58,135.1289
volume,2.0,60.25,135.1289
volume,2.0,61.92,135.1289
volume,2.0,63.60,135.1289
volume,2.0,65.27,135.1289
volume,2.0,66.95,135.1289
volume,2.0,68.62,135.1289
volume,2.0,70.29,135.1289
volume,2.0,71.97,135.1289
volume,2.0,73.64,135.1289
volume,2.0,75.31,135.1289
volume,2.0,76.99,135.1289
volume,2.0,78.66,135.1289
volume,2.0,80.33,135.1289
volume,2.0,82.01,135.1289
volume,2.0,83.68,135.1289
volume,2.0,85.36,135.1289
volume,2.0,87.03,135.1289
volume,2.0,88.70,135.1289
volume,2.0,90.38,135.1289
volume,2.0,92.05,135.1289
volume,2.0,93.72,135.1289
volume,2.0,95.40,135.1289
volume,2.0,97.07,135.1289
volume,2.0,98.74,135.1289
volume,2.0,100.42,135.1289
volume,2.0,102.09,135.1289
volume,2.0,103.77,135.1289
volume,2.0,105.44,135.1289
volume,2.0,107.11,135.1289
volume,2.0,108.79,135.1289
volume,2.0,110.46,135.1289
volume,2.0,112.13,135.1289
volume,2.0,113.81,135.1289
volume,2.0,115.48,135.1289
volume,2.0,117.15,135.1289
volume,2.0,118.83,135.1289
volume,2.0,120.50,135.1289
volume,2.0,122.18,135.1289
volume,2.0,123.85,135.1289
volume,2.0,125.52,135.1289
volume,2.0,127.20,135.1289
volume,2.0,128.87,135.1289
volume,2.0,130.54,135.1289
volume,2.0,132.22,135.1289
volume,2.0,133.89,135.1289
volume,2.0,135.56,135.1289
volume,2.0,137.24,135.1289
volume,2.0,138.91,135.1289
volume,2.0,140.59,135.1289
volume,2.0,142.26,135.1289
volume,2.0,143.93,135.1289
volume,2.0,145.61,135.1289
volume,2.0,147.28,135.1289
volume,2.0,148.95,135.1289
volume,2.0,150.63,135.1289
volume,2.0,152.30,135.1289
volume,2.0,153.97,135.1289
volume,2.0,155.65,135.1289
volume,2.0,157.32,135.1289
volume,2.0,159.00,135.1289
volume,2.0,160.67,135.1289
volume,2.0,162.34,135.1289
volume,2.0,164.02,135.1289
volume,2.0,165.69,135.1289
volume,2.0,167.36,134.9485
volume,2.0,169.04,134.7680
volume,2.0,170.71,134.7680
volume,2.0,172.38,134.5876
volume,2.0,174.06,134.4072
volume,2.0,175.73,134.0464
volume,2.0,177.41,133.8660
volume,2.0,179.08,133.5052
volume,2.0,180.75,133.1443
volume,2.0,182.43,132.7835
volume,2.0,184.10,132.2423
volume,2.0,185.77,131.8814
volume,2.0,187.45,131.5206
volume,2.0,189.12,130.7990
volume,2.0,190.79,130.4381
volume,2.0,192.47,130.0773
volume,2.0,194.14,129.3557
volume,2.0,195.82,128.8144
volume,2.0,197.49,128.2732
volume,2.0,199.16,127.7320
volume,2.0,200.84,127.0103
volume,2.0,202.51,126.6495
volume,2.0,204.18,125.9278
volume,2.0,205.86,125.2062
volume,2.0,207.53,124.4845
volume,2.0,209.21,124.1237
volume,2.0,210.88,123.4021
volume,2.0,212.55,122.6804
volume,2.0,214.23,121.9588
volume,2.0,215.90,121.4175
volume,2.0,217.57,120.8763
volume,2.0,219.25,120.1546
volume,2.0,220.92,119.4330
volume,2.0,222.59,119.0722
volume,2.0,224.27,118.3505
volume,2.0,225.94,117.6289
volume,2.0,227.62,117.2680
volume,2.0,229.29,116.5464
volume,2.0,230.96,115.8247
volume,2.0,232.64,115.2835
volume,2.0,234.31,114.7423
volume,2.0,235.98,114.0206
volume,2.0,237.66,113.4794
volume,2.0,239.33,112.9381
volume,2.0,241.00,112.2165
volume,2.0,242.68,111.6753
volume,2.0,244.35,111.1340
volume,2.0,246.03,110.4124
volume,2.0,247.70,109.8711
volume,2.0,249.37,109.3299
volume,2.0,251.05,108.7887
volume,2.0,252.72,108.2474
volume,2.0,254.39,107.5258
volume,2.0,256.07,106.9845
volume,2.0,257.74,106.4433
volume,2.0,259.41,105.9021
volume,2.0,261.09,105.3608
volume,2.0,262.76,104.8196
volume,2.0,264.44,104.2784
volume,2.0,266.11,103.7371
volume,2.0,267.78,103.1959
volume,2.0,269.46,102.6546
volume,2.0,271.13,102.1134
volume,2.0,272.80,101.5722
volume,2.0,274.48,101.0309
volume,2.0,276.15,100.4897
volume,2.0,277.82,100.1289
volume,2.0,279.50,99.5876
volume,2.0,281.17,99.0464
volume,2.0,282.85,98.5052
volume,2.0,284.52,97.9639
volume,2.0,286.19,97.6031
volume,2.0,287.87,96.8814
volume,2.0,289.54,96.5206
volume,2.0,291.21,96.1598
volume,2.0,292.89,95.4381
volume,2.0,294.56,95.0773
volume,2.0,296.23,94.7165
volume,2.0,297.91,93.9948
volume,2.0,299.58,93.6340
volume,2.0,301.26,93.2732
volume,2.0,302.93,92.5515
volume,2.0,304.60,92.1907
volume,2.0,306.28,91.8299
volume,2.0,307.95,91.2887
volume,2.0,309.62,90.7474
volume,2.0,311.30,90.3866
volume,2.0,312.97,89.8454
volume,2.0,314.64,89.4845
volume,2.0,316.32,88.9433
volume,2.0,317.99,88.5825
volume,2.0,319.67,88.2216
volume,2.0,321.34,87.6804
volume,2.0,323.01,87.3196
volume,2.0,324.69,86.7784
volume,2.0,326.36,86.4175
volume,2.0,328.03,86.0567
volume,2.0,329.71,85.5155
volume,2.0,331.38,85.1546
volume,2.0,333.05,84.7938
volume,2.0,334.73,84.4330
volume,2.0,336.40,84.0722
volume,2.0,338.08,83.7113
volume,2.0,339.75,83.1701
volume,2.0,341.42,82.8093
volume,2.0,343.10,82.4485
volume,2.0,344.77,81.9072
volume,2.0,346.44,81.5464
volume,2.0,348.12,81.1856
volume,2.0,349.79,81.0052
volume,2.0,351.46,80.8247
volume,2.0,353.14,80.4639
volume,2.0,354.81,80.1031
volume,2.0,356.49,79.7423
volume,2.0,358.16,79.3814
volume,2.0,359.83,79.0206
volume,2.0,361.51,78.6598
volume,2.0,363.18,78.4794
volume,2.0,364.85,78.1186
volume,2.0,366.53,77.9381
volume,2.0,368.20,77.5773
volume,2.0,369.87,77.3969
volume,2.0,371.55,77.0361
volume,2.0,373.22,76.6753
volume,2.0,374.90,76.6753
volume,2.0,376.57,76.3144
volume,2.0,378.24,75.9536
volume,2.0,379.92,75.9536
volume,2.0,381.59,75.5928
volume,2.0,383.26,75.4124
volume,2.0,384.94,75.2320
volume,2.0,386.61,74.8711
volume,2.0,388.28,74.8711
volume,2.0,389.96,74.5103
volume,2.0,391.63,74.5103
volume,2.0,393.31,74.1495
volume,2.0,394.98,74.1495
volume,2.0,396.65,73.7887
volume,2.0,398.33,73.7887
volume,2.0,400.00,73.7887
volume,2.0,401.67,73.6082
volume,2.0,403.35,73.6082
volume,2.0,405.02,73.6082
volume,2.0,406.69,73.4278
volume,2.0,408.37,73.4278
volume,2.0,410.04,73.4278
volume,2.0,411.72,73.4278
volume,2.0,413.39,73.4278
volume,2.0,415.06,73.4278
volume,2.0,416.74,73.4278
volume,2.0,418.41,73.4278
volume,2.0,420.08,73.4278
volume,2.0,421.76,73.4278
volume,2.0,423.43,73.4278
volume,2.0,425.10,73.4278
volume,2.0,426.78,73.4278
volume,2.0,428.45,73.4278
volume,2.0,430.13,73.4278
volume,2.0,431.80,73.4278
volume,2.0,433.47,73.4278
volume,2.0,435.15,73.4278
volume,2.0,436.82,73.4278
volume,2.0,438.49,73.4278
volume,2.0,440.17,73.4278
volume,2.0,441.84,73.4278
volume,2.0,443.51,73.4278
volume,2.0,445.19,73.4278
volume,2.0,446.86,73.4278
volume,2.0,448.54,73.4278
volume,2.0,450.21,73.4278
volume,2.0,451.88,73.4278
volume,2.0,453.56,73.4278
volume,2.0,455.23,73.4278
volume,2.0,456.90,73.4278
volume,2.0,458.58,73.4278
volume,2.0,460.25,73.4278
volume,2.0,461.92,73.4278
volume,2.0,463.60,73.4278
volume,2.0,465.27,73.4278
volume,2.0,466.95,73.4278
volume,2.0,468.62,73.4278
volume,2.0,470.29,73.4278
volume,2.0,471.97,73.4278
volume,2.0,473.64,73.4278
volume,2.0,475.31,73.4278
volume,2.0,476.99,73.4278
volume,2.0,478.66,73.4278
volume,2.0,480.33,73.4278
volume,2.0,482.01,73.4278
volume,2.0,483.68,73.4278
volume,2.0,485.36,73.6082
volume,2.0,487.03,73.7887
volume,2.0,488.70,73.9691
volume,2.0,490.38,74.3299
volume,2.0,492.05,74.8711
volume,2.0,493.72,75.4124
volume,2.0,495.40,75.9536
volume,2.0,497.07,76.6753
volume,2.0,498.74,77.3969
volume,2.0,500.42,78.2990
volume,2.0,502.09,79.0206
volume,2.0,503.77,79.9227
volume,2.0,505.44,81.0052
volume,2.0,507.11,81.9072
volume,2.0,508.79,82.9897
volume,2.0,510.46,84.0722
volume,2.0,512.13,85.1546
volume,2.0,513.81,86.4175
volume,2.0,515.48,87.5000
volume,2.0,517.15,88.5825
volume,2.0,518.83,89.8454
volume,2.0,520.50,91.1082
volume,2.0,522.18,92.1907
volume,2.0,523.85,93.2732
volume,2.0,525.52,94.5361
volume,2.0,527.20,95.7990
volume,2.0,528.87,96.8814
volume,2.0,530.54,97.9639
volume,2.0,532.22,99.0464
volume,2.0,533.89,100.3093
volume,2.0,535.56,101.0309
volume,2.0,537.24,102.1134
volume,2.0,538.91,103.0155
volume,2.0,540.59,104.0979
volume,2.0,542.26,105.0000
volume,2.0,543.93,105.7216
volume,2.0,545.61,106.6237
volume,2.0,547.28,107.3454
volume,2.0,548.95,108.0670
volume,2.0,550.63,108.7887
volume,2.0,552.30,109.5103
volume,2.0,553.97,110.2320
volume,2.0,555.65,110.7732
volume,2.0,557.32,111.4948
volume,2.0,559.00,112.0361
volume,2.0,560.67,112.3969
volume,2.0,562.34,113.1186
volume,2.0,564.02,113.4794
volume,2.0,565.69,113.8402
volume,2.0,567.36,114.3814
volume,2.0,569.04,114.7423
volume,2.0,570.71,115.1031
volume,2.0,572.38,115.4639
volume,2.0,574.06,115.8247
volume,2.0,575.73,116.0052
volume,2.0,577.41,116.1856
volume,2.0,579.08,116.5464
volume,2.0,580.75,116.7268
volume,2.0,582.43,117.0876
volume,2.0,584.10,117.2680
volume,2.0,585.77,117.4485
volume,2.0,587.45,117.8093
volume,2.0,589.12,117.8093
volume,2.0,590.79,118.1701
volume,2.0,592.47,118.1701
volume,2.0,594.14,118.5309
volume,2.0,595.82,118.5309
volume,2.0,597.49,118.7113
volume,2.0,599.16,118.8918
volume,2.0,600.84,118.8918
volume,2.0,602.51,119.0722
volume,2.0,604.18,119.2526
volume,2.0,605.86,119.2526
volume,2.0,607.53,119.4330
volume,2.0,609.21,119.6134
volume,2.0,610.88,119.6134
volume,2.0,612.55,119.7938
volume,2.0,614.23,119.9742
volume,2.0,615.90,119.9742
volume,2.0,617.57,119.9742
volume,2.0,619.25,120.1546
volume,2.0,620.92,120.1546
volume,2.0,622.59,120.3351
volume,2.0,624.27,120.3351
volume,2.0,625.94,120.3351
volume,2.0,627.62,120.5155
volume,2.0,629.29,120.6959
volume,2.0,630.96,120.6959
volume,2.0,632.64,120.6959
volume,2.0,634.31,120.6959
volume,2.0,635.98,120.8763
volume,2.0,637.66,120.8763
volume,2.0,639.33,121.0567
volume,2.0,641.00,121.0567
volume,2.0,642.68,121.0567
volume,2.0,644.35,121.0567
volume,2.0,646.03,121.2371
volume,2.0,647.70,121.2371
volume,2.0,649.37,121.2371
volume,2.0,651.05,121.4175
volume,2.0,652.72,121.4175
volume,2.0,654.39,121.4175
volume,2.0,656.07,121.4175
volume,2.0,657.74,121.7784
volume,2.0,659.41,121.7784
volume,2.0,661.09,122.1392
volume,2.0,662.76,122.1392
volume,2.0,664.44,122.5000
volume,2.0,666.11,122.6804
volume,2.0,667.78,123.0412
volume,2.0,669.46,123.4021
volume,2.0,671.13,123.5825
volume,2.0,672.80,123.7629
volume,2.0,674.48,124.1237
volume,2.0,676.15,124.4845
volume,2.0,677.82,124.8454
volume,2.0,679.50,125.2062
volume,2.0,681.17,125.5670
volume,2.0,682.85,125.9278
volume,2.0,684.52,126.2887
volume,2.0,686.19,126.6495
volume,2.0,687.87,127.0103
volume,2.0,689.54,127.3711
volume,2.0,691.21,127.7320
volume,2.0,692.89,128.0928
volume,2.0,694.56,128.4536
volume,2.0,696.23,128.8144
volume,2.0,697.91,129.1753
volume,2.0,699.58,129.5361
volume,2.0,701.26,130.0773
volume,2.0,702.93,130.2577
volume,2.0,704.60,130.6186
volume,2.0,706.28,130.9794
volume,2.0,707.95,131.3402
volume,2.0,709.62,131.7010
volume,2.0,711.30,132.0619
volume,2.0,712.97,132.4227
volume,2.0,714.64,132.7835
volume,2.0,716.32,132.9639
volume,2.0,717.99,133.3247
volume,2.0,719.67,133.3247
volume,2.0,721.34,133.5052
volume,2.0,723.01,133.6856
volume,2.0,724.69,133.6856
volume,2.0,726.36,133.8660
volume,2.0,728.03,134.0464
volume,2.0,729.71,134.0464
volume,2.0,731.38,134.0464
volume,2.0,733.05,134.2268
volume,2.0,734.73,134.4072
volume,2.0,736.40,134.4072
volume,2.0,738.08,134.4072
volume,2.0,739.75,134.4072
volume,2.0,741.42,134.4072
volume,2.0,743.10,134.5876
volume,2.0,744.77,134.5876
volume,2.0,746.44,134.5876
volume,2.0,748.12,134.7680
volume,2.0,749.79,134.7680
volume,2.0,751.46,134.7680
volume,2.0,753.14,134.7680
volume,2.0,754.81,134.7680
volume,2.0,756.49,134.7680
volume,2.0,758.16,134.7680
volume,2.0,759.83,134.7680
volume,2.0,761.51,134.7680
volume,2.0,763.18,134.7680
volume,2.0,764.85,134.9485
volume,2.0,766.53,134.9485
volume,2.0,768.20,134.9485
volume,2.0,769.87,134.9485
volume,2.0,771.55,134.9485
volume,2.0,773.22,134.9485
volume,2.0,774.90,134.9485
volume,2.0,776.57,134.9485
volume,2.0,778.24,134.9485
volume,2.0,779.92,134.9485
volume,2.0,781.59,134.9485
volume,2.0,783.26,134.9485
volume,2.0,784.94,134.9485
volume,2.0,786.61,134.9485
volume,2.0,788.28,134.9485
volume,2.0,789.96,134.9485
volume,2.0,791.63,134.9485
volume,2.0,793.31,134.9485
volume,2.0,794.98,134.9485
volume,2.0,796.65,134.9485
volume,2.0,798.33,134.9485
volume,2.0,800.00,134.9485
torsion,1.0,0.00,-0.7152
torsion,1.0,1.67,-0.7152
torsion,1.0,3.35,-0.7152
torsion,1.0,5.02,-0.7152
torsion,1.0,6.69,-0.7152
torsion,1.0,8.37,-0.7152
torsion,1.0,10.04,-0.7152
torsion,1.0,11.72,-0.7152
torsion,1.0,13.39,-0.7152
torsion,1.0,15.06,-0.7603
torsion,1.0,16.74,-0.8505
torsion,1.0,18.41,-0.8956
torsion,1.0,20.08,-0.9407
torsion,1.0,21.76,-1.0309
torsion,1.0,23.43,-1.0760
torsion,1.0,25.10,-1.1211
torsion,1.0,26.78,-1.2113
torsion,1.0,28.45,-1.2564
torsion,1.0,30.13,-1.3015
torsion,1.0,31.80,-1.3466
torsion,1.0,33.47,-1.4369
torsion,1.0,35.15,-1.4820
torsion,1.0,36.82,-1.5271
torsion,1.0,38.49,-1.5722
torsion,1.0,40.17,-1.6173
torsion,1.0,41.84,-1.6624
torsion,1.0,43.51,-1.7075
torsion,1.0,45.19,-1.7977
torsion,1.0,46.86,-1.7977
torsion,1.0,48.54,-1.8879
torsion,1.0,50.21,-1.8879
torsion,1.0,51.88,-1.9330
torsion,1.0,53.56,-1.9781
torsion,1.0,55.23,-1.9781
torsion,1.0,56.90,-2.0683
torsion,1.0,58.58,-2.0683
torsion,1.0,60.25,-2.1585
torsion,1.0,61.92,-2.2487
torsion,1.0,63.60,-2.2487
torsion,1.0,65.27,-2.2938
torsion,1.0,66.95,-2.3389
torsion,1.0,68.62,-2.3389
torsion,1.0,70.29,-2.4291
torsion,1.0,71.97,-2.4291
torsion,1.0,73.64,-2.4742
torsion,1.0,75.31,-2.5193
torsion,1.0,76.99,-2.5193
torsion,1.0,78.66,-2.5193
torsion,1.0,80.33,-2.6095
torsion,1.0,82.01,-2.6095
torsion,1.0,83.68,-2.6095
torsion,1.0,85.36,-2.6997
torsion,1.0,87.03,-2.6997
torsion,1.0,88.70,-2.6997
torsion,1.0,90.38,-2.7899
torsion,1.0,92.05,-2.7899
torsion,1.0,93.72,-2.7899
torsion,1.0,95.40,-2.8351
torsion,1.0,97.07,-2.8802
torsion,1.0,98.74,-2.8802
torsion,1.0,100.42,-2.9253
torsion,1.0,102.09,-2.9704
torsion,1.0,103.77,-2.9704
torsion,1.0,105.44,-2.9704
torsion,1.0,107.11,-3.0155
torsion,1.0,108.79,-3.0606
torsion,1.0,110.46,-3.0606
torsion,1.0,112.13,-3.1057
torsion,1.0,113.81,-3.1508
torsion,1.0,115.48,-3.1508
torsion,1.0,117.15,-3.1508
torsion,1.0,118.83,-3.1508
torsion,1.0,120.50,-3.1508
torsion,1.0,122.18,-3.1508
torsion,1.0,123.85,-3.1508
torsion,1.0,125.52,-3.0155
torsion,1.0,127.20,-2.9704
torsion,1.0,128.87,-2.7899
torsion,1.0,130.54,-2.5644
torsion,1.0,132.22,-2.3840
torsion,1.0,133.89,-2.0683
torsion,1.0,135.56,-1.7526
torsion,1.0,137.24,-1.3918
torsion,1.0,138.91,-0.9407
torsion,1.0,140.59,-0.4446
torsion,1.0,142.26,0.0966
torsion,1.0,143.93,0.6379
torsion,1.0,145.61,1.2242
torsion,1.0,147.28,1.8557
torsion,1.0,148.95,2.4871
torsion,1.0,150.63,3.2539
torsion,1.0,152.30,3.9304
torsion,1.0,153.97,4.6972
torsion,1.0,155.65,5.2384
torsion,1.0,157.32,5.5541
torsion,1.0,159.00,5.8247
torsion,1.0,160.67,6.3209
torsion,1.0,162.34,6.3209
torsion,1.0,164.02,6.7719
torsion,1.0,165.69,7.2680
torsion,1.0,167.36,7.5838
torsion,1.0,169.04,7.8995
torsion,1.0,170.71,8.1701
torsion,1.0,172.38,8.3956
torsion,1.0,174.06,8.6211
torsion,1.0,175.73,8.8015
torsion,1.0,177.41,8.9369
torsion,1.0,179.08,9.1173
torsion,1.0,180.75,9.2526
torsion,1.0,182.43,9.3879
torsion,1.0,184.10,9.5232
torsion,1.0,185.77,9.6585
torsion,1.0,187.45,9.7487
torsion,1.0,189.12,9.8389
torsion,1.0,190.79,10.0193
torsion,1.0,192.47,10.1095
torsion,1.0,194.14,10.1997
torsion,1.0,195.82,10.2899
torsion,1.0,197.49,10.4704
torsion,1.0,199.16,10.5606
torsion,1.0,200.84,10.6508
torsion,1.0,202.51,10.7410
torsion,1.0,204.18,10.8312
torsion,1.0,205.86,10.9665
torsion,1.0,207.53,11.0567
torsion,1.0,209.21,11.1920
torsion,1.0,210.88,11.2822
torsion,1.0,212.55,11.3724
torsion,1.0,214.23,11.4626
torsion,1.0,215.90,11.5528
torsion,1.0,217.57,11.6430
torsion,1.0,219.25,11.6881
torsion,1.0,220.92,11.7784
torsion,1.0,222.59,11.8686
torsion,1.0,224.27,11.9588
torsion,1.0,225.94,12.0490
torsion,1.0,227.62,12.1392
torsion,1.0,229.29,12.2294
torsion,1.0,230.96,12.2294
torsion,1.0,232.64,12.3196
torsion,1.0,234.31,12.4098
torsion,1.0,235.98,12.5000
torsion,1.0,237.66,12.5451
torsion,1.0,239.33,12.5902
torsion,1.0,241.00,12.6353
torsion,1.0,242.68,12.7255
torsion,1.0,244.35,12.7706
torsion,1.0,246.03,12.8157
torsion,1.0,247.70,12.8608
torsion,1.0,249.37,12.9059
torsion,1.0,251.05,12.9961
torsion,1.0,252.72,12.9961
torsion,1.0,254.39,13.0863
torsion,1.0,256.07,13.0863
torsion,1.0,257.74,13.1765
torsion,1.0,259.41,13.1765
torsion,1.0,261.09,13.1765
torsion,1.0,262.76,13.2668
torsion,1.0,264.44,13.2668
torsion,1.0,266.11,13.2668
torsion,1.0,267.78,13.3570
torsion,1.0,269.46,13.3570
torsion,1.0,271.13,13.3570
torsion,1.0,272.80,13.4472
torsion,1.0,274.48,13.4472
torsion,1.0,276.15,13.4472
torsion,1.0,277.82,13.4472
torsion,1.0,279.50,13.4472
torsion,1.0,281.17,13.4923
torsion,1.0,282.85,13.5374
torsion,1.0,284.52,13.5374
torsion,1.0,286.19,13.5374
torsion,1.0,287.87,13.5374
torsion,1.0,289.54,13.5374
torsion,1.0,291.21,13.5374
torsion,1.0,292.89,13.5374
torsion,1.0,294.56,13.5374
torsion,1.0,296.23,13.5374
torsion,1.0,297.91,13.5374
torsion,1.0,299.58,13.5374
torsion,1.0,301.26,13.5374
torsion,1.0,302.93,13.5374
torsion,1.0,304.60,13.5374
torsion,1.0,306.28,13.5374
torsion,1.0,307.95,13.5374
torsion,1.0,309.62,13.5374
torsion,1.0,311.30,13.5374
torsion,1.0,312.97,13.4923
torsion,1.0,314.64,13.4472
torsion,1.0,316.32,13.4472
torsion,1.0,317.99,13.4472
torsion,1.0,319.67,13.4472
torsion,1.0,321.34,13.4472
torsion,1.0,323.01,13.3570
torsion,1.0,324.69,13.3570
torsion,1.0,326.36,13.3570
torsion,1.0,328.03,13.3570
torsion,1.0,329.71,13.3570
torsion,1.0,331.38,13.2668
torsion,1.0,333.05,13.2668
torsion,1.0,334.73,13.2668
torsion,1.0,336.40,13.2668
torsion,1.0,338.08,13.2668
torsion,1.0,339.75,13.2668
torsion,1.0,341.42,13.2668
torsion,1.0,343.10,13.1765
torsion,1.0,344.77,13.1765
torsion,1.0,346.44,13.1765
torsion,1.0,348.12,13.1765
torsion,1.0,349.79,13.1765
torsion,1.0,351.46,13.1765
torsion,1.0,353.14,13.1765
torsion,1.0,354.81,13.1765
torsion,1.0,356.49,13.1765
torsion,1.0,358.16,13.1765
torsion,1.0,359.83,13.1765
torsion,1.0,361.51,13.1765
torsion,1.0,363.18,13.1765
torsion,1.0,364.85,13.1765
torsion,1.0,366.53,13.1765
torsion,1.0,368.20,13.1765
torsion,1.0,369.87,13.1765
torsion,1.0,371.55,13.1765
torsion,1.0,373.22,13.1765
torsion,1.0,374.90,13.1765
torsion,1.0,376.57,13.1765
torsion,1.0,378.24,13.1765
torsion,1.0,379.92,13.1765
torsion,1.0,381.59,13.1765
torsion,1.0,383.26,13.1765
torsion,1.0,384.94,13.2668
torsion,1.0,386.61,13.2668
torsion,1.0,388.28,13.2668
torsion,1.0,389.96,13.2668
torsion,1.0,391.63,13.2668
torsion,1.0,393.31,13.3570
torsion,1.0,394.98,13.3570
torsion,1.0,396.65,13.3570
torsion,1.0,398.33,13.3570
torsion,1.0,400.00,13.4021
torsion,1.0,401.67,13.4472
torsion,1.0,403.35,13.4472
torsion,1.0,405.02,13.4472
torsion,1.0,406.69,13.4472
torsion,1.0,408.37,13.4472
torsion,1.0,410.04,13.4472
torsion,1.0,411.72,13.3570
torsion,1.0,413.39,13.3570
torsion,1.0,415.06,13.3570
torsion,1.0,416.74,13.3570
torsion,1.0,418.41,13.2668
torsion,1.0,420.08,13.2668
torsion,1.0,421.76,13.2668
torsion,1.0,423.43,13.1765
torsion,1.0,425.10,13.1765
torsion,1.0,426.78,13.1765
torsion,1.0,428.45,13.1765
torsion,1.0,430.13,13.0863
torsion,1.0,431.80,13.0863
torsion,1.0,433.47,12.9961
torsion,1.0,435.15,12.9961
torsion,1.0,436.82,12.9961
torsion,1.0,438.49,12.9059
torsion,1.0,440.17,12.9059
torsion,1.0,441.84,12.8157
torsion,1.0,443.51,12.8157
torsion,1.0,445.19,12.7255
torsion,1.0,446.86,12.7255
torsion,1.0,448.54,12.6804
torsion,1.0,450.21,12.6353
torsion,1.0,451.88,12.5451
torsion,1.0,453.56,12.5451
torsion,1.0,455.23,12.4549
torsion,1.0,456.90,12.4098
torsion,1.0,458.58,12.3647
torsion,1.0,460.25,12.3196
torsion,1.0,461.92,12.2745
torsion,1.0,463.60,12.2294
torsion,1.0,465.27,12.1392
torsion,1.0,466.95,12.0941
torsion,1.0,468.62,12.0490
torsion,1.0,470.29,11.9588
torsion,1.0,471.97,11.9137
torsion,1.0,473.64,11.8686
torsion,1.0,475.31,11.7784
torsion,1.0,476.99,11.7332
torsion,1.0,478.66,11.6881
torsion,1.0,480.33,11.5979
torsion,1.0,482.01,11.5077
torsion,1.0,483.68,11.4626
torsion,1.0,485.36,11.4175
torsion,1.0,487.03,11.3273
torsion,1.0,488.70,11.2371
torsion,1.0,490.38,11.1469
torsion,1.0,492.05,11.0567
torsion,1.0,493.72,10.9214
torsion,1.0,495.40,10.8312
torsion,1.0,497.07,10.7410
torsion,1.0,498.74,10.6508
torsion,1.0,500.42,10.4704
torsion,1.0,502.09,10.3802
torsion,1.0,503.77,10.2448
torsion,1.0,505.44,10.1095
torsion,1.0,507.11,9.9742
torsion,1.0,508.79,9.8840
torsion,1.0,510.46,9.7036
torsion,1.0,512.13,9.6134
torsion,1.0,513.81,9.4330
torsion,1.0,515.48,9.2977
torsion,1.0,517.15,9.1624
torsion,1.0,518.83,8.9820
torsion,1.0,520.50,8.8466
torsion,1.0,522.18,8.6662
torsion,1.0,523.85,8.5309
torsion,1.0,525.52,8.3956
torsion,1.0,527.20,8.2152
torsion,1.0,528.87,8.0348
torsion,1.0,530.54,7.8995
torsion,1.0,532.22,7.7642
torsion,1.0,533.89,7.5838
torsion,1.0,535.56,7.4034
torsion,1.0,537.24,7.2229
torsion,1.0,538.91,7.0876
torsion,1.0,540.59,6.9072
torsion,1.0,542.26,6.7719
torsion,1.0,543.93,6.5915
torsion,1.0,545.61,6.4111
torsion,1.0,547.28,6.2307
torsion,1.0,548.95,6.0503
torsion,1.0,550.63,5.9149
torsion,1.0,552.30,5.7796
torsion,1.0,553.97,5.5992
torsion,1.0,555.65,5.4188
torsion,1.0,557.32,5.2384
torsion,1.0,559.00,5.1031
torsion,1.0,560.67,4.9678
torsion,1.0,562.34,4.7874
torsion,1.0,564.02,4.6521
torsion,1.0,565.69,4.4716
torsion,1.0,567.36,4.3363
torsion,1.0,569.04,4.2010
torsion,1.0,570.71,4.0206
torsion,1.0,572.38,3.9304
torsion,1.0,574.06,3.7500
torsion,1.0,575.73,3.6598
torsion,1.0,577.41,3.4794
torsion,1.0,579.08,3.3892
torsion,1.0,580.75,3.2539
torsion,1.0,582.43,3.1186
torsion,1.0,584.10,2.9832
torsion,1.0,585.77,2.8930
torsion,1.0,587.45,2.7126
torsion,1.0,589.12,2.6224
torsion,1.0,590.79,2.5322
torsion,1.0,592.47,2.4420
torsion,1.0,594.14,2.3067
torsion,1.0,595.82,2.1714
torsion,1.0,597.49,2.0812
torsion,1.0,599.16,1.9910
torsion,1.0,600.84,1.9008
torsion,1.0,602.51,1.8106
torsion,1.0,604.18,1.7204
torsion,1.0,605.86,1.5851
torsion,1.0,607.53,1.5399
torsion,1.0,609.21,1.4046
torsion,1.0,610.88,1.3595
torsion,1.0,612.55,1.2693
torsion,1.0,614.23,1.1791
torsion,1.0,615.90,1.1340
torsion,1.0,617.57,1.0438
torsion,1.0,619.25,0.9536
torsion,1.0,620.92,0.8634
torsion,1.0,622.59,0.7732
torsion,1.0,624.27,0.7732
torsion,1.0,625.94,0.6830
torsion,1.0,627.62,0.5928
torsion,1.0,629.29,0.5477
torsion,1.0,630.96,0.5026
torsion,1.0,632.64,0.4124
torsion,1.0,634.31,0.3673
torsion,1.0,635.98,0.3222
torsion,1.0,637.66,0.2320
torsion,1.0,639.33,0.1869
torsion,1.0,641.00,0.1418
torsion,1.0,642.68,0.0966
torsion,1.0,644.35,0.0515
torsion,1.0,646.03,0.0064
torsion,1.0,647.70,-0.0387
torsion,1.0,649.37,-0.0838
torsion,1.0,651.05,-0.1289
torsion,1.0,652.72,-0.1740
torsion,1.0,654.39,-0.2191
torsion,1.0,656.07,-0.2642
torsion,1.0,657.74,-0.3093
torsion,1.0,659.41,-0.3544
torsion,1.0,661.09,-0.3544
torsion,1.0,662.76,-0.4446
torsion,1.0,664.44,-0.4446
torsion,1.0,666.11,-0.4897
torsion,1.0,667.78,-0.5348
torsion,1.0,669.46,-0.5348
torsion,1.0,671.13,-0.6250
torsion,1.0,672.80,-0.6250
torsion,1.0,674.48,-0.6701
torsion,1.0,676.15,-0.7152
torsion,1.0,677.82,-0.7152
torsion,1.0,679.50,-0.8054
torsion,1.0,681.17,-0.8054
torsion,1.0,682.85,-0.8054
torsion,1.0,684.52,-0.8956
torsion,1.0,686.19,-0.8956
torsion,1.0,687.87,-0.8956
torsion,1.0,689.54,-0.9858
torsion,1.0,691.21,-0.9858
torsion,1.0,692.89,-1.0309
torsion,1.0,694.56,-1.0760
torsion,1.0,696.23,-1.0760
torsion,1.0,697.91,-1.1211
torsion,1.0,699.58,-1.1662
torsion,1.0,701.26,-1.1662
torsion,1.0,702.93,-1.2564
torsion,1.0,704.60,-1.2564
torsion,1.0,706.28,-1.2564
torsion,1.0,707.95,-1.3466
torsion,1.0,709.62,-1.3466
torsion,1.0,711.30,-1.3466
torsion,1.0,712.97,-1.3918
torsion,1.0,714.64,-1.4369
torsion,1.0,716.32,-1.4369
torsion,1.0,717.99,-1.5271
torsion,1.0,719.67,-1.5271
torsion,1.0,721.34,-1.5271
torsion,1.0,723.01,-1.5271
torsion,1.0,724.69,-1.6173
torsion,1.0,726.36,-1.6173
torsion,1.0,728.03,-1.6173
torsion,1.0,729.71,-1.7075
torsion,1.0,731.38,-1.7075
torsion,1.0,733.05,-1.7075
torsion,1.0,734.73,-1.7075
torsion,1.0,736.40,-1.7075
torsion,1.0,738.08,-1.7977
torsion,1.0,739.75,-1.7977
torsion,1.0,741.42,-1.7977
torsion,1.0,743.10,-1.7977
torsion,1.0,744.77,-1.8428
torsion,1.0,746.44,-1.8879
torsion,1.0,748.12,-1.9330
torsion,1.0,749.79,-1.9330
torsion,1.0,751.46,-1.9781
torsion,1.0,753.14,-1.9781
torsion,1.0,754.81,-1.9781
torsion,1.0,756.49,-2.0683
torsion,1.0,758.16,-2.0683
torsion,1.0,759.83,-2.0683
torsion,1.0,761.51,-2.0683
torsion,1.0,763.18,-1.9781
torsion,1.0,764.85,-1.9781
torsion,1.0,766.53,-1.9781
torsion,1.0,768.20,-2.0683
torsion,1.0,769.87,-2.0683
torsion,1.0,771.55,-2.1134
torsion,1.0,773.22,-2.1585
torsion,1.0,774.90,-2.1585
torsion,1.0,776.57,-2.1585
torsion,1.0,778.24,-2.1585
torsion,1.0,779.92,-2.1585
torsion,1.0,781.59,-2.1585
torsion,1.0,783.26,-2.1585
torsion,1.0,784.94,-2.1585
torsion,1.0,786.61,-2.1585
torsion,1.0,788.28,-2.1585
torsion,1.0,789.96,-2.1585
torsion,1.0,791.63,-2.1585
torsion,1.0,793.31,-2.1585
torsion,1.0,794.98,-2.1585
torsion,1.0,796.65,-2.1585
torsion,1.0,798.33,-2.1585
torsion,1.0,800.00,-2.1585
torsion,1.5,0.00,-0.7152
torsion,1.5,1.67,-0.7152
torsion,1.5,3.35,-0.7152
torsion,1.5,5.02,-0.7152
torsion,1.5,6.69,-0.7152
torsion,1.5,8.37,-0.7152
torsion,1.5,10.04,-0.7152
torsion,1.5,11.72,-0.7152
torsion,1.5,13.39,-0.7152
torsion,1.5,15.06,-0.7603
torsion,1.5,16.74,-0.8505
torsion,1.5,18.41,-0.8956
torsion,1.5,20.08,-0.9407
torsion,1.5,21.76,-1.0309
torsion,1.5,23.43,-1.0760
torsion,1.5,25.10,-1.1211
torsion,1.5,26.78,-1.2113
torsion,1.5,28.45,-1.2564
torsion,1.5,30.13,-1.3015
torsion,1.5,31.80,-1.3466
torsion,1.5,33.47,-1.4369
torsion,1.5,35.15,-1.4820
torsion,1.5,36.82,-1.5271
torsion,1.5,38.49,-1.5722
torsion,1.5,40.17,-1.6173
torsion,1.5,41.84,-1.6624
torsion,1.5,43.51,-1.7075
torsion,1.5,45.19,-1.7977
torsion,1.5,46.86,-1.7977
torsion,1.5,48.54,-1.8879
torsion,1.5,50.21,-1.8879
torsion,1.5,51.88,-1.9330
torsion,1.5,53.56,-1.9781
torsion,1.5,55.23,-1.9781
torsion,1.5,56.90,-2.0683
torsion,1.5,58.58,-2.0683
torsion,1.5,60.25,-2.1585
torsion,1.5,61.92,-2.2487
torsion,1.5,63.60,-2.2487
torsion,1.5,65.27,-2.2938
torsion,1.5,66.95,-2.3389
torsion,1.5,68.62,-2.3389
torsion,1.5,70.29,-2.4291
torsion,1.5,71.97,-2.4291
torsion,1.5,73.64,-2.4742
torsion,1.5,75.31,-2.5193
torsion,1.5,76.99,-2.5193
torsion,1.5,78.66,-2.5193
torsion,1.5,80.33,-2.6095
torsion,1.5,82.01,-2.6095
torsion,1.5,83.68,-2.6095
torsion,1.5,85.36,-2.6997
torsion,1.5,87.03,-2.6997
torsion,1.5,88.70,-2.6997
torsion,1.5,90.38,-2.7899
torsion,1.5,92.05,-2.7899
torsion,1.5,93.72,-2.7899
torsion,1.5,95.40,-2.8351
torsion,1.5,97.07,-2.8802
torsion,1.5,98.74,-2.8802
torsion,1.5,100.42,-2.9253
torsion,1.5,102.09,-2.9704
torsion,1.5,103.77,-2.9704
torsion,1.5,105.44,-2.9704
torsion,1.5,107.11,-3.0155
torsion,1.5,108.79,-3.0606
torsion,1.5,110.46,-3.0606
torsion,1.5,112.13,-3.1057
torsion,1.5,113.81,-3.1508
torsion,1.5,115.48,-3.1508
torsion,1.5,117.15,-3.1508
torsion,1.5,118.83,-3.1508
torsion,1.5,120.50,-3.1508
torsion,1.5,122.18,-3.1508
torsion,1.5,123.85,-3.1508
torsion,1.5,125.52,-3.0155
torsion,1.5,127.20,-2.9704
torsion,1.5,128.87,-2.7899
torsion,1.5,130.54,-2.5644
torsion,1.5,132.22,-2.3840
torsion,1.5,133.89,-2.0683
torsion,1.5,135.56,-1.7526
torsion,1.5,137.24,-1.3918
torsion,1.5,138.91,-0.9407
torsion,1.5,140.59,-0.4446
torsion,1.5,142.26,0.0966
torsion,1.5,143.93,0.6379
torsion,1.5,145.61,1.2242
torsion,1.5,147.28,1.8557
torsion,1.5,148.95,2.4871
torsion,1.5,150.63,3.2539
torsion,1.5,152.30,3.9304
torsion,1.5,153.97,4.6972
torsion,1.5,155.65,5.5541
torsion,1.5,157.32,6.3209
torsion,1.5,159.00,6.9974
torsion,1.5,160.67,7.7642
torsion,1.5,162.34,8.5309
torsion,1.5,164.02,9.2977
torsion,1.5,165.69,9.5683
torsion,1.5,167.36,9.9291
torsion,1.5,169.04,10.1997
torsion,1.5,170.71,10.6508
torsion,1.5,172.38,10.7861
torsion,1.5,174.06,11.3273
torsion,1.5,175.73,11.7784
torsion,1.5,177.41,12.0941
torsion,1.5,179.08,12.4098
torsion,1.5,180.75,12.7255
torsion,1.5,182.43,12.9510
torsion,1.5,184.10,13.1765
torsion,1.5,185.77,13.4021
torsion,1.5,187.45,13.5825
torsion,1.5,189.12,13.7629
torsion,1.5,190.79,13.9884
torsion,1.5,192.47,14.1688
torsion,1.5,194.14,14.3492
torsion,1.5,195.82,14.5296
torsion,1.5,197.49,14.7101
torsion,1.5,199.16,14.8905
torsion,1.5,200.84,15.0258
torsion,1.5,202.51,15.2062
torsion,1.5,204.18,15.3866
torsion,1.5,205.86,15.5670
torsion,1.5,207.53,15.7474
torsion,1.5,209.21,15.9278
torsion,1.5,210.88,16.0180
torsion,1.5,212.55,16.1985
torsion,1.5,214.23,16.3338
torsion,1.5,215.90,16.5142
torsion,1.5,217.57,16.6495
torsion,1.5,219.25,16.7848
torsion,1.5,220.92,16.9201
torsion,1.5,222.59,17.0554
torsion,1.5,224.27,17.1907
torsion,1.5,225.94,17.3260
torsion,1.5,227.62,17.4162
torsion,1.5,229.29,17.5966
torsion,1.5,230.96,17.6869
torsion,1.5,232.64,17.8222
torsion,1.5,234.31,17.9124
torsion,1.5,235.98,18.0026
torsion,1.5,237.66,18.1379
torsion,1.5,239.33,18.2281
torsion,1.5,241.00,18.3634
torsion,1.5,242.68,18.4536
torsion,1.5,244.35,18.5438
torsion,1.5,246.03,18.6340
torsion,1.5,247.70,18.7242
torsion,1.5,249.37,18.8144
torsion,1.5,251.05,18.8595
torsion,1.5,252.72,18.9497
torsion,1.5,254.39,19.0399
torsion,1.5,256.07,19.0851
torsion,1.5,257.74,19.1753
torsion,1.5,259.41,19.2204
torsion,1.5,261.09,19.3106
torsion,1.5,262.76,19.3557
torsion,1.5,264.44,19.4008
torsion,1.5,266.11,19.4910
torsion,1.5,267.78,19.4910
torsion,1.5,269.46,19.5812
torsion,1.5,271.13,19.5812
torsion,1.5,272.80,19.6714
torsion,1.5,274.48,19.6714
torsion,1.5,276.15,19.7616
torsion,1.5,277.82,19.7616
torsion,1.5,279.50,19.8067
torsion,1.5,281.17,19.8518
torsion,1.5,282.85,19.8518
torsion,1.5,284.52,19.8969
torsion,1.5,286.19,19.9420
torsion,1.5,287.87,19.9420
torsion,1.5,289.54,19.9420
torsion,1.5,291.21,19.9871
torsion,1.5,292.89,19.9871
torsion,1.5,294.56,19.9871
torsion,1.5,296.23,19.9871
torsion,1.5,297.91,20.0322
torsion,1.5,299.58,20.0322
torsion,1.5,301.26,20.0322
torsion,1.5,302.93,20.0322
torsion,1.5,304.60,20.0322
torsion,1.5,306.28,20.0322
torsion,1.5,307.95,20.0322
torsion,1.5,309.62,20.0322
torsion,1.5,311.30,20.0322
torsion,1.5,312.97,19.9871
torsion,1.5,314.64,19.9871
torsion,1.5,316.32,19.9871
torsion,1.5,317.99,19.9420
torsion,1.5,319.67,19.9420
torsion,1.5,321.34,19.9420
torsion,1.5,323.01,19.8969
torsion,1.5,324.69,19.8969
torsion,1.5,326.36,19.8518
torsion,1.5,328.03,19.8518
torsion,1.5,329.71,19.8067
torsion,1.5,331.38,19.8067
torsion,1.5,333.05,19.7616
torsion,1.5,334.73,19.7616
torsion,1.5,336.40,19.7616
torsion,1.5,338.08,19.7165
torsion,1.5,339.75,19.7165
torsion,1.5,341.42,19.7165
torsion,1.5,343.10,19.7165
torsion,1.5,344.77,19.6714
torsion,1.5,346.44,19.6714
torsion,1.5,348.12,19.6714
torsion,1.5,349.79,19.6714
torsion,1.5,351.46,19.6263
torsion,1.5,353.14,19.6263
torsion,1.5,354.81,19.6263
torsion,1.5,356.49,19.6263
torsion,1.5,358.16,19.6263
torsion,1.5,359.83,19.6263
torsion,1.5,361.51,19.6263
torsion,1.5,363.18,19.6263
torsion,1.5,364.85,19.6263
torsion,1.5,366.53,19.6263
torsion,1.5,368.20,19.6263
torsion,1.5,369.87,19.6263
torsion,1.5,371.55,19.6714
torsion,1.5,373.22,19.6714
torsion,1.5,374.90,19.6714
torsion,1.5,376.57,19.6714
torsion,1.5,378.24,19.7165
torsion,1.5,379.92,19.7165
torsion,1.5,381.59,19.7165
torsion,1.5,383.26,19.7616
torsion,1.5,384.94,19.7616
torsion,1.5,386.61,19.7616
torsion,1.5,388.28,19.8067
torsion,1.5,389.96,19.8067
torsion,1.5,391.63,19.8518
torsion,1.5,393.31,19.8969
torsion,1.5,394.98,19.8969
torsion,1.5,396.65,19.9420
torsion,1.5,398.33,19.9871
torsion,1.5,400.00,20.0322
torsion,1.5,401.67,20.0322
torsion,1.5,403.35,20.0773
torsion,1.5,405.02,20.0773
torsion,1.5,406.69,20.0773
torsion,1.5,408.37,20.0773
torsion,1.5,410.04,20.0322
torsion,1.5,411.72,20.0322
torsion,1.5,413.39,19.9871
torsion,1.5,415.06,19.9871
torsion,1.5,416.74,19.9420
torsion,1.5,418.41,19.9420
torsion,1.5,420.08,19.8969
torsion,1.5,421.76,19.8518
torsion,1.5,423.43,19.8518
torsion,1.5,425.10,19.8067
torsion,1.5,426.78,19.7616
torsion,1.5,428.45,19.7165
torsion,1.5,430.13,19.6714
torsion,1.5,431.80,19.6714
torsion,1.5,433.47,19.5812
torsion,1.5,435.15,19.5812
torsion,1.5,436.82,19.4910
torsion,1.5,438.49,19.4910
torsion,1.5,440.17,19.4008
torsion,1.5,441.84,19.4008
torsion,1.5,443.51,19.3106
torsion,1.5,445.19,19.3106
torsion,1.5,446.86,19.2204
torsion,1.5,448.54,19.1302
torsion,1.5,450.21,19.1302
torsion,1.5,451.88,19.0399
torsion,1.5,453.56,19.0399
torsion,1.5,455.23,18.9497
torsion,1.5,456.90,18.8595
torsion,1.5,458.58,18.8595
torsion,1.5,460.25,18.7693
torsion,1.5,461.92,18.6791
torsion,1.5,463.60,18.6340
torsion,1.5,465.27,18.5889
torsion,1.5,466.95,18.4987
torsion,1.5,468.62,18.4536
torsion,1.5,470.29,18.3634
torsion,1.5,471.97,18.3183
torsion,1.5,473.64,18.2281
torsion,1.5,475.31,18.1830
torsion,1.5,476.99,18.0928
torsion,1.5,478.66,18.0477
torsion,1.5,480.33,17.9575
torsion,1.5,482.01,17.9124
torsion,1.5,483.68,17.8222
torsion,1.5,485.36,17.7320
torsion,1.5,487.03,17.6418
torsion,1.5,488.70,17.5515
torsion,1.5,490.38,17.4613
torsion,1.5,492.05,17.3711
torsion,1.5,493.72,17.2809
torsion,1.5,495.40,17.1456
torsion,1.5,497.07,17.0554
torsion,1.5,498.74,16.9201
torsion,1.5,500.42,16.7848
torsion,1.5,502.09,16.6946
torsion,1.5,503.77,16.5142
torsion,1.5,505.44,16.4240
torsion,1.5,507.11,16.2887
torsion,1.5,508.79,16.1534
torsion,1.5,510.46,16.0180
torsion,1.5,512.13,15.8376
torsion,1.5,513.81,15.7023
torsion,1.5,515.48,15.5670
torsion,1.5,517.15,15.3866
torsion,1.5,518.83,15.2062
torsion,1.5,520.50,15.1160
torsion,1.5,522.18,14.9356
torsion,1.5,523.85,14.7552
torsion,1.5,525.52,14.5747
torsion,1.5,527.20,14.3943
torsion,1.5,528.87,14.2139
torsion,1.5,530.54,14.0335
torsion,1.5,532.22,13.8531
torsion,1.5,533.89,13.6727
torsion,1.5,535.56,13.5374
torsion,1.5,537.24,13.3119
torsion,1.5,538.91,13.0863
torsion,1.5,540.59,12.9059
torsion,1.5,542.26,12.7255
torsion,1.5,543.93,12.5451
torsion,1.5,545.61,12.3647
torsion,1.5,547.28,12.1843
torsion,1.5,548.95,11.9588
torsion,1.5,550.63,11.7332
torsion,1.5,552.30,11.5528
torsion,1.5,553.97,11.3724
torsion,1.5,555.65,11.1920
torsion,1.5,557.32,10.9214
torsion,1.5,559.00,10.7410
torsion,1.5,560.67,10.5606
torsion,1.5,562.34,10.3802
torsion,1.5,564.02,10.1546
torsion,1.5,565.69,9.9291
torsion,1.5,567.36,9.7487
torsion,1.5,569.04,9.5683
torsion,1.5,570.71,9.3879
torsion,1.5,572.38,9.2075
torsion,1.5,574.06,9.0271
torsion,1.5,575.73,8.8466
torsion,1.5,577.41,8.6662
torsion,1.5,579.08,8.4858
torsion,1.5,580.75,8.3054
torsion,1.5,582.43,8.0799
torsion,1.5,584.10,7.8995
torsion,1.5,585.77,7.7191
torsion,1.5,587.45,7.5387
torsion,1.5,589.12,7.4034
torsion,1.5,590.79,7.2680
torsion,1.5,592.47,7.0876
torsion,1.5,594.14,6.9072
torsion,1.5,595.82,6.7268
torsion,1.5,597.49,6.5464
torsion,1.5,599.16,6.4562
torsion,1.5,600.84,6.2758
torsion,1.5,602.51,6.0954
torsion,1.5,604.18,6.0052
torsion,1.5,605.86,5.8247
torsion,1.5,607.53,5.6894
torsion,1.5,609.21,5.5541
torsion,1.5,610.88,5.4188
torsion,1.5,612.55,5.2384
torsion,1.5,614.23,5.1482
torsion,1.5,615.90,4.9678
torsion,1.5,617.57,4.8776
torsion,1.5,619.25,4.7423
torsion,1.5,620.92,4.6070
torsion,1.5,622.59,4.5168
torsion,1.5,624.27,4.3363
torsion,1.5,625.94,4.2461
torsion,1.5,627.62,4.1108
torsion,1.5,629.29,4.0206
torsion,1.5,630.96,3.8853
torsion,1.5,632.64,3.7951
torsion,1.5,634.31,3.6598
torsion,1.5,635.98,3.5696
torsion,1.5,637.66,3.4794
torsion,1.5,639.33,3.3441
torsion,1.5,641.00,3.2088
torsion,1.5,642.68,3.1186
torsion,1.5,644.35,3.0284
torsion,1.5,646.03,2.9381
torsion,1.5,647.70,2.8479
torsion,1.5,649.37,2.7577
torsion,1.5,651.05,2.6675
torsion,1.5,652.72,2.5773
torsion,1.5,654.39,2.4871
torsion,1.5,656.07,2.3969
torsion,1.5,657.74,2.3067
torsion,1.5,659.41,2.2165
torsion,1.5,661.09,2.1263
torsion,1.5,662.76,2.0361
torsion,1.5,664.44,1.9459
torsion,1.5,666.11,1.8557
torsion,1.5,667.78,1.7655
torsion,1.5,669.46,1.7204
torsion,1.5,671.13,1.6302
torsion,1.5,672.80,1.5399
torsion,1.5,674.48,1.4497
torsion,1.5,676.15,1.4046
torsion,1.5,677.82,1.3144
torsion,1.5,679.50,1.2242
torsion,1.5,681.17,1.1340
torsion,1.5,682.85,1.0438
torsion,1.5,684.52,0.9987
torsion,1.5,686.19,0.9085
torsion,1.5,687.87,0.8183
torsion,1.5,689.54,0.7732
torsion,1.5,691.21,0.6830
torsion,1.5,692.89,0.5928
torsion,1.5,694.56,0.5026
torsion,1.5,696.23,0.4575
torsion,1.5,697.91,0.3673
torsion,1.5,699.58,0.2771
torsion,1.5,701.26,0.2320
torsion,1.5,702.93,0.1418
torsion,1.5,704.60,0.0515
torsion,1.5,706.28,-0.0387
torsion,1.5,707.95,-0.0838
torsion,1.5,709.62,-0.1740
torsion,1.5,711.30,-0.2642
torsion,1.5,712.97,-0.3093
torsion,1.5,714.64,-0.3544
torsion,1.5,716.32,-0.4446
torsion,1.5,717.99,-0.5348
torsion,1.5,719.67,-0.5799
torsion,1.5,721.34,-0.6250
torsion,1.5,723.01,-0.7152
torsion,1.5,724.69,-0.8054
torsion,1.5,726.36,-0.8505
torsion,1.5,728.03,-0.8956
torsion,1.5,729.71,-0.9858
torsion,1.5,731.38,-1.0309
torsion,1.5,733.05,-1.0760
torsion,1.5,734.73,-1.1662
torsion,1.5,736.40,-1.1662
torsion,1.5,738.08,-1.2564
torsion,1.5,739.75,-1.3466
torsion,1.5,741.42,-1.3466
torsion,1.5,743.10,-1.4369
torsion,1.5,744.77,-1.4369
torsion,1.5,746.44,-1.5271
torsion,1.5,748.12,-1.5722
torsion,1.5,749.79,-1.6173
torsion,1.5,751.46,-1.6624
torsion,1.5,753.14,-1.7075
torsion,1.5,754.81,-1.7075
torsion,1.5,756.49,-1.7977
torsion,1.5,758.16,-1.7977
torsion,1.5,759.83,-1.8428
torsion,1.5,761.51,-1.8879
torsion,1.5,763.18,-1.9330
torsion,1.5,764.85,-1.9781
torsion,1.5,766.53,-1.9781
torsion,1.5,768.20,-2.0683
torsion,1.5,769.87,-2.0683
torsion,1.5,771.55,-2.1134
torsion,1.5,773.22,-2.1585
torsion,1.5,774.90,-2.1585
torsion,1.5,776.57,-2.1585
torsion,1.5,778.24,-2.1585
torsion,1.5,779.92,-2.1585
torsion,1.5,781.59,-2.1585
torsion,1.5,783.26,-2.1585
torsion,1.5,784.94,-2.1585
torsion,1.5,786.61,-2.1585
torsion,1.5,788.28,-2.1585
torsion,1.5,789.96,-2.1585
torsion,1.5,791.63,-2.1585
torsion,1.5,793.31,-2.1585
torsion,1.5,794.98,-2.1585
torsion,1.5,796.65,-2.1585
torsion,1.5,798.33,-2.1585
torsion,1.5,800.00,-2.1585
torsion,2.0,0.00,-0.7152
torsion,2.0,1.67,-0.7152
torsion,2.0,3.35,-0.7152
torsion,2.0,5.02,-0.7152
torsion,2.0,6.69,-0.7152
torsion,2.0,8.37,-0.7152
torsion,2.0,10.04,-0.7152
torsion,2.0,11.72,-0.7152
torsion,2.0,13.39,-0.7152
torsion,2.0,15.06,-0.7603
torsion,2.0,16.74,-0.8505
torsion,2.0,18.41,-0.8956
torsion,2.0,20.08,-0.9407
torsion,2.0,21.76,-1.0309
torsion,2.0,23.43,-1.0760
torsion,2.0,25.10,-1.1211
torsion,2.0,26.78,-1.2113
torsion,2.0,28.45,-1.2564
torsion,2.0,30.13,-1.3015
torsion,2.0,31.80,-1.3466
torsion,2.0,33.47,-1.4369
torsion,2.0,35.15,-1.4820
torsion,2.0,36.82,-1.5271
torsion,2.0,38.49,-1.5722
torsion,2.0,40.17,-1.6173
torsion,2.0,41.84,-1.6624
torsion,2.0,43.51,-1.7075
torsion,2.0,45.19,-1.7977
torsion,2.0,46.86,-1.7977
torsion,2.0,48.54,-1.8879
torsion,2.0,50.21,-1.8879
torsion,2.0,51.88,-1.9330
torsion,2.0,53.56,-1.9781
torsion,2.0,55.23,-1.9781
torsion,2.0,56.90,-2.0683
torsion,2.0,58.58,-2.0683
torsion,2.0,60.25,-2.1585
torsion,2.0,61.92,-2.2487
torsion,2.0,63.60,-2.2487
torsion,2.0,65.27,-2.2938
torsion,2.0,66.95,-2.3389
torsion,2.0,68.62,-2.3389
torsion,2.0,70.29,-2.4291
torsion,2.0,71.97,-2.4291
torsion,2.0,73.64,-2.4742
torsion,2.0,75.31,-2.5193
torsion,2.0,76.99,-2.5193
torsion,2.0,78.66,-2.5193
torsion,2.0,80.33,-2.6095
torsion,2.0,82.01,-2.6095
torsion,2.0,83.68,-2.6095
torsion,2.0,85.36,-2.6997
torsion,2.0,87.03,-2.6997
torsion,2.0,88.70,-2.6997
torsion,2.0,90.38,-2.7899
torsion,2.0,92.05,-2.7899
torsion,2.0,93.72,-2.7899
torsion,2.0,95.40,-2.8351
torsion,2.0,97.07,-2.8802
torsion,2.0,98.74,-2.8802
torsion,2.0,100.42,-2.9253
torsion,2.0,102.09,-2.9704
torsion,2.0,103.77,-2.9704
torsion,2.0,105.44,-2.9704
torsion,2.0,107.11,-3.0155
torsion,2.0,108.79,-3.0606
torsion,2.0,110.46,-3.0606
torsion,2.0,112.13,-3.1057
torsion,2.0,113.81,-3.1508
torsion,2.0,115.48,-3.1508
torsion,2.0,117.15,-3.1508
torsion,2.0,118.83,-3.1508
torsion,2.0,120.50,-3.1508
torsion,2.0,122.18,-3.1508
torsion,2.0,123.85,-3.1508
torsion,2.0,125.52,-3.0155
torsion,2.0,127.20,-2.9704
torsion,2.0,128.87,-2.7899
torsion,2.0,130.54,-2.5644
torsion,2.0,132.22,-2.3840
torsion,2.0,133.89,-2.0683
torsion,2.0,135.56,-1.7526
torsion,2.0,137.24,-1.3918
torsion,2.0,138.91,-0.9407
torsion,2.0,140.59,-0.4446
torsion,2.0,142.26,0.0966
torsion,2.0,143.93,0.6379
torsion,2.0,145.61,1.2242
torsion,2.0,147.28,1.8557
torsion,2.0,148.95,2.4871
torsion,2.0,150.63,3.2539
torsion,2.0,152.30,3.9304
torsion,2.0,153.97,4.6972
torsion,2.0,155.65,5.5541
torsion,2.0,157.32,6.3209
torsion,2.0,159.00,6.9974
torsion,2.0,160.67,7.7642
torsion,2.0,162.34,8.5309
torsion,2.0,164.02,9.2977
torsion,2.0,165.69,9.9291
torsion,2.0,167.36,10.6508
torsion,2.0,169.04,11.3273
torsion,2.0,170.71,11.9588
torsion,2.0,172.38,12.6353
torsion,2.0,174.06,13.1314
torsion,2.0,175.73,13.5825
torsion,2.0,177.41,14.1237
torsion,2.0,179.08,14.5747
torsion,2.0,180.75,14.9807
torsion,2.0,182.43,15.4317
torsion,2.0,184.10,15.7474
torsion,2.0,185.77,16.0631
torsion,2.0,187.45,16.3789
torsion,2.0,189.12,16.7397
torsion,2.0,190.79,16.9652
torsion,2.0,192.47,17.2358
torsion,2.0,194.14,17.5064
torsion,2.0,195.82,17.7771
torsion,2.0,197.49,18.0477
torsion,2.0,199.16,18.2732
torsion,2.0,200.84,18.5889
torsion,2.0,202.51,18.8144
torsion,2.0,204.18,19.0851
torsion,2.0,205.86,19.3106
torsion,2.0,207.53,19.5361
torsion,2.0,209.21,19.7616
torsion,2.0,210.88,19.9871
torsion,2.0,212.55,20.2126
torsion,2.0,214.23,20.3930
torsion,2.0,215.90,20.6637
torsion,2.0,217.57,20.8441
torsion,2.0,219.25,21.0696
torsion,2.0,220.92,21.2500
torsion,2.0,222.59,21.4304
torsion,2.0,224.27,21.6108
torsion,2.0,225.94,21.8363
torsion,2.0,227.62,22.0168
torsion,2.0,229.29,22.1972
torsion,2.0,230.96,22.3776
torsion,2.0,232.64,22.5580
torsion,2.0,234.31,22.7384
torsion,2.0,235.98,22.9188
torsion,2.0,237.66,23.0090
torsion,2.0,239.33,23.1894
torsion,2.0,241.00,23.3247
torsion,2.0,242.68,23.5052
torsion,2.0,244.35,23.5954
torsion,2.0,246.03,23.7758
torsion,2.0,247.70,23.8660
torsion,2.0,249.37,24.0013
torsion,2.0,251.05,24.1366
torsion,2.0,252.72,24.2719
torsion,2.0,254.39,24.3621
torsion,2.0,256.07,24.4523
torsion,2.0,257.74,24.6327
torsion,2.0,259.41,24.7229
torsion,2.0,261.09,24.8131
torsion,2.0,262.76,24.9034
torsion,2.0,264.44,24.9936
torsion,2.0,266.11,25.0838
torsion,2.0,267.78,25.1289
torsion,2.0,269.46,25.2191
torsion,2.0,271.13,25.3093
torsion,2.0,272.80,25.3995
torsion,2.0,274.48,25.4897
torsion,2.0,276.15,25.5348
torsion,2.0,277.82,25.5799
torsion,2.0,279.50,25.6701
torsion,2.0,281.17,25.7152
torsion,2.0,282.85,25.7603
torsion,2.0,284.52,25.8054
torsion,2.0,286.19,25.8505
torsion,2.0,287.87,25.8956
torsion,2.0,289.54,25.9407
torsion,2.0,291.21,25.9858
torsion,2.0,292.89,25.9858
torsion,2.0,294.56,26.0760
torsion,2.0,296.23,26.0760
torsion,2.0,297.91,26.0760
torsion,2.0,299.58,26.0760
torsion,2.0,301.26,26.1662
torsion,2.0,302.93,26.1662
torsion,2.0,304.60,26.1662
torsion,2.0,306.28,26.1662
torsion,2.0,307.95,26.1662
torsion,2.0,309.62,26.1662
torsion,2.0,311.30,26.1662
torsion,2.0,312.97,26.1662
torsion,2.0,314.64,26.1662
torsion,2.0,316.32,26.1662
torsion,2.0,317.99,26.1662
torsion,2.0,319.67,26.1662
torsion,2.0,321.34,26.1662
torsion,2.0,323.01,26.1211
torsion,2.0,324.69,26.0760
torsion,2.0,326.36,26.0760
torsion,2.0,328.03,26.0760
torsion,2.0,329.71,26.0760
torsion,2.0,331.38,26.0760
torsion,2.0,333.05,25.9858
torsion,2.0,334.73,25.9858
torsion,2.0,336.40,25.9858
torsion,2.0,338.08,25.9858
torsion,2.0,339.75,25.9858
torsion,2.0,341.42,25.9858
torsion,2.0,343.10,25.9407
torsion,2.0,344.77,25.8956
torsion,2.0,346.44,25.8956
torsion,2.0,348.12,25.8956
torsion,2.0,349.79,25.8956
torsion,2.0,351.46,25.8956
torsion,2.0,353.14,25.8956
torsion,2.0,354.81,25.8956
torsion,2.0,356.49,25.8956
torsion,2.0,358.16,25.8956
torsion,2.0,359.83,25.8956
torsion,2.0,361.51,25.8956
torsion,2.0,363.18,25.8956
torsion,2.0,364.85,25.8956
torsion,2.0,366.53,25.8956
torsion,2.0,368.20,25.8956
torsion,2.0,369.87,25.9407
torsion,2.0,371.55,25.9858
torsion,2.0,373.22,25.9858
torsion,2.0,374.90,25.9858
torsion,2.0,376.57,25.9858
torsion,2.0,378.24,25.9858
torsion,2.0,379.92,25.9858
torsion,2.0,381.59,26.0760
torsion,2.0,383.26,26.0760
torsion,2.0,384.94,26.0760
torsion,2.0,386.61,26.1211
torsion,2.0,388.28,26.1662
torsion,2.0,389.96,26.1662
torsion,2.0,391.63,26.2113
torsion,2.0,393.31,26.2564
torsion,2.0,394.98,26.3015
torsion,2.0,396.65,26.3466
torsion,2.0,398.33,26.3466
torsion,2.0,400.00,26.4369
torsion,2.0,401.67,26.4369
torsion,2.0,403.35,26.5271
torsion,2.0,405.02,26.5271
torsion,2.0,406.69,26.5271
torsion,2.0,408.37,26.5271
torsion,2.0,410.04,26.5271
torsion,2.0,411.72,26.5271
torsion,2.0,413.39,26.4369
torsion,2.0,415.06,26.4369
torsion,2.0,416.74,26.4369
torsion,2.0,418.41,26.4369
torsion,2.0,420.08,26.3466
torsion,2.0,421.76,26.3466
torsion,2.0,423.43,26.2564
torsion,2.0,425.10,26.2564
torsion,2.0,426.78,26.2113
torsion,2.0,428.45,26.1662
torsion,2.0,430.13,26.1662
torsion,2.0,431.80,26.0760
torsion,2.0,433.47,26.0760
torsion,2.0,435.15,25.9858
torsion,2.0,436.82,25.9858
torsion,2.0,438.49,25.8956
torsion,2.0,440.17,25.8505
torsion,2.0,441.84,25.8054
torsion,2.0,443.51,25.7603
torsion,2.0,445.19,25.7152
torsion,2.0,446.86,25.6250
torsion,2.0,448.54,25.5799
torsion,2.0,450.21,25.5348
torsion,2.0,451.88,25.4897
torsion,2.0,453.56,25.4446
torsion,2.0,455.23,25.3544
torsion,2.0,456.90,25.3093
torsion,2.0,458.58,25.2642
torsion,2.0,460.25,25.1740
torsion,2.0,461.92,25.1289
torsion,2.0,463.60,25.0387
torsion,2.0,465.27,24.9936
torsion,2.0,466.95,24.9485
torsion,2.0,468.62,24.8582
torsion,2.0,470.29,24.7680
torsion,2.0,471.97,24.7229
torsion,2.0,473.64,24.6778
torsion,2.0,475.31,24.5876
torsion,2.0,476.99,24.4974
torsion,2.0,478.66,24.4523
torsion,2.0,480.33,24.4072
torsion,2.0,482.01,24.3170
torsion,2.0,483.68,24.2268
torsion,2.0,485.36,24.1366
torsion,2.0,487.03,24.0464
torsion,2.0,488.70,24.0013
torsion,2.0,490.38,23.9111
torsion,2.0,492.05,23.8209
torsion,2.0,493.72,23.7307
torsion,2.0,495.40,23.6405
torsion,2.0,497.07,23.5052
torsion,2.0,498.74,23.3698
torsion,2.0,500.42,23.2796
torsion,2.0,502.09,23.1894
torsion,2.0,503.77,23.0541
torsion,2.0,505.44,22.9188
torsion,2.0,507.11,22.7835
torsion,2.0,508.79,22.6933
torsion,2.0,510.46,22.3776
torsion,2.0,512.13,22.3776
torsion,2.0,513.81,22.3325
torsion,2.0,515.48,22.1972
torsion,2.0,517.15,22.1070
torsion,2.0,518.83,22.0168
torsion,2.0,520.50,21.9265
torsion,2.0,522.18,21.7461
torsion,2.0,523.85,21.7461
torsion,2.0,525.52,21.7461
torsion,2.0,527.20,21.6559
torsion,2.0,528.87,21.6559
torsion,2.0,530.54,21.6559
torsion,2.0,532.22,20.5284
torsion,2.0,533.89,20.3028
torsion,2.0,535.56,20.1224
torsion,2.0,537.24,19.9420
torsion,2.0,538.91,19.7616
torsion,2.0,540.59,19.5361
torsion,2.0,542.26,19.3557
torsion,2.0,543.93,19.1753
torsion,2.0,545.61,18.9948
torsion,2.0,547.28,18.7693
torsion,2.0,548.95,18.5438
torsion,2.0,550.63,18.3634
torsion,2.0,552.30,18.1830
torsion,2.0,553.97,17.9575
torsion,2.0,555.65,17.7771
torsion,2.0,557.32,17.5515
torsion,2.0,559.00,17.3260
torsion,2.0,560.67,17.1456
torsion,2.0,562.34,16.9201
torsion,2.0,564.02,16.6946
torsion,2.0,565.69,16.5142
torsion,2.0,567.36,16.2887
torsion,2.0,569.04,16.0631
torsion,2.0,570.71,15.8827
torsion,2.0,572.38,15.7023
torsion,2.0,574.06,15.4768
torsion,2.0,575.73,15.2513
torsion,2.0,577.41,15.0709
torsion,2.0,579.08,14.8454
torsion,2.0,580.75,14.6649
torsion,2.0,582.43,14.4845
torsion,2.0,584.10,14.2590
torsion,2.0,585.77,14.0786
torsion,2.0,587.45,13.8531
torsion,2.0,589.12,13.6727
torsion,2.0,590.79,13.4923
torsion,2.0,592.47,13.3119
torsion,2.0,594.14,13.0863
torsion,2.0,595.82,12.8608
torsion,2.0,597.49,12.7255
torsion,2.0,599.16,12.5451
torsion,2.0,600.84,12.3647
torsion,2.0,602.51,12.1843
torsion,2.0,604.18,12.0039
torsion,2.0,605.86,11.8235
torsion,2.0,607.53,11.6430
torsion,2.0,609.21,11.4626
torsion,2.0,610.88,11.2822
torsion,2.0,612.55,11.1018
torsion,2.0,614.23,10.9214
torsion,2.0,615.90,10.7861
torsion,2.0,617.57,10.6508
torsion,2.0,619.25,10.4704
torsion,2.0,620.92,10.2899
torsion,2.0,622.59,10.1095
torsion,2.0,624.27,9.9742
torsion,2.0,625.94,9.8389
torsion,2.0,627.62,9.6585
torsion,2.0,629.29,9.4781
torsion,2.0,630.96,9.3428
torsion,2.0,632.64,9.1624
torsion,2.0,634.31,9.0722
torsion,2.0,635.98,8.8918
torsion,2.0,637.66,8.7564
torsion,2.0,639.33,8.6211
torsion,2.0,641.00,8.4407
torsion,2.0,642.68,8.3505
torsion,2.0,644.35,8.1701
torsion,2.0,646.03,8.0799
torsion,2.0,647.70,7.8995
torsion,2.0,649.37,7.8093
torsion,2.0,651.05,7.6289
torsion,2.0,652.72,7.5387
torsion,2.0,654.39,7.4034
torsion,2.0,656.07,7.2680
torsion,2.0,657.74,7.1327
torsion,2.0,659.41,6.9974
torsion,2.0,661.09,6.9072
torsion,2.0,662.76,6.7719
torsion,2.0,664.44,6.6366
torsion,2.0,666.11,6.5013
torsion,2.0,667.78,6.3660
torsion,2.0,669.46,6.2758
torsion,2.0,671.13,6.1405
torsion,2.0,672.80,6.0052
torsion,2.0,674.48,5.8698
torsion,2.0,676.15,5.7796
torsion,2.0,677.82,5.6443
torsion,2.0,679.50,5.5090
torsion,2.0,681.17,5.3737
torsion,2.0,682.85,5.2835
torsion,2.0,684.52,5.1482
torsion,2.0,686.19,5.0129
torsion,2.0,687.87,4.8776
torsion,2.0,689.54,4.7874
torsion,2.0,691.21,4.6521
torsion,2.0,692.89,4.5168
torsion,2.0,694.56,4.3814
torsion,2.0,696.23,4.2912
torsion,2.0,697.91,4.1559
torsion,2.0,699.58,4.0206
torsion,2.0,701.26,3.8853
torsion,2.0,702.93,3.7500
torsion,2.0,704.60,3.6598
torsion,2.0,706.28,3.5245
torsion,2.0,707.95,3.3892
torsion,2.0,709.62,3.2539
torsion,2.0,711.30,3.1637
torsion,2.0,712.97,3.0284
torsion,2.0,714.64,2.8930
torsion,2.0,716.32,2.8028
torsion,2.0,717.99,2.6675
torsion,2.0,719.67,2.5322
torsion,2.0,721.34,2.4420
torsion,2.0,723.01,2.3067
torsion,2.0,724.69,2.1714
torsion,2.0,726.36,2.0812
torsion,2.0,728.03,1.9910
torsion,2.0,729.71,1.8557
torsion,2.0,731.38,1.7204
torsion,2.0,733.05,1.6302
torsion,2.0,734.73,1.5399
torsion,2.0,736.40,1.4497
torsion,2.0,738.08,1.3144
torsion,2.0,739.75,1.2242
torsion,2.0,741.42,1.1340
torsion,2.0,743.10,1.0438
torsion,2.0,744.77,0.9085
torsion,2.0,746.44,0.8183
torsion,2.0,748.12,0.7281
torsion,2.0,749.79,0.6379
torsion,2.0,751.46,0.5477
torsion,2.0,753.14,0.5026
torsion,2.0,754.81,0.4124
torsion,2.0,756.49,0.3222
torsion,2.0,758.16,0.2320
torsion,2.0,759.83,0.1418
torsion,2.0,761.51,0.0515
torsion,2.0,763.18,-0.0387
torsion,2.0,764.85,-0.1289
torsion,2.0,766.53,-0.2191
torsion,2.0,768.20,-0.2191
torsion,2.0,769.87,-0.3093
torsion,2.0,771.55,-0.3995
torsion,2.0,773.22,-0.4897
torsion,2.0,774.90,-0.5348
torsion,2.0,776.57,-0.5348
torsion,2.0,778.24,-0.5348
torsion,2.0,779.92,-0.5348
torsion,2.0,781.59,-0.5348
torsion,2.0,783.26,-0.5348
torsion,2.0,784.94,-0.5348
torsion,2.0,786.61,-0.5348
torsion,2.0,788.28,-0.5348
torsion,2.0,789.96,-0.5348
torsion,2.0,791.63,-0.5348
torsion,2.0,793.31,-0.5348
torsion,2.0,794.98,-0.5348
torsion,2.0,796.65,-0.5348
torsion,2.0,798.33,-0.5348
torsion,2.0,800.00,-0.5348
