# Digitized traces from Genet et al. (2023), their Fig 8 (wall volume [mL]).
# Extracted from the published figure by hue segmentation (provenance/reproduction).
# Where variations overlap (curves coincide) an occluded segment is completed from
# the nearest visible variation. columns: panel {pressure[kPa],volume[mL],torsion[deg]}, variation, x=time[ms], y.
panel,variation,x,y
pressure,117,0.00,0.9021
pressure,117,1.75,0.9021
pressure,117,3.50,0.9021
pressure,117,5.25,0.9021
pressure,117,7.00,0.9021
pressure,117,8.75,0.9021
pressure,117,10.50,0.9021
pressure,117,12.25,0.9021
pressure,117,14.00,0.9021
pressure,117,15.75,0.9021
pressure,117,17.51,0.9021
pressure,117,19.26,0.9021
pressure,117,21.01,0.9021
pressure,117,22.76,0.9021
pressure,117,24.51,0.9021
pressure,117,26.26,0.9021
pressure,117,28.01,0.9021
pressure,117,29.76,0.9021
pressure,117,31.51,0.9021
pressure,117,33.26,0.9021
pressure,117,35.01,0.9021
pressure,117,36.76,0.9021
pressure,117,38.51,0.9021
pressure,117,40.26,0.9021
pressure,117,42.01,0.9021
pressure,117,43.76,0.9021
pressure,117,45.51,0.9021
pressure,117,47.26,0.9021
pressure,117,49.02,0.9021
pressure,117,50.77,0.9021
pressure,117,52.52,0.9021
pressure,117,54.27,0.9021
pressure,117,56.02,0.9021
pressure,117,57.77,0.9021
pressure,117,59.52,0.9021
pressure,117,61.27,0.9021
pressure,117,63.02,0.9021
pressure,117,64.77,0.9021
pressure,117,66.52,0.9021
pressure,117,68.27,0.9021
pressure,117,70.02,0.9021
pressure,117,71.77,0.9021
pressure,117,73.52,0.9021
pressure,117,75.27,0.9021
pressure,117,77.02,0.9021
pressure,117,78.77,0.9021
pressure,117,80.53,0.9021
pressure,117,82.28,0.9021
pressure,117,84.03,0.9021
pressure,117,85.78,0.9021
pressure,117,87.53,0.9021
pressure,117,89.28,0.9021
pressure,117,91.03,0.9021
pressure,117,92.78,0.9021
pressure,117,94.53,0.9021
pressure,117,96.28,0.9021
pressure,117,98.03,0.9021
pressure,117,99.78,0.9021
pressure,117,101.53,0.9021
pressure,117,103.28,0.9021
pressure,117,105.03,0.9021
pressure,117,106.78,0.9021
pressure,117,108.53,0.9021
pressure,117,110.28,0.9021
pressure,117,112.04,0.9201
pressure,117,113.79,0.9562
pressure,117,115.54,1.0284
pressure,117,117.29,1.1005
pressure,117,119.04,1.2268
pressure,117,120.79,1.3711
pressure,117,122.54,1.5155
pressure,117,124.29,1.6959
pressure,117,126.04,1.8582
pressure,117,127.79,2.0928
pressure,117,129.54,2.3093
pressure,117,131.29,2.5438
pressure,117,133.04,2.7964
pressure,117,134.79,3.0490
pressure,117,136.54,3.2835
pressure,117,138.29,3.5722
pressure,117,140.04,3.8247
pressure,117,141.79,4.1314
pressure,117,143.54,4.4021
pressure,117,145.30,4.4021
pressure,117,147.05,4.6186
pressure,117,148.80,4.6907
pressure,117,150.55,4.8892
pressure,117,152.30,4.8892
pressure,117,154.05,5.1598
pressure,117,155.80,5.4485
pressure,117,157.55,5.7371
pressure,117,159.30,6.0077
pressure,117,161.05,6.2964
pressure,117,162.80,6.6031
pressure,117,164.55,6.8557
pressure,117,166.30,7.1624
pressure,117,168.05,7.4510
pressure,117,169.80,7.7216
pressure,117,171.55,8.0103
pressure,117,173.30,8.2809
pressure,117,175.05,8.5876
pressure,117,176.81,8.8763
pressure,117,178.56,9.1469
pressure,117,180.31,9.4356
pressure,117,182.06,9.6881
pressure,117,183.81,9.9588
pressure,117,185.56,10.2113
pressure,117,187.31,10.4098
pressure,117,189.06,10.6443
pressure,117,190.81,10.8247
pressure,117,192.56,11.0052
pressure,117,194.31,11.1495
pressure,117,196.06,11.2758
pressure,117,197.81,11.3840
pressure,117,199.56,11.4923
pressure,117,201.31,11.6005
pressure,117,203.06,11.6546
pressure,117,204.81,11.7448
pressure,117,206.56,11.7990
pressure,117,208.32,11.8711
pressure,117,210.07,11.9253
pressure,117,211.82,11.9613
pressure,117,213.57,11.9974
pressure,117,215.32,12.0155
pressure,117,217.07,12.0515
pressure,117,218.82,12.0696
pressure,117,220.57,12.1057
pressure,117,222.32,12.1057
pressure,117,224.07,12.1418
pressure,117,225.82,12.1418
pressure,117,227.57,12.1418
pressure,117,229.32,12.1778
pressure,117,231.07,12.1778
pressure,117,232.82,12.1778
pressure,117,234.57,12.1778
pressure,117,236.32,12.1778
pressure,117,238.07,12.1778
pressure,117,239.82,12.1778
pressure,117,241.58,12.1778
pressure,117,243.33,12.1778
pressure,117,245.08,12.1778
pressure,117,246.83,12.1778
pressure,117,248.58,12.1778
pressure,117,250.33,12.1778
pressure,117,252.08,12.1778
pressure,117,253.83,12.1778
pressure,117,255.58,12.1778
pressure,117,257.33,12.1778
pressure,117,259.08,12.1598
pressure,117,260.83,12.1418
pressure,117,262.58,12.1418
pressure,117,264.33,12.1418
pressure,117,266.08,12.1418
pressure,117,267.83,12.1418
pressure,117,269.58,12.1418
pressure,117,271.33,12.1237
pressure,117,273.09,12.1057
pressure,117,274.84,12.1057
pressure,117,276.59,12.1057
pressure,117,278.34,12.1057
pressure,117,280.09,12.1057
pressure,117,281.84,12.1057
pressure,117,283.59,12.0696
pressure,117,285.34,12.0696
pressure,117,287.09,12.0696
pressure,117,288.84,12.0696
pressure,117,290.59,12.0696
pressure,117,292.34,12.0696
pressure,117,294.09,12.0335
pressure,117,295.84,12.0335
pressure,117,297.59,12.0335
pressure,117,299.34,12.0335
pressure,117,301.09,12.0335
pressure,117,302.84,12.0335
pressure,117,304.60,12.0155
pressure,117,306.35,11.9974
pressure,117,308.10,11.9974
pressure,117,309.85,11.9974
pressure,117,311.60,11.9974
pressure,117,313.35,11.9974
pressure,117,315.10,11.9613
pressure,117,316.85,11.9613
pressure,117,318.60,11.9613
pressure,117,320.35,11.9613
pressure,117,322.10,11.9613
pressure,117,323.85,11.9613
pressure,117,325.60,11.9253
pressure,117,327.35,11.9253
pressure,117,329.10,11.9253
pressure,117,330.85,11.8892
pressure,117,332.60,11.8892
pressure,117,334.35,11.8711
pressure,117,336.11,11.8531
pressure,117,337.86,11.8170
pressure,117,339.61,11.7990
pressure,117,341.36,11.7629
pressure,117,343.11,11.7448
pressure,117,344.86,11.7268
pressure,117,346.61,11.6907
pressure,117,348.36,11.6546
pressure,117,350.11,11.6366
pressure,117,351.86,11.6186
pressure,117,353.61,11.5825
pressure,117,355.36,11.5464
pressure,117,357.11,11.5103
pressure,117,358.86,11.4742
pressure,117,360.61,11.4381
pressure,117,362.36,11.4021
pressure,117,364.11,11.3479
pressure,117,365.86,11.3119
pressure,117,367.61,11.2758
pressure,117,369.37,11.2397
pressure,117,371.12,11.2036
pressure,117,372.87,11.1675
pressure,117,374.62,11.1314
pressure,117,376.37,11.0773
pressure,117,378.12,11.0232
pressure,117,379.87,10.9871
pressure,117,381.62,10.9510
pressure,117,383.37,10.9149
pressure,117,385.12,10.8428
pressure,117,386.87,10.8067
pressure,117,388.62,10.7706
pressure,117,390.37,10.7165
pressure,117,392.12,10.6624
pressure,117,393.87,10.6082
pressure,117,395.62,10.5722
pressure,117,397.37,10.5000
pressure,117,399.12,10.4639
pressure,117,400.88,10.3918
pressure,117,402.63,10.3557
pressure,117,404.38,10.2655
pressure,117,406.13,10.1211
pressure,117,407.88,10.1211
pressure,117,409.63,9.9407
pressure,117,411.38,9.9046
pressure,117,413.13,9.5077
pressure,117,414.88,9.5077
pressure,117,416.63,9.0387
pressure,117,418.38,8.5515
pressure,117,420.13,8.0284
pressure,117,421.88,7.5593
pressure,117,423.63,7.1263
pressure,117,425.38,6.6933
pressure,117,427.13,6.2784
pressure,117,428.88,5.9175
pressure,117,430.63,5.5567
pressure,117,432.39,5.2320
pressure,117,434.14,4.9072
pressure,117,435.89,4.6186
pressure,117,437.64,4.3479
pressure,117,439.39,4.0773
pressure,117,441.14,3.8428
pressure,117,442.89,3.6082
pressure,117,444.64,3.3918
pressure,117,446.39,3.1933
pressure,117,448.14,2.9948
pressure,117,449.89,2.8144
pressure,117,451.64,2.6340
pressure,117,453.39,2.4897
pressure,117,455.14,2.3454
pressure,117,456.89,2.1830
pressure,117,458.64,2.0567
pressure,117,460.39,1.9304
pressure,117,462.14,1.8222
pressure,117,463.89,1.6959
pressure,117,465.65,1.6057
pressure,117,467.40,1.4974
pressure,117,469.15,1.4072
pressure,117,470.90,1.3351
pressure,117,472.65,1.2448
pressure,117,474.40,1.1727
pressure,117,476.15,1.1005
pressure,117,477.90,1.0284
pressure,117,479.65,0.9742
pressure,117,481.40,0.9021
pressure,117,483.15,0.8479
pressure,117,484.90,0.8119
pressure,117,486.65,0.7397
pressure,117,488.40,0.7036
pressure,117,490.15,0.6495
pressure,117,491.90,0.6134
pressure,117,493.65,0.5773
pressure,117,495.40,0.5593
pressure,117,497.16,0.5593
pressure,117,498.91,0.5412
pressure,117,500.66,0.5412
pressure,117,502.41,0.5232
pressure,117,504.16,0.5232
pressure,117,505.91,0.5232
pressure,117,507.66,0.5232
pressure,117,509.41,0.5232
pressure,117,511.16,0.5052
pressure,117,512.91,0.5052
pressure,117,514.66,0.5052
pressure,117,516.41,0.5052
pressure,117,518.16,0.4871
pressure,117,519.91,0.4871
pressure,117,521.66,0.4871
pressure,117,523.41,0.4871
pressure,117,525.16,0.4871
pressure,117,526.91,0.4871
pressure,117,528.67,0.4871
pressure,117,530.42,0.4691
pressure,117,532.17,0.4691
pressure,117,533.92,0.4691
pressure,117,535.67,0.4691
pressure,117,537.42,0.4691
pressure,117,539.17,0.4691
pressure,117,540.92,0.4871
pressure,117,542.67,0.4871
pressure,117,544.42,0.4871
pressure,117,546.17,0.4871
pressure,117,547.92,0.4871
pressure,117,549.67,0.4871
pressure,117,551.42,0.4871
pressure,117,553.17,0.4871
pressure,117,554.92,0.4871
pressure,117,556.67,0.4871
pressure,117,558.42,0.4871
pressure,117,560.18,0.5052
pressure,117,561.93,0.5052
pressure,117,563.68,0.5052
pressure,117,565.43,0.5052
pressure,117,567.18,0.5052
pressure,117,568.93,0.5052
pressure,117,570.68,0.5232
pressure,117,572.43,0.5232
pressure,117,574.18,0.5232
pressure,117,575.93,0.5232
pressure,117,577.68,0.5232
pressure,117,579.43,0.5232
pressure,117,581.18,0.5232
pressure,117,582.93,0.5232
pressure,117,584.68,0.5232
pressure,117,586.43,0.5232
pressure,117,588.18,0.5412
pressure,117,589.93,0.5412
pressure,117,591.68,0.5412
pressure,117,593.44,0.5412
pressure,117,595.19,0.5412
pressure,117,596.94,0.5412
pressure,117,598.69,0.5412
pressure,117,600.44,0.5412
pressure,117,602.19,0.5412
pressure,117,603.94,0.5412
pressure,117,605.69,0.5412
pressure,117,607.44,0.5412
pressure,117,609.19,0.5412
pressure,117,610.94,0.5412
pressure,117,612.69,0.5412
pressure,117,614.44,0.5412
pressure,117,616.19,0.5412
pressure,117,617.94,0.5412
pressure,117,619.69,0.5412
pressure,117,621.44,0.5412
pressure,117,623.19,0.5412
pressure,117,624.95,0.5412
pressure,117,626.70,0.5412
pressure,117,628.45,0.5412
pressure,117,630.20,0.5412
pressure,117,631.95,0.5412
pressure,117,633.70,0.5412
pressure,117,635.45,0.5593
pressure,117,637.20,0.5593
pressure,117,638.95,0.5593
pressure,117,640.70,0.5593
pressure,117,642.45,0.5593
pressure,117,644.20,0.5593
pressure,117,645.95,0.5593
pressure,117,647.70,0.5593
pressure,117,649.45,0.5593
pressure,117,651.20,0.5593
pressure,117,652.95,0.5593
pressure,117,654.70,0.5593
pressure,117,656.46,0.5593
pressure,117,658.21,0.5593
pressure,117,659.96,0.5593
pressure,117,661.71,0.5593
pressure,117,663.46,0.5593
pressure,117,665.21,0.5593
pressure,117,666.96,0.5593
pressure,117,668.71,0.5593
pressure,117,670.46,0.5593
pressure,117,672.21,0.5593
pressure,117,673.96,0.5593
pressure,117,675.71,0.5773
pressure,117,677.46,0.5773
pressure,117,679.21,0.5954
pressure,117,680.96,0.5954
pressure,117,682.71,0.5954
pressure,117,684.46,0.6134
pressure,117,686.21,0.6314
pressure,117,687.96,0.6314
pressure,117,689.72,0.6314
pressure,117,691.47,0.6495
pressure,117,693.22,0.6495
pressure,117,694.97,0.6675
pressure,117,696.72,0.6675
pressure,117,698.47,0.6856
pressure,117,700.22,0.7036
pressure,117,701.97,0.7036
pressure,117,703.72,0.7036
pressure,117,705.47,0.7216
pressure,117,707.22,0.7397
pressure,117,708.97,0.7397
pressure,117,710.72,0.7577
pressure,117,712.47,0.7577
pressure,117,714.22,0.7758
pressure,117,715.97,0.7758
pressure,117,717.72,0.7938
pressure,117,719.47,0.8119
pressure,117,721.23,0.8119
pressure,117,722.98,0.8119
pressure,117,724.73,0.8299
pressure,117,726.48,0.8479
pressure,117,728.23,0.8479
pressure,117,729.98,0.8660
pressure,117,731.73,0.8660
pressure,117,733.48,0.8840
pressure,117,735.23,0.8840
pressure,117,736.98,0.8840
pressure,117,738.73,0.8840
pressure,117,740.48,0.8840
pressure,117,742.23,0.8840
pressure,117,743.98,0.8840
pressure,117,745.73,0.8840
pressure,117,747.48,0.8840
pressure,117,749.23,0.8840
pressure,117,750.98,0.8840
pressure,117,752.74,0.8840
pressure,117,754.49,0.8840
pressure,117,756.24,0.8840
pressure,117,757.99,0.8840
pressure,117,759.74,0.8840
pressure,117,761.49,0.8840
pressure,117,763.24,0.8840
pressure,117,764.99,0.9021
pressure,117,766.74,0.9021
pressure,117,768.49,0.9021
pressure,117,770.24,0.9021
pressure,117,771.99,0.9021
pressure,117,773.74,0.9021
pressure,117,775.49,0.9021
pressure,117,777.24,0.9021
pressure,117,778.99,0.9021
pressure,117,780.74,0.9021
pressure,117,782.49,0.9021
pressure,117,784.25,0.9021
pressure,117,786.00,0.9021
pressure,117,787.75,0.9021
pressure,117,789.50,0.9021
pressure,117,791.25,0.9021
pressure,117,793.00,0.9021
pressure,117,794.75,0.9021
pressure,117,796.50,0.9021
pressure,117,798.25,0.9021
pressure,117,800.00,0.9021
pressure,130,0.00,0.9021
pressure,130,1.75,0.9021
pressure,130,3.50,0.9021
pressure,130,5.25,0.9021
pressure,130,7.00,0.9021
pressure,130,8.75,0.9021
pressure,130,10.50,0.9021
pressure,130,12.25,0.9021
pressure,130,14.00,0.9021
pressure,130,15.75,0.9021
pressure,130,17.51,0.9021
pressure,130,19.26,0.9021
pressure,130,21.01,0.9021
pressure,130,22.76,0.9021
pressure,130,24.51,0.9021
pressure,130,26.26,0.9021
pressure,130,28.01,0.9021
pressure,130,29.76,0.9021
pressure,130,31.51,0.9021
pressure,130,33.26,0.9021
pressure,130,35.01,0.9021
pressure,130,36.76,0.9021
pressure,130,38.51,0.9021
pressure,130,40.26,0.9021
pressure,130,42.01,0.9021
pressure,130,43.76,0.9021
pressure,130,45.51,0.9021
pressure,130,47.26,0.9021
pressure,130,49.02,0.9021
pressure,130,50.77,0.9021
pressure,130,52.52,0.9021
pressure,130,54.27,0.9021
pressure,130,56.02,0.9021
pressure,130,57.77,0.9021
pressure,130,59.52,0.9021
pressure,130,61.27,0.9021
pressure,130,63.02,0.9021
pressure,130,64.77,0.9021
pressure,130,66.52,0.9021
pressure,130,68.27,0.9021
pressure,130,70.02,0.9021
pressure,130,71.77,0.9021
pressure,130,73.52,0.9021
pressure,130,75.27,0.9021
pressure,130,77.02,0.9021
pressure,130,78.77,0.9021
pressure,130,80.53,0.9021
pressure,130,82.28,0.9021
pressure,130,84.03,0.9021
pressure,130,85.78,0.9021
pressure,130,87.53,0.9021
pressure,130,89.28,0.9021
pressure,130,91.03,0.9021
pressure,130,92.78,0.9021
pressure,130,94.53,0.9021
pressure,130,96.28,0.9021
pressure,130,98.03,0.9021
pressure,130,99.78,0.9021
pressure,130,101.53,0.9021
pressure,130,103.28,0.9021
pressure,130,105.03,0.9021
pressure,130,106.78,0.9021
pressure,130,108.53,0.9021
pressure,130,110.28,0.9021
pressure,130,112.04,0.9201
pressure,130,113.79,0.9562
pressure,130,115.54,1.0284
pressure,130,117.29,1.1005
pressure,130,119.04,1.2268
pressure,130,120.79,1.3711
pressure,130,122.54,1.5155
pressure,130,124.29,1.6959
pressure,130,126.04,1.8582
pressure,130,127.79,2.0928
pressure,130,129.54,2.3093
pressure,130,131.29,2.5438
pressure,130,133.04,2.7964
pressure,130,134.79,3.0490
pressure,130,136.54,3.2835
pressure,130,138.29,3.5722
pressure,130,140.04,3.8247
pressure,130,141.79,4.1314
pressure,130,143.54,4.4021
pressure,130,145.30,4.6907
pressure,130,147.05,4.9794
pressure,130,148.80,5.2680
pressure,130,150.55,5.5928
pressure,130,152.30,5.8814
pressure,130,154.05,6.1701
pressure,130,155.80,6.5129
pressure,130,157.55,6.8015
pressure,130,159.30,7.1082
pressure,130,161.05,7.4330
pressure,130,162.80,7.7397
pressure,130,164.55,8.0464
pressure,130,166.30,8.3531
pressure,130,168.05,8.4794
pressure,130,169.80,8.6778
pressure,130,171.55,8.7861
pressure,130,173.30,8.9845
pressure,130,175.05,9.0928
pressure,130,176.81,9.3995
pressure,130,178.56,9.6881
pressure,130,180.31,9.9948
pressure,130,182.06,10.2655
pressure,130,183.81,10.5361
pressure,130,185.56,10.7887
pressure,130,187.31,11.0232
pressure,130,189.06,11.2216
pressure,130,190.81,11.4201
pressure,130,192.56,11.6366
pressure,130,194.31,11.7809
pressure,130,196.06,11.9253
pressure,130,197.81,12.0515
pressure,130,199.56,12.1418
pressure,130,201.31,12.2320
pressure,130,203.06,12.3222
pressure,130,204.81,12.3763
pressure,130,206.56,12.4485
pressure,130,208.32,12.5026
pressure,130,210.07,12.5567
pressure,130,211.82,12.5928
pressure,130,213.57,12.6289
pressure,130,215.32,12.6469
pressure,130,217.07,12.6830
pressure,130,218.82,12.6830
pressure,130,220.57,12.7191
pressure,130,222.32,12.7371
pressure,130,224.07,12.7552
pressure,130,225.82,12.7552
pressure,130,227.57,12.7552
pressure,130,229.32,12.7732
pressure,130,231.07,12.7732
pressure,130,232.82,12.7912
pressure,130,234.57,12.7912
pressure,130,236.32,12.7912
pressure,130,238.07,12.7912
pressure,130,239.82,12.7912
pressure,130,241.58,12.7912
pressure,130,243.33,12.7912
pressure,130,245.08,12.7732
pressure,130,246.83,12.7732
pressure,130,248.58,12.7732
pressure,130,250.33,12.7732
pressure,130,252.08,12.7552
pressure,130,253.83,12.7552
pressure,130,255.58,12.7552
pressure,130,257.33,12.7552
pressure,130,259.08,12.7371
pressure,130,260.83,12.7371
pressure,130,262.58,12.7371
pressure,130,264.33,12.7191
pressure,130,266.08,12.7191
pressure,130,267.83,12.7010
pressure,130,269.58,12.7010
pressure,130,271.33,12.7010
pressure,130,273.09,12.6830
pressure,130,274.84,12.6830
pressure,130,276.59,12.6649
pressure,130,278.34,12.6649
pressure,130,280.09,12.6649
pressure,130,281.84,12.6469
pressure,130,283.59,12.6469
pressure,130,285.34,12.6289
pressure,130,287.09,12.6289
pressure,130,288.84,12.6289
pressure,130,290.59,12.6108
pressure,130,292.34,12.6108
pressure,130,294.09,12.6108
pressure,130,295.84,12.5928
pressure,130,297.59,12.5928
pressure,130,299.34,12.5747
pressure,130,301.09,12.5747
pressure,130,302.84,12.5747
pressure,130,304.60,12.5567
pressure,130,306.35,12.5567
pressure,130,308.10,12.5387
pressure,130,309.85,12.5387
pressure,130,311.60,12.5206
pressure,130,313.35,12.5206
pressure,130,315.10,12.5206
pressure,130,316.85,12.5026
pressure,130,318.60,12.5026
pressure,130,320.35,12.4845
pressure,130,322.10,12.4845
pressure,130,323.85,12.4665
pressure,130,325.60,12.4665
pressure,130,327.35,12.4665
pressure,130,329.10,12.4485
pressure,130,330.85,12.4304
pressure,130,332.60,12.3943
pressure,130,334.35,12.3943
pressure,130,336.11,12.3582
pressure,130,337.86,12.3582
pressure,130,339.61,12.3222
pressure,130,341.36,12.2861
pressure,130,343.11,12.2680
pressure,130,344.86,12.2320
pressure,130,346.61,12.1959
pressure,130,348.36,12.1598
pressure,130,350.11,12.1237
pressure,130,351.86,12.0876
pressure,130,353.61,12.0515
pressure,130,355.36,12.0155
pressure,130,357.11,11.9794
pressure,130,358.86,11.9433
pressure,130,360.61,11.9072
pressure,130,362.36,11.8711
pressure,130,364.11,11.8351
pressure,130,365.86,11.7990
pressure,130,367.61,11.7629
pressure,130,369.37,11.7268
pressure,130,371.12,11.6727
pressure,130,372.87,11.6186
pressure,130,374.62,11.5825
pressure,130,376.37,11.5284
pressure,130,378.12,11.4923
pressure,130,379.87,11.4381
pressure,130,381.62,11.4021
pressure,130,383.37,11.3479
pressure,130,385.12,11.3119
pressure,130,386.87,11.2397
pressure,130,388.62,11.2036
pressure,130,390.37,11.1675
pressure,130,392.12,11.0954
pressure,130,393.87,11.0593
pressure,130,395.62,10.9871
pressure,130,397.37,10.9510
pressure,130,399.12,10.8789
pressure,130,400.88,10.8428
pressure,130,402.63,10.7706
pressure,130,404.38,10.7165
pressure,130,406.13,10.6082
pressure,130,407.88,10.5361
pressure,130,409.63,10.3015
pressure,130,411.38,10.2835
pressure,130,413.13,9.9407
pressure,130,414.88,9.5077
pressure,130,416.63,9.0387
pressure,130,418.38,8.5515
pressure,130,420.13,8.0284
pressure,130,421.88,7.5593
pressure,130,423.63,7.1263
pressure,130,425.38,6.6933
pressure,130,427.13,6.2784
pressure,130,428.88,5.9175
pressure,130,430.63,5.5567
pressure,130,432.39,5.2320
pressure,130,434.14,4.9072
pressure,130,435.89,4.6186
pressure,130,437.64,4.3479
pressure,130,439.39,4.0773
pressure,130,441.14,3.8428
pressure,130,442.89,3.6082
pressure,130,444.64,3.3918
pressure,130,446.39,3.1933
pressure,130,448.14,2.9948
pressure,130,449.89,2.8144
pressure,130,451.64,2.6340
pressure,130,453.39,2.4897
pressure,130,455.14,2.3454
pressure,130,456.89,2.1830
pressure,130,458.64,2.0567
pressure,130,460.39,1.9304
pressure,130,462.14,1.8222
pressure,130,463.89,1.6959
pressure,130,465.65,1.6057
pressure,130,467.40,1.4974
pressure,130,469.15,1.4072
pressure,130,470.90,1.3351
pressure,130,472.65,1.2448
pressure,130,474.40,1.1727
pressure,130,476.15,1.1005
pressure,130,477.90,1.0284
pressure,130,479.65,0.9742
pressure,130,481.40,0.9021
pressure,130,483.15,0.8479
pressure,130,484.90,0.8119
pressure,130,486.65,0.7397
pressure,130,488.40,0.7036
pressure,130,490.15,0.6495
pressure,130,491.90,0.6134
pressure,130,493.65,0.5773
pressure,130,495.40,0.5593
pressure,130,497.16,0.5593
pressure,130,498.91,0.5412
pressure,130,500.66,0.5412
pressure,130,502.41,0.5232
pressure,130,504.16,0.5232
pressure,130,505.91,0.5232
pressure,130,507.66,0.5232
pressure,130,509.41,0.5232
pressure,130,511.16,0.5052
pressure,130,512.91,0.5052
pressure,130,514.66,0.5052
pressure,130,516.41,0.5052
pressure,130,518.16,0.4871
pressure,130,519.91,0.4871
pressure,130,521.66,0.4871
pressure,130,523.41,0.4871
pressure,130,525.16,0.4871
pressure,130,526.91,0.4871
pressure,130,528.67,0.4871
pressure,130,530.42,0.4691
pressure,130,532.17,0.4691
pressure,130,533.92,0.4691
pressure,130,535.67,0.4691
pressure,130,537.42,0.4691
pressure,130,539.17,0.4691
pressure,130,540.92,0.4871
pressure,130,542.67,0.4871
pressure,130,544.42,0.4871
pressure,130,546.17,0.4871
pressure,130,547.92,0.4871
pressure,130,549.67,0.4871
pressure,130,551.42,0.4871
pressure,130,553.17,0.4871
pressure,130,554.92,0.4871
pressure,130,556.67,0.4871
pressure,130,558.42,0.4871
pressure,130,560.18,0.5052
pressure,130,561.93,0.5052
pressure,130,563.68,0.5052
pressure,130,565.43,0.5052
pressure,130,567.18,0.5052
pressure,130,568.93,0.5052
pressure,130,570.68,0.5232
pressure,130,572.43,0.5232
pressure,130,574.18,0.5232
pressure,130,575.93,0.5232
pressure,130,577.68,0.5232
pressure,130,579.43,0.5232
pressure,130,581.18,0.5232
pressure,130,582.93,0.5232
pressure,130,584.68,0.5232
pressure,130,586.43,0.5232
pressure,130,588.18,0.5412
pressure,130,589.93,0.5412
pressure,130,591.68,0.5412
pressure,130,593.44,0.5412
pressure,130,595.19,0.5412
pressure,130,596.94,0.5412
pressure,130,598.69,0.5412
pressure,130,600.44,0.5412
pressure,130,602.19,0.5412
pressure,130,603.94,0.5412
pressure,130,605.69,0.5412
pressure,130,607.44,0.5412
pressure,130,609.19,0.5412
pressure,130,610.94,0.5412
pressure,130,612.69,0.5412
pressure,130,614.44,0.5412
pressure,130,616.19,0.5412
pressure,130,617.94,0.5412
pressure,130,619.69,0.5412
pressure,130,621.44,0.5412
pressure,130,623.19,0.5412
pressure,130,624.95,0.5412
pressure,130,626.70,0.5412
pressure,130,628.45,0.5412
pressure,130,630.20,0.5412
pressure,130,631.95,0.5412
pressure,130,633.70,0.5412
pressure,130,635.45,0.5593
pressure,130,637.20,0.5593
pressure,130,638.95,0.5593
pressure,130,640.70,0.5593
pressure,130,642.45,0.5593
pressure,130,644.20,0.5593
pressure,130,645.95,0.5593
pressure,130,647.70,0.5593
pressure,130,649.45,0.5593
pressure,130,651.20,0.5593
pressure,130,652.95,0.5593
pressure,130,654.70,0.5593
pressure,130,656.46,0.5593
pressure,130,658.21,0.5593
pressure,130,659.96,0.5593
pressure,130,661.71,0.5593
pressure,130,663.46,0.5593
pressure,130,665.21,0.5593
pressure,130,666.96,0.5593
pressure,130,668.71,0.5593
pressure,130,670.46,0.5593
pressure,130,672.21,0.5593
pressure,130,673.96,0.5593
pressure,130,675.71,0.5773
pressure,130,677.46,0.5773
pressure,130,679.21,0.5954
pressure,130,680.96,0.5954
pressure,130,682.71,0.5954
pressure,130,684.46,0.6134
pressure,130,686.21,0.6314
pressure,130,687.96,0.6314
pressure,130,689.72,0.6314
pressure,130,691.47,0.6495
pressure,130,693.22,0.6495
pressure,130,694.97,0.6675
pressure,130,696.72,0.6675
pressure,130,698.47,0.6856
pressure,130,700.22,0.7036
pressure,130,701.97,0.7036
pressure,130,703.72,0.7036
pressure,130,705.47,0.7216
pressure,130,707.22,0.7397
pressure,130,708.97,0.7397
pressure,130,710.72,0.7577
pressure,130,712.47,0.7577
pressure,130,714.22,0.7758
pressure,130,715.97,0.7758
pressure,130,717.72,0.7938
pressure,130,719.47,0.8119
pressure,130,721.23,0.8119
pressure,130,722.98,0.8119
pressure,130,724.73,0.8299
pressure,130,726.48,0.8479
pressure,130,728.23,0.8479
pressure,130,729.98,0.8660
pressure,130,731.73,0.8660
pressure,130,733.48,0.8840
pressure,130,735.23,0.8840
pressure,130,736.98,0.8840
pressure,130,738.73,0.8840
pressure,130,740.48,0.8840
pressure,130,742.23,0.8840
pressure,130,743.98,0.8840
pressure,130,745.73,0.8840
pressure,130,747.48,0.8840
pressure,130,749.23,0.8840
pressure,130,750.98,0.8840
pressure,130,752.74,0.8840
pressure,130,754.49,0.8840
pressure,130,756.24,0.8840
pressure,130,757.99,0.8840
pressure,130,759.74,0.8840
pressure,130,761.49,0.8840
pressure,130,763.24,0.8840
pressure,130,764.99,0.9021
pressure,130,766.74,0.9021
pressure,130,768.49,0.9021
pressure,130,770.24,0.9021
pressure,130,771.99,0.9021
pressure,130,773.74,0.9021
pressure,130,775.49,0.9021
pressure,130,777.24,0.9021
pressure,130,778.99,0.9021
pressure,130,780.74,0.9021
pressure,130,782.49,0.9021
pressure,130,784.25,0.9021
pressure,130,786.00,0.9021
pressure,130,787.75,0.9021
pressure,130,789.50,0.9021
pressure,130,791.25,0.9021
pressure,130,793.00,0.9021
pressure,130,794.75,0.9021
pressure,130,796.50,0.9021
pressure,130,798.25,0.9021
pressure,130,800.00,0.9021
pressure,143,0.00,0.9021
pressure,143,1.75,0.9021
pressure,143,3.50,0.9021
pressure,143,5.25,0.9021
pressure,143,7.00,0.9021
pressure,143,8.75,0.9021
pressure,143,10.50,0.9021
pressure,143,12.25,0.9021
pressure,143,14.00,0.9021
pressure,143,15.75,0.9021
pressure,143,17.51,0.9021
pressure,143,19.26,0.9021
pressure,143,21.01,0.9021
pressure,143,22.76,0.9021
pressure,143,24.51,0.9021
pressure,143,26.26,0.9021
pressure,143,28.01,0.9021
pressure,143,29.76,0.9021
pressure,143,31.51,0.9021
pressure,143,33.26,0.9021
pressure,143,35.01,0.9021
pressure,143,36.76,0.9021
pressure,143,38.51,0.9021
pressure,143,40.26,0.9021
pressure,143,42.01,0.9021
pressure,143,43.76,0.9021
pressure,143,45.51,0.9021
pressure,143,47.26,0.9021
pressure,143,49.02,0.9021
pressure,143,50.77,0.9021
pressure,143,52.52,0.9021
pressure,143,54.27,0.9021
pressure,143,56.02,0.9021
pressure,143,57.77,0.9021
pressure,143,59.52,0.9021
pressure,143,61.27,0.9021
pressure,143,63.02,0.9021
pressure,143,64.77,0.9021
pressure,143,66.52,0.9021
pressure,143,68.27,0.9021
pressure,143,70.02,0.9021
pressure,143,71.77,0.9021
pressure,143,73.52,0.9021
pressure,143,75.27,0.9021
pressure,143,77.02,0.9021
pressure,143,78.77,0.9021
pressure,143,80.53,0.9021
pressure,143,82.28,0.9021
pressure,143,84.03,0.9021
pressure,143,85.78,0.9021
pressure,143,87.53,0.9021
pressure,143,89.28,0.9021
pressure,143,91.03,0.9021
pressure,143,92.78,0.9021
pressure,143,94.53,0.9021
pressure,143,96.28,0.9021
pressure,143,98.03,0.9021
pressure,143,99.78,0.9021
pressure,143,101.53,0.9021
pressure,143,103.28,0.9021
pressure,143,105.03,0.9021
pressure,143,106.78,0.9021
pressure,143,108.53,0.9021
pressure,143,110.28,0.9021
pressure,143,112.04,0.9201
pressure,143,113.79,0.9562
pressure,143,115.54,1.0284
pressure,143,117.29,1.1005
pressure,143,119.04,1.2268
pressure,143,120.79,1.3711
pressure,143,122.54,1.5155
pressure,143,124.29,1.6959
pressure,143,126.04,1.8582
pressure,143,127.79,2.0928
pressure,143,129.54,2.3093
pressure,143,131.29,2.5438
pressure,143,133.04,2.7964
pressure,143,134.79,3.0490
pressure,143,136.54,3.2835
pressure,143,138.29,3.5722
pressure,143,140.04,3.8247
pressure,143,141.79,4.1314
pressure,143,143.54,4.4021
pressure,143,145.30,4.6907
pressure,143,147.05,4.9794
pressure,143,148.80,5.2680
pressure,143,150.55,5.5928
pressure,143,152.30,5.8814
pressure,143,154.05,6.1701
pressure,143,155.80,6.5129
pressure,143,157.55,6.8015
pressure,143,159.30,7.1082
pressure,143,161.05,7.4330
pressure,143,162.80,7.7397
pressure,143,164.55,8.0464
pressure,143,166.30,8.3531
pressure,143,168.05,8.6778
pressure,143,169.80,8.9845
pressure,143,171.55,9.3093
pressure,143,173.30,9.5979
pressure,143,175.05,9.9046
pressure,143,176.81,10.2113
pressure,143,178.56,10.5180
pressure,143,180.31,10.7887
pressure,143,182.06,11.0232
pressure,143,183.81,11.2758
pressure,143,185.56,11.4923
pressure,143,187.31,11.6907
pressure,143,189.06,11.8892
pressure,143,190.81,12.0696
pressure,143,192.56,12.2320
pressure,143,194.31,12.3763
pressure,143,196.06,12.5026
pressure,143,197.81,12.6108
pressure,143,199.56,12.7371
pressure,143,201.31,12.7912
pressure,143,203.06,12.8814
pressure,143,204.81,12.9716
pressure,143,206.56,13.0258
pressure,143,208.32,13.0799
pressure,143,210.07,13.1160
pressure,143,211.82,13.1521
pressure,143,213.57,13.2062
pressure,143,215.32,13.2242
pressure,143,217.07,13.2423
pressure,143,218.82,13.2603
pressure,143,220.57,13.2784
pressure,143,222.32,13.2964
pressure,143,224.07,13.2964
pressure,143,225.82,13.3325
pressure,143,227.57,13.3325
pressure,143,229.32,13.3325
pressure,143,231.07,13.3325
pressure,143,232.82,13.3325
pressure,143,234.57,13.3325
pressure,143,236.32,13.3325
pressure,143,238.07,13.3325
pressure,143,239.82,13.3325
pressure,143,241.58,13.3325
pressure,143,243.33,13.3325
pressure,143,245.08,13.3325
pressure,143,246.83,13.3144
pressure,143,248.58,13.2964
pressure,143,250.33,13.2964
pressure,143,252.08,13.2964
pressure,143,253.83,13.2964
pressure,143,255.58,13.2964
pressure,143,257.33,13.2603
pressure,143,259.08,13.2603
pressure,143,260.83,13.2603
pressure,143,262.58,13.2603
pressure,143,264.33,13.2603
pressure,143,266.08,13.2242
pressure,143,267.83,13.2242
pressure,143,269.58,13.2242
pressure,143,271.33,13.2242
pressure,143,273.09,13.2062
pressure,143,274.84,13.1881
pressure,143,276.59,13.1881
pressure,143,278.34,13.1881
pressure,143,280.09,13.1881
pressure,143,281.84,13.1521
pressure,143,283.59,13.1521
pressure,143,285.34,13.1521
pressure,143,287.09,13.1521
pressure,143,288.84,13.1160
pressure,143,290.59,13.1160
pressure,143,292.34,13.1160
pressure,143,294.09,13.1160
pressure,143,295.84,13.0799
pressure,143,297.59,13.0799
pressure,143,299.34,13.0799
pressure,143,301.09,13.0799
pressure,143,302.84,13.0438
pressure,143,304.60,13.0438
pressure,143,306.35,13.0438
pressure,143,308.10,13.0438
pressure,143,309.85,13.0077
pressure,143,311.60,13.0077
pressure,143,313.35,13.0077
pressure,143,315.10,13.0077
pressure,143,316.85,12.9897
pressure,143,318.60,12.9716
pressure,143,320.35,12.9716
pressure,143,322.10,12.9716
pressure,143,323.85,12.9716
pressure,143,325.60,12.9356
pressure,143,327.35,12.9356
pressure,143,329.10,12.9356
pressure,143,330.85,12.8995
pressure,143,332.60,12.8814
pressure,143,334.35,12.8634
pressure,143,336.11,12.8454
pressure,143,337.86,12.8093
pressure,143,339.61,12.7732
pressure,143,341.36,12.7552
pressure,143,343.11,12.7191
pressure,143,344.86,12.7010
pressure,143,346.61,12.6469
pressure,143,348.36,12.6108
pressure,143,350.11,12.5747
pressure,143,351.86,12.5387
pressure,143,353.61,12.5026
pressure,143,355.36,12.4665
pressure,143,357.11,12.4304
pressure,143,358.86,12.3943
pressure,143,360.61,12.3582
pressure,143,362.36,12.3041
pressure,143,364.11,12.2500
pressure,143,365.86,12.2139
pressure,143,367.61,12.1778
pressure,143,369.37,12.1418
pressure,143,371.12,12.0876
pressure,143,372.87,12.0335
pressure,143,374.62,11.9974
pressure,143,376.37,11.9613
pressure,143,378.12,11.8892
pressure,143,379.87,11.8531
pressure,143,381.62,11.7990
pressure,143,383.37,11.7448
pressure,143,385.12,11.7088
pressure,143,386.87,11.6546
pressure,143,388.62,11.6005
pressure,143,390.37,11.5464
pressure,143,392.12,11.5103
pressure,143,393.87,11.4381
pressure,143,395.62,11.4021
pressure,143,397.37,11.3299
pressure,143,399.12,11.2577
pressure,143,400.88,11.2216
pressure,143,402.63,11.1495
pressure,143,404.38,11.0773
pressure,143,406.13,10.9691
pressure,143,407.88,10.8247
pressure,143,409.63,10.6082
pressure,143,411.38,10.2835
pressure,143,413.13,9.9407
pressure,143,414.88,9.5077
pressure,143,416.63,9.0387
pressure,143,418.38,8.5515
pressure,143,420.13,8.0284
pressure,143,421.88,7.5593
pressure,143,423.63,7.1263
pressure,143,425.38,6.6933
pressure,143,427.13,6.2784
pressure,143,428.88,5.9175
pressure,143,430.63,5.5567
pressure,143,432.39,5.2320
pressure,143,434.14,4.9072
pressure,143,435.89,4.6186
pressure,143,437.64,4.3479
pressure,143,439.39,4.0773
pressure,143,441.14,3.8428
pressure,143,442.89,3.6082
pressure,143,444.64,3.3918
pressure,143,446.39,3.1933
pressure,143,448.14,2.9948
pressure,143,449.89,2.8144
pressure,143,451.64,2.6340
pressure,143,453.39,2.4897
pressure,143,455.14,2.3454
pressure,143,456.89,2.1830
pressure,143,458.64,2.0567
pressure,143,460.39,1.9304
pressure,143,462.14,1.8222
pressure,143,463.89,1.6959
pressure,143,465.65,1.6057
pressure,143,467.40,1.4974
pressure,143,469.15,1.4072
pressure,143,470.90,1.3351
pressure,143,472.65,1.2448
pressure,143,474.40,1.1727
pressure,143,476.15,1.1005
pressure,143,477.90,1.0284
pressure,143,479.65,0.9742
pressure,143,481.40,0.9021
pressure,143,483.15,0.8479
pressure,143,484.90,0.8119
pressure,143,486.65,0.7397
pressure,143,488.40,0.7036
pressure,143,490.15,0.6495
pressure,143,491.90,0.6134
pressure,143,493.65,0.5773
pressure,143,495.40,0.5593
pressure,143,497.16,0.5593
pressure,143,498.91,0.5412
pressure,143,500.66,0.5412
pressure,143,502.41,0.5232
pressure,143,504.16,0.5232
pressure,143,505.91,0.5232
pressure,143,507.66,0.5232
pressure,143,509.41,0.5232
pressure,143,511.16,0.5052
pressure,143,512.91,0.5052
pressure,143,514.66,0.5052
pressure,143,516.41,0.5052
pressure,143,518.16,0.4871
pressure,143,519.91,0.4871
pressure,143,521.66,0.4871
pressure,143,523.41,0.4871
pressure,143,525.16,0.4871
pressure,143,526.91,0.4871
pressure,143,528.67,0.4871
pressure,143,530.42,0.4691
pressure,143,532.17,0.4691
pressure,143,533.92,0.4691
pressure,143,535.67,0.4691
pressure,143,537.42,0.4691
pressure,143,539.17,0.4691
pressure,143,540.92,0.4871
pressure,143,542.67,0.4871
pressure,143,544.42,0.4871
pressure,143,546.17,0.4871
pressure,143,547.92,0.4871
pressure,143,549.67,0.4871
pressure,143,551.42,0.4871
pressure,143,553.17,0.4871
pressure,143,554.92,0.4871
pressure,143,556.67,0.4871
pressure,143,558.42,0.4871
pressure,143,560.18,0.5052
pressure,143,561.93,0.5052
pressure,143,563.68,0.5052
pressure,143,565.43,0.5052
pressure,143,567.18,0.5052
pressure,143,568.93,0.5052
pressure,143,570.68,0.5232
pressure,143,572.43,0.5232
pressure,143,574.18,0.5232
pressure,143,575.93,0.5232
pressure,143,577.68,0.5232
pressure,143,579.43,0.5232
pressure,143,581.18,0.5232
pressure,143,582.93,0.5232
pressure,143,584.68,0.5232
pressure,143,586.43,0.5232
pressure,143,588.18,0.5412
pressure,143,589.93,0.5412
pressure,143,591.68,0.5412
pressure,143,593.44,0.5412
pressure,143,595.19,0.5412
pressure,143,596.94,0.5412
pressure,143,598.69,0.5412
pressure,143,600.44,0.5412
pressure,143,602.19,0.5412
pressure,143,603.94,0.5412
pressure,143,605.69,0.5412
pressure,143,607.44,0.5412
pressure,143,609.19,0.5412
pressure,143,610.94,0.5412
pressure,143,612.69,0.5412
pressure,143,614.44,0.5412
pressure,143,616.19,0.5412
pressure,143,617.94,0.5412
pressure,143,619.69,0.5412
pressure,143,621.44,0.5412
pressure,143,623.19,0.5412
pressure,143,624.95,0.5412
pressure,143,626.70,0.5412
pressure,143,628.45,0.5412
pressure,143,630.20,0.5412
pressure,143,631.95,0.5412
pressure,143,633.70,0.5412
pressure,143,635.45,0.5593
pressure,143,637.20,0.5593
pressure,143,638.95,0.5593
pressure,143,640.70,0.5593
pressure,143,642.45,0.5593
pressure,143,644.20,0.5593
pressure,143,645.95,0.5593
pressure,143,647.70,0.5593
pressure,143,649.45,0.5593
pressure,143,651.20,0.5593
pressure,143,652.95,0.5593
pressure,143,654.70,0.5593
pressure,143,656.46,0.5593
pressure,143,658.21,0.5593
pressure,143,659.96,0.5593
pressure,143,661.71,0.5593
pressure,143,663.46,0.5593
pressure,143,665.21,0.5593
pressure,143,666.96,0.5593
pressure,143,668.71,0.5593
pressure,143,670.46,0.5593
pressure,143,672.21,0.5593
pressure,143,673.96,0.5593
pressure,143,675.71,0.5773
pressure,143,677.46,0.5773
pressure,143,679.21,0.5954
pressure,143,680.96,0.5954
pressure,143,682.71,0.5954
pressure,143,684.46,0.6134
pressure,143,686.21,0.6314
pressure,143,687.96,0.6314
pressure,143,689.72,0.6314
pressure,143,691.47,0.6495
pressure,143,693.22,0.6495
pressure,143,694.97,0.6675
pressure,143,696.72,0.6675
pressure,143,698.47,0.6856
pressure,143,700.22,0.7036
pressure,143,701.97,0.7036
pressure,143,703.72,0.7036
pressure,143,705.47,0.7216
pressure,143,707.22,0.7397
pressure,143,708.97,0.7397
pressure,143,710.72,0.7577
pressure,143,712.47,0.7577
pressure,143,714.22,0.7758
pressure,143,715.97,0.7758
pressure,143,717.72,0.7938
pressure,143,719.47,0.8119
pressure,143,721.23,0.8119
pressure,143,722.98,0.8119
pressure,143,724.73,0.8299
pressure,143,726.48,0.8479
pressure,143,728.23,0.8479
pressure,143,729.98,0.8660
pressure,143,731.73,0.8660
pressure,143,733.48,0.8840
pressure,143,735.23,0.8840
pressure,143,736.98,0.8840
pressure,143,738.73,0.8840
pressure,143,740.48,0.8840
pressure,143,742.23,0.8840
pressure,143,743.98,0.8840
pressure,143,745.73,0.8840
pressure,143,747.48,0.8840
pressure,143,749.23,0.8840
pressure,143,750.98,0.8840
pressure,143,752.74,0.8840
pressure,143,754.49,0.8840
pressure,143,756.24,0.8840
pressure,143,757.99,0.8840
pressure,143,759.74,0.8840
pressure,143,761.49,0.8840
pressure,143,763.24,0.8840
pressure,143,764.99,0.9021
pressure,143,766.74,0.9021
pressure,143,768.49,0.9021
pressure,143,770.24,0.9021
pressure,143,771.99,0.9021
pressure,143,773.74,0.9021
pressure,143,775.49,0.9021
pressure,143,777.24,0.9021
pressure,143,778.99,0.9021
pressure,143,780.74,0.9021
pressure,143,782.49,0.9021
pressure,143,784.25,0.9021
pressure,143,786.00,0.9021
pressure,143,787.75,0.9021
pressure,143,789.50,0.9021
pressure,143,791.25,0.9021
pressure,143,793.00,0.9021
pressure,143,794.75,0.9021
pressure,143,796.50,0.9021
pressure,143,798.25,0.9021
pressure,143,800.00,0.9021
volume,117,0.00,135.1289
volume,117,1.75,135.1289
volume,117,3.50,135.1289
volume,117,5.25,135.1289
volume,117,7.00,135.1289
volume,117,8.75,135.1289
volume,117,10.50,135.1289
volume,117,12.25,135.1289
volume,117,14.00,135.3093
volume,117,15.75,135.3093
volume,117,17.51,135.3093
volume,117,19.26,135.3093
volume,117,21.01,135.3093
volume,117,22.76,135.3093
volume,117,24.51,135.3093
volume,117,26.26,135.3093
volume,117,28.01,135.3093
volume,117,29.76,135.3093
volume,117,31.51,135.3093
volume,117,33.26,135.3093
volume,117,35.01,135.3093
volume,117,36.76,135.3093
volume,117,38.51,135.3093
volume,117,40.26,135.3093
volume,117,42.01,135.3093
volume,117,43.76,135.3093
volume,117,45.51,135.3093
volume,117,47.26,135.3093
volume,117,49.02,135.3093
volume,117,50.77,135.3093
volume,117,52.52,135.3093
volume,117,54.27,135.3093
volume,117,56.02,135.3093
volume,117,57.77,135.3093
volume,117,59.52,135.3093
volume,117,61.27,135.3093
volume,117,63.02,135.3093
volume,117,64.77,135.3093
volume,117,66.52,135.3093
volume,117,68.27,135.3093
volume,117,70.02,135.3093
volume,117,71.77,135.3093
volume,117,73.52,135.3093
volume,117,75.27,135.3093
volume,117,77.02,135.3093
volume,117,78.77,135.3093
volume,117,80.53,135.3093
volume,117,82.28,135.3093
volume,117,84.03,135.3093
volume,117,85.78,135.3093
volume,117,87.53,135.3093
volume,117,89.28,135.3093
volume,117,91.03,135.3093
volume,117,92.78,135.3093
volume,117,94.53,135.3093
volume,117,96.28,135.3093
volume,117,98.03,135.3093
volume,117,99.78,135.3093
volume,117,101.53,135.3093
volume,117,103.28,135.3093
volume,117,105.03,135.3093
volume,117,106.78,135.3093
volume,117,108.53,135.3093
volume,117,110.28,135.3093
volume,117,112.04,135.3093
volume,117,113.79,135.3093
volume,117,115.54,135.3093
volume,117,117.29,135.3093
volume,117,119.04,135.3093
volume,117,120.79,135.3093
volume,117,122.54,135.3093
volume,117,124.29,135.3093
volume,117,126.04,135.3093
volume,117,127.79,135.3093
volume,117,129.54,135.3093
volume,117,131.29,135.3093
volume,117,133.04,135.3093
volume,117,134.79,135.3093
volume,117,136.54,135.3093
volume,117,138.29,135.3093
volume,117,140.04,135.3093
volume,117,141.79,135.3093
volume,117,143.54,135.3093
volume,117,145.30,135.3093
volume,117,147.05,135.3093
volume,117,148.80,135.1289
volume,117,150.55,135.1289
volume,117,152.30,135.1289
volume,117,154.05,135.1289
volume,117,155.80,135.1289
volume,117,157.55,135.1289
volume,117,159.30,135.1289
volume,117,161.05,135.1289
volume,117,162.80,135.1289
volume,117,164.55,136.0309
volume,117,166.30,136.0309
volume,117,168.05,136.0309
volume,117,169.80,135.6701
volume,117,171.55,135.6701
volume,117,173.30,135.3093
volume,117,175.05,135.3093
volume,117,176.81,134.9485
volume,117,178.56,134.5876
volume,117,180.31,134.2268
volume,117,182.06,133.8660
volume,117,183.81,133.5052
volume,117,185.56,133.1443
volume,117,187.31,132.6031
volume,117,189.06,132.2423
volume,117,190.81,131.8814
volume,117,192.56,131.1598
volume,117,194.31,130.7990
volume,117,196.06,130.0773
volume,117,197.81,129.7165
volume,117,199.56,128.9948
volume,117,201.31,128.4536
volume,117,203.06,127.9124
volume,117,204.81,127.3711
volume,117,206.56,126.6495
volume,117,208.32,126.1082
volume,117,210.07,125.5670
volume,117,211.82,124.8454
volume,117,213.57,124.3041
volume,117,215.32,123.5825
volume,117,217.07,123.0412
volume,117,218.82,122.5000
volume,117,220.57,121.7784
volume,117,222.32,121.2371
volume,117,224.07,120.6959
volume,117,225.82,119.9742
volume,117,227.57,119.6134
volume,117,229.32,118.8918
volume,117,231.07,118.1701
volume,117,232.82,117.6289
volume,117,234.57,117.0876
volume,117,236.32,116.5464
volume,117,238.07,115.8247
volume,117,239.82,115.2835
volume,117,241.58,114.7423
volume,117,243.33,114.0206
volume,117,245.08,113.6598
volume,117,246.83,112.9381
volume,117,248.58,112.5773
volume,117,250.33,111.8557
volume,117,252.08,111.3144
volume,117,253.83,110.7732
volume,117,255.58,110.2320
volume,117,257.33,109.6907
volume,117,259.08,109.1495
volume,117,260.83,108.4278
volume,117,262.58,108.0670
volume,117,264.33,107.3454
volume,117,266.08,106.9845
volume,117,267.83,106.2629
volume,117,269.58,105.9021
volume,117,271.33,105.1804
volume,117,273.09,104.8196
volume,117,274.84,104.2784
volume,117,276.59,103.7371
volume,117,278.34,103.3763
volume,117,280.09,102.6546
volume,117,281.84,102.2938
volume,117,283.59,101.7526
volume,117,285.34,101.2113
volume,117,287.09,100.8505
volume,117,288.84,100.3093
volume,117,290.59,99.7680
volume,117,292.34,99.4072
volume,117,294.09,98.8660
volume,117,295.84,98.3247
volume,117,297.59,97.9639
volume,117,299.34,97.6031
volume,117,301.09,96.8814
volume,117,302.84,96.5206
volume,117,304.60,96.1598
volume,117,306.35,95.7990
volume,117,308.10,95.0773
volume,117,309.85,94.7165
volume,117,311.60,94.3557
volume,117,313.35,93.9948
volume,117,315.10,93.2732
volume,117,316.85,92.9124
volume,117,318.60,92.5515
volume,117,320.35,92.1907
volume,117,322.10,91.8299
volume,117,323.85,91.2887
volume,117,325.60,90.7474
volume,117,327.35,90.3866
volume,117,329.10,90.0258
volume,117,330.85,89.6649
volume,117,332.60,89.3041
volume,117,334.35,88.9433
volume,117,336.11,88.4021
volume,117,337.86,88.0412
volume,117,339.61,87.6804
volume,117,341.36,87.3196
volume,117,343.11,86.9588
volume,117,344.86,86.5979
volume,117,346.61,86.2371
volume,117,348.36,85.8763
volume,117,350.11,85.5155
volume,117,351.86,85.1546
volume,117,353.61,84.7938
volume,117,355.36,84.4330
volume,117,357.11,84.0722
volume,117,358.86,83.7113
volume,117,360.61,83.3505
volume,117,362.36,82.9897
volume,117,364.11,82.6289
volume,117,365.86,82.6289
volume,117,367.61,82.2680
volume,117,369.37,81.9072
volume,117,371.12,81.5464
volume,117,372.87,81.3660
volume,117,374.62,81.0052
volume,117,376.37,80.8247
volume,117,378.12,80.4639
volume,117,379.87,80.2835
volume,117,381.62,80.1031
volume,117,383.37,79.7423
volume,117,385.12,79.5619
volume,117,386.87,79.3814
volume,117,388.62,79.0206
volume,117,390.37,78.8402
volume,117,392.12,78.6598
volume,117,393.87,78.4794
volume,117,395.62,78.2990
volume,117,397.37,78.1186
volume,117,399.12,77.9381
volume,117,400.88,77.7577
volume,117,402.63,77.5773
volume,117,404.38,77.3969
volume,117,406.13,77.3969
volume,117,407.88,77.0361
volume,117,409.63,77.0361
volume,117,411.38,77.0361
volume,117,413.13,77.0361
volume,117,414.88,77.0361
volume,117,416.63,77.0361
volume,117,418.38,77.0361
volume,117,420.13,77.0361
volume,117,421.88,77.0361
volume,117,423.63,77.0361
volume,117,425.38,77.0361
volume,117,427.13,77.0361
volume,117,428.88,77.0361
volume,117,430.63,77.0361
volume,117,432.39,77.0361
volume,117,434.14,77.0361
volume,117,435.89,77.0361
volume,117,437.64,77.0361
volume,117,439.39,77.0361
volume,117,441.14,77.0361
volume,117,442.89,77.0361
volume,117,444.64,77.0361
volume,117,446.39,77.0361
volume,117,448.14,77.0361
volume,117,449.89,77.0361
volume,117,451.64,77.0361
volume,117,453.39,77.0361
volume,117,455.14,77.0361
volume,117,456.89,77.0361
volume,117,458.64,77.0361
volume,117,460.39,77.0361
volume,117,462.14,77.0361
volume,117,463.89,77.0361
volume,117,465.65,77.0361
volume,117,467.40,77.0361
volume,117,469.15,77.0361
volume,117,470.90,77.0361
volume,117,472.65,77.0361
volume,117,474.40,77.0361
volume,117,476.15,77.0361
volume,117,477.90,77.0361
volume,117,479.65,77.0361
volume,117,481.40,77.0361
volume,117,483.15,77.0361
volume,117,484.90,77.0361
volume,117,486.65,77.0361
volume,117,488.40,77.0361
volume,117,490.15,77.0361
volume,117,491.90,77.0361
volume,117,493.65,77.0361
volume,117,495.40,77.0361
volume,117,497.16,77.2165
volume,117,498.91,77.5773
volume,117,500.66,77.7577
volume,117,502.41,78.2990
volume,117,504.16,78.6598
volume,117,505.91,79.3814
volume,117,507.66,80.1031
volume,117,509.41,80.8247
volume,117,511.16,81.5464
volume,117,512.91,82.4485
volume,117,514.66,83.5309
volume,117,516.41,84.6134
volume,117,518.16,85.6959
volume,117,519.91,86.7784
volume,117,521.66,88.0412
volume,117,523.41,89.1237
volume,117,525.16,90.3866
volume,117,526.91,91.6495
volume,117,528.67,92.7320
volume,117,530.42,93.8144
volume,117,532.17,95.0773
volume,117,533.92,96.3402
volume,117,535.67,97.4227
volume,117,537.42,98.6856
volume,117,539.17,99.7680
volume,117,540.92,100.8505
volume,117,542.67,101.9330
volume,117,544.42,103.0155
volume,117,546.17,103.9175
volume,117,547.92,105.0000
volume,117,549.67,105.9021
volume,117,551.42,106.8041
volume,117,553.17,107.7062
volume,117,554.92,108.4278
volume,117,556.67,109.3299
volume,117,558.42,110.0515
volume,117,560.18,110.7732
volume,117,561.93,111.4948
volume,117,563.68,112.2165
volume,117,565.43,112.7577
volume,117,567.18,113.2990
volume,117,568.93,113.8402
volume,117,570.68,114.3814
volume,117,572.43,114.9227
volume,117,574.18,115.2835
volume,117,575.93,115.8247
volume,117,577.68,116.1856
volume,117,579.43,116.5464
volume,117,581.18,116.9072
volume,117,582.93,117.2680
volume,117,584.68,117.6289
volume,117,586.43,117.8093
volume,117,588.18,118.1701
volume,117,589.93,118.5309
volume,117,591.68,118.8918
volume,117,593.44,119.0722
volume,117,595.19,119.2526
volume,117,596.94,119.4330
volume,117,598.69,119.7938
volume,117,600.44,119.7938
volume,117,602.19,120.1546
volume,117,603.94,120.1546
volume,117,605.69,120.5155
volume,117,607.44,120.5155
volume,117,609.19,120.8763
volume,117,610.94,120.8763
volume,117,612.69,121.0567
volume,117,614.44,121.2371
volume,117,616.19,121.2371
volume,117,617.94,121.4175
volume,117,619.69,121.5979
volume,117,621.44,121.5979
volume,117,623.19,121.7784
volume,117,624.95,121.7784
volume,117,626.70,121.9588
volume,117,628.45,122.1392
volume,117,630.20,122.1392
volume,117,631.95,122.1392
volume,117,633.70,122.1392
volume,117,635.45,122.5000
volume,117,637.20,122.5000
volume,117,638.95,122.5000
volume,117,640.70,122.5000
volume,117,642.45,122.5000
volume,117,644.20,122.8608
volume,117,645.95,122.8608
volume,117,647.70,122.8608
volume,117,649.45,122.8608
volume,117,651.20,122.8608
volume,117,652.95,122.8608
volume,117,654.70,123.0412
volume,117,656.46,123.2216
volume,117,658.21,123.2216
volume,117,659.96,123.2216
volume,117,661.71,123.2216
volume,117,663.46,123.2216
volume,117,665.21,123.2216
volume,117,666.96,123.2216
volume,117,668.71,123.4021
volume,117,670.46,123.4021
volume,117,672.21,123.4021
volume,117,673.96,123.4021
volume,117,675.71,123.5825
volume,117,677.46,123.7629
volume,117,679.21,123.9433
volume,117,680.96,124.1237
volume,117,682.71,124.3041
volume,117,684.46,124.6649
volume,117,686.21,124.8454
volume,117,687.96,125.2062
volume,117,689.72,125.3866
volume,117,691.47,125.7474
volume,117,693.22,126.1082
volume,117,694.97,126.4691
volume,117,696.72,126.8299
volume,117,698.47,127.1907
volume,117,700.22,127.3711
volume,117,701.97,127.9124
volume,117,703.72,128.2732
volume,117,705.47,128.6340
volume,117,707.22,128.9948
volume,117,708.97,129.3557
volume,117,710.72,129.7165
volume,117,712.47,130.0773
volume,117,714.22,130.4381
volume,117,715.97,130.7990
volume,117,717.72,130.9794
volume,117,719.47,131.3402
volume,117,721.23,131.7010
volume,117,722.98,132.0619
volume,117,724.73,132.4227
volume,117,726.48,132.7835
volume,117,728.23,133.1443
volume,117,729.98,133.5052
volume,117,731.73,133.8660
volume,117,733.48,134.2268
volume,117,735.23,134.2268
volume,117,736.98,134.5876
volume,117,738.73,134.9485
volume,117,740.48,134.9485
volume,117,742.23,134.9485
volume,117,743.98,135.3093
volume,117,745.73,135.3093
volume,117,747.48,135.3093
volume,117,749.23,135.6701
volume,117,750.98,135.6701
volume,117,752.74,135.6701
volume,117,754.49,135.6701
volume,117,756.24,135.6701
volume,117,757.99,134.7680
volume,117,759.74,134.7680
volume,117,761.49,134.7680
volume,117,763.24,134.7680
volume,117,764.99,134.7680
volume,117,766.74,134.9485
volume,117,768.49,134.9485
volume,117,770.24,134.9485
volume,117,771.99,134.9485
volume,117,773.74,134.9485
volume,117,775.49,134.9485
volume,117,777.24,135.1289
volume,117,778.99,135.1289
volume,117,780.74,135.1289
volume,117,782.49,135.1289
volume,117,784.25,135.1289
volume,117,786.00,135.1289
volume,117,787.75,135.1289
volume,117,789.50,135.1289
volume,117,791.25,135.1289
volume,117,793.00,135.1289
volume,117,794.75,135.1289
volume,117,796.50,135.1289
volume,117,798.25,135.1289
volume,117,800.00,135.1289
volume,130,0.00,135.1289
volume,130,1.75,135.1289
volume,130,3.50,135.1289
volume,130,5.25,135.1289
volume,130,7.00,135.1289
volume,130,8.75,135.1289
volume,130,10.50,135.1289
volume,130,12.25,135.1289
volume,130,14.00,135.3093
volume,130,15.75,135.3093
volume,130,17.51,135.3093
volume,130,19.26,135.3093
volume,130,21.01,135.3093
volume,130,22.76,135.3093
volume,130,24.51,135.3093
volume,130,26.26,135.3093
volume,130,28.01,135.3093
volume,130,29.76,135.3093
volume,130,31.51,135.3093
volume,130,33.26,135.3093
volume,130,35.01,135.3093
volume,130,36.76,135.3093
volume,130,38.51,135.3093
volume,130,40.26,135.3093
volume,130,42.01,135.3093
volume,130,43.76,135.3093
volume,130,45.51,135.3093
volume,130,47.26,135.3093
volume,130,49.02,135.3093
volume,130,50.77,135.3093
volume,130,52.52,135.3093
volume,130,54.27,135.3093
volume,130,56.02,135.3093
volume,130,57.77,135.3093
volume,130,59.52,135.3093
volume,130,61.27,135.3093
volume,130,63.02,135.3093
volume,130,64.77,135.3093
volume,130,66.52,135.3093
volume,130,68.27,135.3093
volume,130,70.02,135.3093
volume,130,71.77,135.3093
volume,130,73.52,135.3093
volume,130,75.27,135.3093
volume,130,77.02,135.3093
volume,130,78.77,135.3093
volume,130,80.53,135.3093
volume,130,82.28,135.3093
volume,130,84.03,135.3093
volume,130,85.78,135.3093
volume,130,87.53,135.3093
volume,130,89.28,135.3093
volume,130,91.03,135.3093
volume,130,92.78,135.3093
volume,130,94.53,135.3093
volume,130,96.28,135.3093
volume,130,98.03,135.3093
volume,130,99.78,135.3093
volume,130,101.53,135.3093
volume,130,103.28,135.3093
volume,130,105.03,135.3093
volume,130,106.78,135.3093
volume,130,108.53,135.3093
volume,130,110.28,135.3093
volume,130,112.04,135.3093
volume,130,113.79,135.3093
volume,130,115.54,135.3093
volume,130,117.29,135.3093
volume,130,119.04,135.3093
volume,130,120.79,135.3093
volume,130,122.54,135.3093
volume,130,124.29,135.3093
volume,130,126.04,135.3093
volume,130,127.79,135.3093
volume,130,129.54,135.3093
volume,130,131.29,135.3093
volume,130,133.04,135.3093
volume,130,134.79,135.3093
volume,130,136.54,135.3093
volume,130,138.29,135.3093
volume,130,140.04,135.3093
volume,130,141.79,135.3093
volume,130,143.54,135.3093
volume,130,145.30,135.3093
volume,130,147.05,135.3093
volume,130,148.80,135.1289
volume,130,150.55,135.1289
volume,130,152.30,135.1289
volume,130,154.05,135.1289
volume,130,155.80,135.1289
volume,130,157.55,135.1289
volume,130,159.30,135.1289
volume,130,161.05,135.1289
volume,130,162.80,135.1289
volume,130,164.55,135.1289
volume,130,166.30,135.1289
volume,130,168.05,134.7680
volume,130,169.80,134.7680
volume,130,171.55,134.4072
volume,130,173.30,134.2268
volume,130,175.05,133.8660
volume,130,176.81,133.5052
volume,130,178.56,132.9639
volume,130,180.31,132.6031
volume,130,182.06,132.2423
volume,130,183.81,131.5206
volume,130,185.56,131.1598
volume,130,187.31,130.6186
volume,130,189.06,130.0773
volume,130,190.81,129.5361
volume,130,192.56,128.8144
volume,130,194.31,128.4536
volume,130,196.06,127.7320
volume,130,197.81,127.0103
volume,130,199.56,126.2887
volume,130,201.31,126.2887
volume,130,203.06,125.7474
volume,130,204.81,125.7474
volume,130,206.56,125.2062
volume,130,208.32,125.0258
volume,130,210.07,124.3041
volume,130,211.82,123.9433
volume,130,213.57,123.2216
volume,130,215.32,122.5000
volume,130,217.07,121.7784
volume,130,218.82,121.2371
volume,130,220.57,120.5155
volume,130,222.32,119.9742
volume,130,224.07,119.2526
volume,130,225.82,118.7113
volume,130,227.57,117.9897
volume,130,229.32,117.4485
volume,130,231.07,116.9072
volume,130,232.82,116.1856
volume,130,234.57,115.4639
volume,130,236.32,114.9227
volume,130,238.07,114.3814
volume,130,239.82,113.6598
volume,130,241.58,113.1186
volume,130,243.33,112.3969
volume,130,245.08,111.8557
volume,130,246.83,111.3144
volume,130,248.58,110.5928
volume,130,250.33,110.0515
volume,130,252.08,109.5103
volume,130,253.83,108.7887
volume,130,255.58,108.4278
volume,130,257.33,107.7062
volume,130,259.08,107.1649
volume,130,260.83,106.6237
volume,130,262.58,106.0825
volume,130,264.33,105.3608
volume,130,266.08,104.8196
volume,130,267.83,104.2784
volume,130,269.58,103.9175
volume,130,271.33,103.1959
volume,130,273.09,102.8351
volume,130,274.84,102.1134
volume,130,276.59,101.7526
volume,130,278.34,101.0309
volume,130,280.09,100.6701
volume,130,281.84,100.1289
volume,130,283.59,99.5876
volume,130,285.34,99.0464
volume,130,287.09,98.5052
volume,130,288.84,97.9639
volume,130,290.59,97.4227
volume,130,292.34,96.8814
volume,130,294.09,96.5206
volume,130,295.84,95.9794
volume,130,297.59,95.4381
volume,130,299.34,94.8969
volume,130,301.09,94.3557
volume,130,302.84,93.9948
volume,130,304.60,93.4536
volume,130,306.35,93.0928
volume,130,308.10,92.5515
volume,130,309.85,92.1907
volume,130,311.60,91.6495
volume,130,313.35,91.1082
volume,130,315.10,90.7474
volume,130,316.85,90.2062
volume,130,318.60,89.8454
volume,130,320.35,89.4845
volume,130,322.10,88.9433
volume,130,323.85,88.5825
volume,130,325.60,88.0412
volume,130,327.35,87.6804
volume,130,329.10,87.3196
volume,130,330.85,86.7784
volume,130,332.60,86.4175
volume,130,334.35,85.8763
volume,130,336.11,85.5155
volume,130,337.86,85.1546
volume,130,339.61,84.7938
volume,130,341.36,84.4330
volume,130,343.11,84.0722
volume,130,344.86,83.5309
volume,130,346.61,83.1701
volume,130,348.36,82.6289
volume,130,350.11,82.4485
volume,130,351.86,82.0876
volume,130,353.61,81.5464
volume,130,355.36,81.1856
volume,130,357.11,81.0052
volume,130,358.86,80.6443
volume,130,360.61,80.2835
volume,130,362.36,80.1031
volume,130,364.11,79.7423
volume,130,365.86,79.3814
volume,130,367.61,79.0206
volume,130,369.37,78.8402
volume,130,371.12,78.4794
volume,130,372.87,78.1186
volume,130,374.62,77.9381
volume,130,376.37,77.7577
volume,130,378.12,77.3969
volume,130,379.87,77.0361
volume,130,381.62,76.8557
volume,130,383.37,76.6753
volume,130,385.12,76.3144
volume,130,386.87,76.3144
volume,130,388.62,75.9536
volume,130,390.37,75.5928
volume,130,392.12,75.5928
volume,130,393.87,75.2320
volume,130,395.62,75.2320
volume,130,397.37,74.8711
volume,130,399.12,74.8711
volume,130,400.88,74.5103
volume,130,402.63,74.5103
volume,130,404.38,74.1495
volume,130,406.13,74.1495
volume,130,407.88,73.9691
volume,130,409.63,73.9691
volume,130,411.38,73.9691
volume,130,413.13,73.9691
volume,130,414.88,73.9691
volume,130,416.63,73.9691
volume,130,418.38,73.9691
volume,130,420.13,73.9691
volume,130,421.88,73.7887
volume,130,423.63,73.7887
volume,130,425.38,73.7887
volume,130,427.13,73.7887
volume,130,428.88,73.7887
volume,130,430.63,73.7887
volume,130,432.39,73.7887
volume,130,434.14,73.7887
volume,130,435.89,73.7887
volume,130,437.64,73.7887
volume,130,439.39,73.7887
volume,130,441.14,73.7887
volume,130,442.89,73.7887
volume,130,444.64,73.7887
volume,130,446.39,73.7887
volume,130,448.14,73.7887
volume,130,449.89,73.7887
volume,130,451.64,73.7887
volume,130,453.39,73.7887
volume,130,455.14,73.7887
volume,130,456.89,73.7887
volume,130,458.64,73.7887
volume,130,460.39,73.7887
volume,130,462.14,73.7887
volume,130,463.89,73.7887
volume,130,465.65,73.7887
volume,130,467.40,73.7887
volume,130,469.15,73.7887
volume,130,470.90,73.7887
volume,130,472.65,73.7887
volume,130,474.40,73.7887
volume,130,476.15,73.7887
volume,130,477.90,73.7887
volume,130,479.65,73.7887
volume,130,481.40,73.7887
volume,130,483.15,73.7887
volume,130,484.90,73.7887
volume,130,486.65,73.7887
volume,130,488.40,73.7887
volume,130,490.15,73.7887
volume,130,491.90,73.7887
volume,130,493.65,73.7887
volume,130,495.40,73.7887
volume,130,497.16,73.9691
volume,130,498.91,74.1495
volume,130,500.66,74.5103
volume,130,502.41,74.8711
volume,130,504.16,75.4124
volume,130,505.91,75.9536
volume,130,507.66,76.4948
volume,130,509.41,77.3969
volume,130,511.16,78.1186
volume,130,512.91,79.0206
volume,130,514.66,79.9227
volume,130,516.41,81.0052
volume,130,518.16,82.0876
volume,130,519.91,82.9897
volume,130,521.66,84.2526
volume,130,523.41,85.3351
volume,130,525.16,86.5979
volume,130,526.91,87.8608
volume,130,528.67,88.9433
volume,130,530.42,90.0258
volume,130,532.17,91.4691
volume,130,533.92,92.5515
volume,130,535.67,93.6340
volume,130,537.42,95.0773
volume,130,539.17,96.1598
volume,130,540.92,97.4227
volume,130,542.67,98.5052
volume,130,544.42,99.5876
volume,130,546.17,100.6701
volume,130,547.92,101.7526
volume,130,549.67,102.8351
volume,130,551.42,103.9175
volume,130,553.17,104.6392
volume,130,554.92,105.7216
volume,130,556.67,106.4433
volume,130,558.42,107.3454
volume,130,560.18,108.0670
volume,130,561.93,108.9691
volume,130,563.68,109.6907
volume,130,565.43,110.4124
volume,130,567.18,111.1340
volume,130,568.93,111.6753
volume,130,570.68,112.2165
volume,130,572.43,112.9381
volume,130,574.18,113.2990
volume,130,575.93,113.8402
volume,130,577.68,114.3814
volume,130,579.43,114.9227
volume,130,581.18,115.2835
volume,130,582.93,115.6443
volume,130,584.68,116.0052
volume,130,586.43,116.5464
volume,130,588.18,116.7268
volume,130,589.93,117.0876
volume,130,591.68,117.4485
volume,130,593.44,117.6289
volume,130,595.19,117.9897
volume,130,596.94,118.3505
volume,130,598.69,118.5309
volume,130,600.44,118.7113
volume,130,602.19,118.8918
volume,130,603.94,119.2526
volume,130,605.69,119.4330
volume,130,607.44,119.6134
volume,130,609.19,119.6134
volume,130,610.94,119.9742
volume,130,612.69,119.9742
volume,130,614.44,120.3351
volume,130,616.19,120.3351
volume,130,617.94,120.5155
volume,130,619.69,120.6959
volume,130,621.44,120.6959
volume,130,623.19,121.0567
volume,130,624.95,121.0567
volume,130,626.70,121.0567
volume,130,628.45,121.2371
volume,130,630.20,121.4175
volume,130,631.95,121.4175
volume,130,633.70,121.5979
volume,130,635.45,121.5979
volume,130,637.20,121.5979
volume,130,638.95,121.7784
volume,130,640.70,121.9588
volume,130,642.45,121.9588
volume,130,644.20,121.9588
volume,130,645.95,121.9588
volume,130,647.70,122.1392
volume,130,649.45,122.3196
volume,130,651.20,122.3196
volume,130,652.95,122.3196
volume,130,654.70,122.3196
volume,130,656.46,122.3196
volume,130,658.21,122.5000
volume,130,659.96,122.6804
volume,130,661.71,122.6804
volume,130,663.46,122.6804
volume,130,665.21,122.6804
volume,130,666.96,122.6804
volume,130,668.71,122.6804
volume,130,670.46,123.4021
volume,130,672.21,123.4021
volume,130,673.96,123.4021
volume,130,675.71,123.5825
volume,130,677.46,123.7629
volume,130,679.21,123.9433
volume,130,680.96,124.1237
volume,130,682.71,124.3041
volume,130,684.46,124.6649
volume,130,686.21,124.8454
volume,130,687.96,125.2062
volume,130,689.72,125.3866
volume,130,691.47,125.7474
volume,130,693.22,126.1082
volume,130,694.97,126.4691
volume,130,696.72,126.8299
volume,130,698.47,127.1907
volume,130,700.22,127.3711
volume,130,701.97,127.9124
volume,130,703.72,128.2732
volume,130,705.47,128.6340
volume,130,707.22,128.9948
volume,130,708.97,129.3557
volume,130,710.72,129.7165
volume,130,712.47,130.0773
volume,130,714.22,130.4381
volume,130,715.97,130.7990
volume,130,717.72,130.9794
volume,130,719.47,131.3402
volume,130,721.23,131.7010
volume,130,722.98,132.0619
volume,130,724.73,132.4227
volume,130,726.48,132.7835
volume,130,728.23,133.1443
volume,130,729.98,133.5052
volume,130,731.73,133.8660
volume,130,733.48,134.2268
volume,130,735.23,134.2268
volume,130,736.98,134.5876
volume,130,738.73,134.9485
volume,130,740.48,134.9485
volume,130,742.23,134.9485
volume,130,743.98,135.3093
volume,130,745.73,135.3093
volume,130,747.48,135.3093
volume,130,749.23,135.6701
volume,130,750.98,135.6701
volume,130,752.74,135.6701
volume,130,754.49,135.6701
volume,130,756.24,135.6701
volume,130,757.99,134.7680
volume,130,759.74,134.7680
volume,130,761.49,134.7680
volume,130,763.24,134.7680
volume,130,764.99,134.7680
volume,130,766.74,134.9485
volume,130,768.49,134.9485
volume,130,770.24,134.9485
volume,130,771.99,134.9485
volume,130,773.74,134.9485
volume,130,775.49,134.9485
volume,130,777.24,135.1289
volume,130,778.99,135.1289
volume,130,780.74,135.1289
volume,130,782.49,135.1289
volume,130,784.25,135.1289
volume,130,786.00,135.1289
volume,130,787.75,135.1289
volume,130,789.50,135.1289
volume,130,791.25,135.1289
volume,130,793.00,135.1289
volume,130,794.75,135.1289
volume,130,796.50,135.1289
volume,130,798.25,135.1289
volume,130,800.00,135.1289
volume,143,0.00,135.1289
volume,143,1.75,135.1289
volume,143,3.50,135.1289
volume,143,5.25,135.1289
volume,143,7.00,135.1289
volume,143,8.75,135.1289
volume,143,10.50,135.1289
volume,143,12.25,135.1289
volume,143,14.00,135.3093
volume,143,15.75,135.3093
volume,143,17.51,135.3093
volume,143,19.26,135.3093
volume,143,21.01,135.3093
volume,143,22.76,135.3093
volume,143,24.51,135.3093
volume,143,26.26,135.3093
volume,143,28.01,135.3093
volume,143,29.76,135.3093
volume,143,31.51,135.3093
volume,143,33.26,135.3093
volume,143,35.01,135.3093
volume,143,36.76,135.3093
volume,143,38.51,135.3093
volume,143,40.26,135.3093
volume,143,42.01,135.3093
volume,143,43.76,135.3093
volume,143,45.51,135.3093
volume,143,47.26,135.3093
volume,143,49.02,135.3093
volume,143,50.77,135.3093
volume,143,52.52,135.3093
volume,143,54.27,135.3093
volume,143,56.02,135.3093
volume,143,57.77,135.3093
volume,143,59.52,135.3093
volume,143,61.27,135.3093
volume,143,63.02,135.3093
volume,143,64.77,135.3093
volume,143,66.52,135.3093
volume,143,68.27,135.3093
volume,143,70.02,135.3093
volume,143,71.77,135.3093
volume,143,73.52,135.3093
volume,143,75.27,135.3093
volume,143,77.02,135.3093
volume,143,78.77,135.3093
volume,143,80.53,135.3093
volume,143,82.28,135.3093
volume,143,84.03,135.3093
volume,143,85.78,135.3093
volume,143,87.53,135.3093
volume,143,89.28,135.3093
volume,143,91.03,135.3093
volume,143,92.78,135.3093
volume,143,94.53,135.3093
volume,143,96.28,135.3093
volume,143,98.03,135.3093
volume,143,99.78,135.3093
volume,143,101.53,135.3093
volume,143,103.28,135.3093
volume,143,105.03,135.3093
volume,143,106.78,135.3093
volume,143,108.53,135.3093
volume,143,110.28,135.3093
volume,143,112.04,135.3093
volume,143,113.79,135.3093
volume,143,115.54,135.3093
volume,143,117.29,135.3093
volume,143,119.04,135.3093
volume,143,120.79,135.3093
volume,143,122.54,135.3093
volume,143,124.29,135.3093
volume,143,126.04,135.3093
volume,143,127.79,135.3093
volume,143,129.54,135.3093
volume,143,131.29,135.3093
volume,143,133.04,135.3093
volume,143,134.79,135.3093
volume,143,136.54,135.3093
volume,143,138.29,135.3093
volume,143,140.04,135.3093
volume,143,141.79,135.3093
volume,143,143.54,135.3093
volume,143,145.30,135.3093
volume,143,147.05,135.3093
volume,143,148.80,135.1289
volume,143,150.55,135.1289
volume,143,152.30,135.1289
volume,143,154.05,135.1289
volume,143,155.80,135.1289
volume,143,157.55,135.1289
volume,143,159.30,135.1289
volume,143,161.05,135.1289
volume,143,162.80,135.1289
volume,143,164.55,135.1289
volume,143,166.30,135.1289
volume,143,168.05,134.7680
volume,143,169.80,134.7680
volume,143,171.55,134.4072
volume,143,173.30,134.2268
volume,143,175.05,133.8660
volume,143,176.81,133.5052
volume,143,178.56,132.9639
volume,143,180.31,132.6031
volume,143,182.06,132.2423
volume,143,183.81,131.5206
volume,143,185.56,131.1598
volume,143,187.31,130.6186
volume,143,189.06,130.0773
volume,143,190.81,129.5361
volume,143,192.56,128.8144
volume,143,194.31,128.4536
volume,143,196.06,127.7320
volume,143,197.81,127.0103
volume,143,199.56,126.2887
volume,143,201.31,125.7474
volume,143,203.06,125.2062
volume,143,204.81,124.4845
volume,143,206.56,123.7629
volume,143,208.32,123.2216
volume,143,210.07,122.5000
volume,143,211.82,121.9588
volume,143,213.57,121.2371
volume,143,215.32,120.5155
volume,143,217.07,119.7938
volume,143,218.82,119.2526
volume,143,220.57,118.5309
volume,143,222.32,117.9897
volume,143,224.07,117.2680
volume,143,225.82,116.5464
volume,143,227.57,116.0052
volume,143,229.32,115.4639
volume,143,231.07,114.7423
volume,143,232.82,114.0206
volume,143,234.57,113.2990
volume,143,236.32,112.9381
volume,143,238.07,112.2165
volume,143,239.82,111.4948
volume,143,241.58,110.7732
volume,143,243.33,110.4124
volume,143,245.08,109.6907
volume,143,246.83,108.9691
volume,143,248.58,108.6082
volume,143,250.33,107.8866
volume,143,252.08,107.1649
volume,143,253.83,106.8041
volume,143,255.58,106.0825
volume,143,257.33,105.3608
volume,143,259.08,105.0000
volume,143,260.83,104.2784
volume,143,262.58,103.9175
volume,143,264.33,103.1959
volume,143,266.08,102.6546
volume,143,267.83,102.1134
volume,143,269.58,101.5722
volume,143,271.33,101.0309
volume,143,273.09,100.4897
volume,143,274.84,99.9485
volume,143,276.59,99.4072
volume,143,278.34,98.8660
volume,143,280.09,98.3247
volume,143,281.84,97.7835
volume,143,283.59,97.2423
volume,143,285.34,96.7010
volume,143,287.09,96.1598
volume,143,288.84,95.6186
volume,143,290.59,95.0773
volume,143,292.34,94.7165
volume,143,294.09,94.1753
volume,143,295.84,93.6340
volume,143,297.59,93.0928
volume,143,299.34,92.5515
volume,143,301.09,92.1907
volume,143,302.84,91.6495
volume,143,304.60,91.1082
volume,143,306.35,90.7474
volume,143,308.10,90.2062
volume,143,309.85,89.6649
volume,143,311.60,89.3041
volume,143,313.35,88.7629
volume,143,315.10,88.2216
volume,143,316.85,87.8608
volume,143,318.60,87.3196
volume,143,320.35,86.7784
volume,143,322.10,86.4175
volume,143,323.85,86.0567
volume,143,325.60,85.5155
volume,143,327.35,84.9742
volume,143,329.10,84.6134
volume,143,330.85,84.2526
volume,143,332.60,83.8918
volume,143,334.35,83.3505
volume,143,336.11,82.8093
volume,143,337.86,82.4485
volume,143,339.61,82.0876
volume,143,341.36,81.7268
volume,143,343.11,81.3660
volume,143,344.86,80.8247
volume,143,346.61,80.4639
volume,143,348.36,80.1031
volume,143,350.11,79.7423
volume,143,351.86,79.3814
volume,143,353.61,79.0206
volume,143,355.36,78.6598
volume,143,357.11,78.2990
volume,143,358.86,77.9381
volume,143,360.61,77.5773
volume,143,362.36,77.2165
volume,143,364.11,76.8557
volume,143,365.86,76.4948
volume,143,367.61,76.1340
volume,143,369.37,76.1340
volume,143,371.12,75.7732
volume,143,372.87,75.4124
volume,143,374.62,75.0515
volume,143,376.37,74.8711
volume,143,378.12,74.6907
volume,143,379.87,74.3299
volume,143,381.62,73.9691
volume,143,383.37,73.7887
volume,143,385.12,73.6082
volume,143,386.87,73.4278
volume,143,388.62,73.0670
volume,143,390.37,72.8866
volume,143,392.12,72.7062
volume,143,393.87,72.5258
volume,143,395.62,72.3454
volume,143,397.37,71.9845
volume,143,399.12,71.9845
volume,143,400.88,71.6237
volume,143,402.63,71.6237
volume,143,404.38,71.4433
volume,143,406.13,71.2629
volume,143,407.88,71.2629
volume,143,409.63,70.9021
volume,143,411.38,70.9021
volume,143,413.13,70.9021
volume,143,414.88,70.9021
volume,143,416.63,70.9021
volume,143,418.38,70.9021
volume,143,420.13,70.9021
volume,143,421.88,70.9021
volume,143,423.63,70.9021
volume,143,425.38,70.9021
volume,143,427.13,70.9021
volume,143,428.88,70.9021
volume,143,430.63,70.9021
volume,143,432.39,70.9021
volume,143,434.14,70.9021
volume,143,435.89,70.9021
volume,143,437.64,70.9021
volume,143,439.39,70.9021
volume,143,441.14,70.9021
volume,143,442.89,70.9021
volume,143,444.64,70.9021
volume,143,446.39,70.9021
volume,143,448.14,70.9021
volume,143,449.89,70.9021
volume,143,451.64,70.9021
volume,143,453.39,70.9021
volume,143,455.14,70.9021
volume,143,456.89,70.9021
volume,143,458.64,70.9021
volume,143,460.39,70.9021
volume,143,462.14,70.9021
volume,143,463.89,70.9021
volume,143,465.65,70.9021
volume,143,467.40,70.9021
volume,143,469.15,70.9021
volume,143,470.90,70.9021
volume,143,472.65,70.9021
volume,143,474.40,70.9021
volume,143,476.15,70.9021
volume,143,477.90,70.9021
volume,143,479.65,70.9021
volume,143,481.40,70.9021
volume,143,483.15,70.9021
volume,143,484.90,70.9021
volume,143,486.65,70.9021
volume,143,488.40,70.9021
volume,143,490.15,70.9021
volume,143,491.90,70.9021
volume,143,493.65,70.9021
volume,143,495.40,70.9021
volume,143,497.16,70.9021
volume,143,498.91,71.2629
volume,143,500.66,71.4433
volume,143,502.41,71.9845
volume,143,504.16,72.3454
volume,143,505.91,72.8866
volume,143,507.66,73.4278
volume,143,509.41,74.1495
volume,143,511.16,74.8711
volume,143,512.91,75.5928
volume,143,514.66,76.3144
volume,143,516.41,77.3969
volume,143,518.16,78.2990
volume,143,519.91,79.3814
volume,143,521.66,80.1031
volume,143,523.41,81.3660
volume,143,525.16,82.4485
volume,143,526.91,83.5309
volume,143,528.67,84.7938
volume,143,530.42,86.0567
volume,143,532.17,87.3196
volume,143,533.92,88.4021
volume,143,535.67,89.6649
volume,143,537.42,90.9278
volume,143,539.17,92.0103
volume,143,540.92,93.2732
volume,143,542.67,94.3557
volume,143,544.42,95.4381
volume,143,546.17,96.8814
volume,143,547.92,97.9639
volume,143,549.67,99.0464
volume,143,551.42,99.9485
volume,143,553.17,101.0309
volume,143,554.92,102.1134
volume,143,556.67,103.1959
volume,143,558.42,104.0979
volume,143,560.18,105.0000
volume,143,561.93,105.9021
volume,143,563.68,106.8041
volume,143,565.43,107.5258
volume,143,567.18,108.2474
volume,143,568.93,109.1495
volume,143,570.68,109.8711
volume,143,572.43,110.4124
volume,143,574.18,111.1340
volume,143,575.93,111.6753
volume,143,577.68,112.2165
volume,143,579.43,112.7577
volume,143,581.18,113.2990
volume,143,582.93,113.8402
volume,143,584.68,114.2010
volume,143,586.43,114.7423
volume,143,588.18,115.1031
volume,143,589.93,115.4639
volume,143,591.68,115.8247
volume,143,593.44,116.1856
volume,143,595.19,116.5464
volume,143,596.94,116.7268
volume,143,598.69,117.0876
volume,143,600.44,117.4485
volume,143,602.19,117.4485
volume,143,603.94,117.8093
volume,143,605.69,118.1701
volume,143,607.44,118.1701
volume,143,609.19,118.5309
volume,143,610.94,118.5309
volume,143,612.69,118.8918
volume,143,614.44,118.8918
volume,143,616.19,119.2526
volume,143,617.94,119.2526
volume,143,619.69,119.6134
volume,143,621.44,119.6134
volume,143,623.19,119.7938
volume,143,624.95,119.9742
volume,143,626.70,119.9742
volume,143,628.45,120.1546
volume,143,630.20,120.3351
volume,143,631.95,120.3351
volume,143,633.70,120.3351
volume,143,635.45,120.5155
volume,143,637.20,120.6959
volume,143,638.95,120.6959
volume,143,640.70,120.6959
volume,143,642.45,120.8763
volume,143,644.20,121.0567
volume,143,645.95,121.0567
volume,143,647.70,121.0567
volume,143,649.45,121.2371
volume,143,651.20,121.2371
volume,143,652.95,121.4175
volume,143,654.70,121.4175
volume,143,656.46,121.4175
volume,143,658.21,121.4175
volume,143,659.96,121.5979
volume,143,661.71,121.5979
volume,143,663.46,121.7784
volume,143,665.21,121.7784
volume,143,666.96,121.7784
volume,143,668.71,121.7784
volume,143,670.46,121.7784
volume,143,672.21,121.9588
volume,143,673.96,122.1392
volume,143,675.71,122.1392
volume,143,677.46,122.1392
volume,143,679.21,122.5000
volume,143,680.96,122.5000
volume,143,682.71,122.8608
volume,143,684.46,122.8608
volume,143,686.21,123.2216
volume,143,687.96,123.5825
volume,143,689.72,123.7629
volume,143,691.47,124.1237
volume,143,693.22,124.4845
volume,143,694.97,124.8454
volume,143,696.72,125.2062
volume,143,698.47,125.5670
volume,143,700.22,125.7474
volume,143,701.97,125.9278
volume,143,703.72,126.4691
volume,143,705.47,126.6495
volume,143,707.22,127.1907
volume,143,708.97,127.5515
volume,143,710.72,127.9124
volume,143,712.47,128.2732
volume,143,714.22,128.6340
volume,143,715.97,129.1753
volume,143,717.72,129.3557
volume,143,719.47,129.8969
volume,143,721.23,130.2577
volume,143,722.98,130.6186
volume,143,724.73,130.9794
volume,143,726.48,131.3402
volume,143,728.23,131.7010
volume,143,729.98,132.0619
volume,143,731.73,132.4227
volume,143,733.48,132.6031
volume,143,735.23,132.9639
volume,143,736.98,133.1443
volume,143,738.73,133.3247
volume,143,740.48,133.6856
volume,143,742.23,133.6856
volume,143,743.98,134.0464
volume,143,745.73,134.0464
volume,143,747.48,134.2268
volume,143,749.23,134.4072
volume,143,750.98,134.4072
volume,143,752.74,134.4072
volume,143,754.49,134.5876
volume,143,756.24,134.5876
volume,143,757.99,134.7680
volume,143,759.74,134.7680
volume,143,761.49,134.7680
volume,143,763.24,134.7680
volume,143,764.99,134.7680
volume,143,766.74,134.9485
volume,143,768.49,134.9485
volume,143,770.24,134.9485
volume,143,771.99,134.9485
volume,143,773.74,134.9485
volume,143,775.49,134.9485
volume,143,777.24,135.1289
volume,143,778.99,135.1289
volume,143,780.74,135.1289
volume,143,782.49,135.1289
volume,143,784.25,135.1289
volume,143,786.00,135.1289
volume,143,787.75,135.1289
volume,143,789.50,135.1289
volume,143,791.25,135.1289
volume,143,793.00,135.1289
volume,143,794.75,135.1289
volume,143,796.50,135.1289
volume,143,798.25,135.1289
volume,143,800.00,135.1289
torsion,117,0.00,-1.8879
torsion,117,1.75,-1.8879
torsion,117,3.50,-1.8879
torsion,117,5.25,-1.8879
torsion,117,7.00,-1.9330
torsion,117,8.75,-1.9781
torsion,117,10.50,-1.9781
torsion,117,12.25,-1.9781
torsion,117,14.00,-2.0683
torsion,117,15.75,-2.0683
torsion,117,17.51,-2.0683
torsion,117,19.26,-2.1585
torsion,117,21.01,-2.1585
torsion,117,22.76,-2.1585
torsion,117,24.51,-2.2036
torsion,117,26.26,-2.2487
torsion,117,28.01,-2.2487
torsion,117,29.76,-2.2487
torsion,117,31.51,-2.2938
torsion,117,33.26,-2.3389
torsion,117,35.01,-2.3389
torsion,117,36.76,-2.3389
torsion,117,38.51,-2.3840
torsion,117,40.26,-2.3840
torsion,117,42.01,-2.4291
torsion,117,43.76,-2.4291
torsion,117,45.51,-2.4291
torsion,117,47.26,-2.4742
torsion,117,49.02,-2.5193
torsion,117,50.77,-2.5193
torsion,117,52.52,-2.5193
torsion,117,54.27,-2.5193
torsion,117,56.02,-2.5644
torsion,117,57.77,-2.5644
torsion,117,59.52,-2.6095
torsion,117,61.27,-2.6095
torsion,117,63.02,-2.6095
torsion,117,64.77,-2.6095
torsion,117,66.52,-2.6095
torsion,117,68.27,-2.6546
torsion,117,70.02,-2.6546
torsion,117,71.77,-2.6997
torsion,117,73.52,-2.6997
torsion,117,75.27,-2.6997
torsion,117,77.02,-2.6997
torsion,117,78.77,-2.7448
torsion,117,80.53,-2.7448
torsion,117,82.28,-2.7448
torsion,117,84.03,-2.7899
torsion,117,85.78,-2.7899
torsion,117,87.53,-2.7899
torsion,117,89.28,-2.7899
torsion,117,91.03,-2.7899
torsion,117,92.78,-2.7899
torsion,117,94.53,-2.8351
torsion,117,96.28,-2.8351
torsion,117,98.03,-2.8351
torsion,117,99.78,-2.8351
torsion,117,101.53,-2.8802
torsion,117,103.28,-2.8802
torsion,117,105.03,-2.8802
torsion,117,106.78,-2.8802
torsion,117,108.53,-2.8802
torsion,117,110.28,-2.8802
torsion,117,112.04,-2.8802
torsion,117,113.79,-2.8802
torsion,117,115.54,-2.8802
torsion,117,117.29,-2.8802
torsion,117,119.04,-2.7448
torsion,117,120.79,-2.6546
torsion,117,122.54,-2.5193
torsion,117,124.29,-2.2938
torsion,117,126.04,-2.0232
torsion,117,127.79,-1.7526
torsion,117,129.54,-1.3918
torsion,117,131.29,-1.0309
torsion,117,133.04,-0.5799
torsion,117,134.79,-0.0838
torsion,117,136.54,0.4124
torsion,117,138.29,0.9536
torsion,117,140.04,1.4948
torsion,117,141.79,2.2165
torsion,117,143.54,2.8028
torsion,117,145.30,3.4343
torsion,117,147.05,4.1108
torsion,117,148.80,4.7423
torsion,117,150.55,5.3737
torsion,117,152.30,6.0052
torsion,117,154.05,6.6366
torsion,117,155.80,7.2680
torsion,117,157.55,7.8995
torsion,117,159.30,8.4858
torsion,117,161.05,9.1173
torsion,117,162.80,9.1173
torsion,117,164.55,9.4781
torsion,117,166.30,9.7036
torsion,117,168.05,9.9291
torsion,117,169.80,9.9291
torsion,117,171.55,10.4704
torsion,117,173.30,10.8763
torsion,117,175.05,11.2822
torsion,117,176.81,11.6430
torsion,117,178.56,11.9588
torsion,117,180.31,12.2745
torsion,117,182.06,12.5000
torsion,117,183.81,12.7255
torsion,117,185.56,12.9510
torsion,117,187.31,13.1314
torsion,117,189.06,13.3570
torsion,117,190.81,13.5374
torsion,117,192.56,13.7629
torsion,117,194.31,13.9433
torsion,117,196.06,14.1237
torsion,117,197.81,14.3041
torsion,117,199.56,14.4845
torsion,117,201.31,14.6649
torsion,117,203.06,14.8003
torsion,117,204.81,14.9807
torsion,117,206.56,15.1611
torsion,117,208.32,15.3415
torsion,117,210.07,15.4317
torsion,117,211.82,15.6121
torsion,117,213.57,15.7925
torsion,117,215.32,15.9729
torsion,117,217.07,16.0631
torsion,117,218.82,16.2436
torsion,117,220.57,16.3338
torsion,117,222.32,16.5142
torsion,117,224.07,16.6044
torsion,117,225.82,16.7848
torsion,117,227.57,16.8750
torsion,117,229.32,17.0554
torsion,117,231.07,17.1456
torsion,117,232.82,17.2809
torsion,117,234.57,17.4162
torsion,117,236.32,17.5064
torsion,117,238.07,17.6418
torsion,117,239.82,17.7320
torsion,117,241.58,17.8673
torsion,117,243.33,17.9575
torsion,117,245.08,18.0477
torsion,117,246.83,18.1379
torsion,117,248.58,18.2281
torsion,117,250.33,18.3183
torsion,117,252.08,18.4085
torsion,117,253.83,18.4536
torsion,117,255.58,18.5438
torsion,117,257.33,18.6340
torsion,117,259.08,18.7242
torsion,117,260.83,18.8144
torsion,117,262.58,18.8595
torsion,117,264.33,18.9046
torsion,117,266.08,18.9948
torsion,117,267.83,19.0399
torsion,117,269.58,19.0851
torsion,117,271.33,19.1302
torsion,117,273.09,19.2204
torsion,117,274.84,19.2655
torsion,117,276.59,19.3106
torsion,117,278.34,19.3557
torsion,117,280.09,19.4008
torsion,117,281.84,19.4008
torsion,117,283.59,19.4910
torsion,117,285.34,19.4910
torsion,117,287.09,19.5361
torsion,117,288.84,19.5812
torsion,117,290.59,19.5812
torsion,117,292.34,19.5812
torsion,117,294.09,19.6714
torsion,117,295.84,19.6714
torsion,117,297.59,19.6714
torsion,117,299.34,19.6714
torsion,117,301.09,19.6714
torsion,117,302.84,19.6714
torsion,117,304.60,19.7165
torsion,117,306.35,19.7165
torsion,117,308.10,19.7165
torsion,117,309.85,19.7165
torsion,117,311.60,19.7165
torsion,117,313.35,19.7165
torsion,117,315.10,19.7165
torsion,117,316.85,19.7165
torsion,117,318.60,19.7165
torsion,117,320.35,19.7165
torsion,117,322.10,19.6714
torsion,117,323.85,19.6263
torsion,117,325.60,19.6263
torsion,117,327.35,19.6263
torsion,117,329.10,19.6263
torsion,117,330.85,19.5812
torsion,117,332.60,19.5812
torsion,117,334.35,19.5361
torsion,117,336.11,19.5361
torsion,117,337.86,19.5361
torsion,117,339.61,19.4910
torsion,117,341.36,19.4910
torsion,117,343.11,19.4910
torsion,117,344.86,19.4910
torsion,117,346.61,19.4459
torsion,117,348.36,19.4459
torsion,117,350.11,19.4008
torsion,117,351.86,19.4008
torsion,117,353.61,19.4008
torsion,117,355.36,19.4008
torsion,117,357.11,19.4008
torsion,117,358.86,19.4008
torsion,117,360.61,19.4008
torsion,117,362.36,19.4008
torsion,117,364.11,19.4008
torsion,117,365.86,19.3557
torsion,117,367.61,19.3557
torsion,117,369.37,19.3557
torsion,117,371.12,19.3557
torsion,117,372.87,19.3557
torsion,117,374.62,19.4008
torsion,117,376.37,19.4008
torsion,117,378.12,19.4008
torsion,117,379.87,19.4008
torsion,117,381.62,19.4008
torsion,117,383.37,19.4008
torsion,117,385.12,19.4459
torsion,117,386.87,19.4459
torsion,117,388.62,19.4459
torsion,117,390.37,19.4910
torsion,117,392.12,19.4910
torsion,117,393.87,19.5361
torsion,117,395.62,19.5361
torsion,117,397.37,19.5361
torsion,117,399.12,19.5812
torsion,117,400.88,19.6263
torsion,117,402.63,19.6263
torsion,117,404.38,19.6714
torsion,117,406.13,19.7165
torsion,117,407.88,19.7165
torsion,117,409.63,19.7616
torsion,117,411.38,19.8067
torsion,117,413.13,19.8067
torsion,117,414.88,19.8067
torsion,117,416.63,19.8067
torsion,117,418.38,19.7616
torsion,117,420.13,19.7165
torsion,117,421.88,19.7165
torsion,117,423.63,19.7165
torsion,117,425.38,19.6714
torsion,117,427.13,19.6263
torsion,117,428.88,19.6263
torsion,117,430.63,19.5812
torsion,117,432.39,19.5361
torsion,117,434.14,19.5361
torsion,117,435.89,19.4459
torsion,117,437.64,19.4459
torsion,117,439.39,19.4008
torsion,117,441.14,19.3557
torsion,117,442.89,19.3106
torsion,117,444.64,19.2655
torsion,117,446.39,19.2204
torsion,117,448.14,19.1753
torsion,117,449.89,19.1302
torsion,117,451.64,19.0851
torsion,117,453.39,19.0399
torsion,117,455.14,18.9948
torsion,117,456.89,18.9046
torsion,117,458.64,18.9046
torsion,117,460.39,18.8144
torsion,117,462.14,18.7693
torsion,117,463.89,18.7242
torsion,117,465.65,18.6340
torsion,117,467.40,18.5889
torsion,117,469.15,18.5438
torsion,117,470.90,18.4536
torsion,117,472.65,18.4085
torsion,117,474.40,18.3634
torsion,117,476.15,18.2732
torsion,117,477.90,18.2281
torsion,117,479.65,18.1379
torsion,117,481.40,18.0928
torsion,117,483.15,18.0026
torsion,117,484.90,17.9575
torsion,117,486.65,17.8673
torsion,117,488.40,17.7771
torsion,117,490.15,17.7320
torsion,117,491.90,17.6418
torsion,117,493.65,17.5515
torsion,117,495.40,17.5064
torsion,117,497.16,17.3711
torsion,117,498.91,17.3260
torsion,117,500.66,17.1907
torsion,117,502.41,17.1005
torsion,117,504.16,17.0103
torsion,117,505.91,16.9201
torsion,117,507.66,16.7397
torsion,117,509.41,16.6495
torsion,117,511.16,16.5142
torsion,117,512.91,16.3789
torsion,117,514.66,16.2436
torsion,117,516.41,16.1082
torsion,117,518.16,15.9729
torsion,117,519.91,15.7925
torsion,117,521.66,15.7023
torsion,117,523.41,15.5219
torsion,117,525.16,15.3415
torsion,117,526.91,15.2062
torsion,117,528.67,15.0258
torsion,117,530.42,14.8454
torsion,117,532.17,14.6649
torsion,117,533.92,14.5296
torsion,117,535.67,14.3492
torsion,117,537.42,14.1688
torsion,117,539.17,13.9884
torsion,117,540.92,13.8080
torsion,117,542.67,13.6276
torsion,117,544.42,13.4021
torsion,117,546.17,13.2216
torsion,117,547.92,13.0412
torsion,117,549.67,12.8157
torsion,117,551.42,12.6353
torsion,117,553.17,12.4098
torsion,117,554.92,12.2294
torsion,117,556.67,12.0039
torsion,117,558.42,11.8235
torsion,117,560.18,11.6430
torsion,117,561.93,11.3724
torsion,117,563.68,11.1920
torsion,117,565.43,10.9665
torsion,117,567.18,10.7861
torsion,117,568.93,10.6057
torsion,117,570.68,10.3351
torsion,117,572.43,10.1546
torsion,117,574.18,9.9742
torsion,117,575.93,9.7938
torsion,117,577.68,9.5232
torsion,117,579.43,9.3428
torsion,117,581.18,9.1624
torsion,117,582.93,8.9369
torsion,117,584.68,8.7113
torsion,117,586.43,8.5309
torsion,117,588.18,8.3505
torsion,117,589.93,8.1701
torsion,117,591.68,7.9897
torsion,117,593.44,7.8093
torsion,117,595.19,7.6289
torsion,117,596.94,7.4034
torsion,117,598.69,7.2229
torsion,117,600.44,7.0425
torsion,117,602.19,6.8621
torsion,117,603.94,6.6817
torsion,117,605.69,6.5013
torsion,117,607.44,6.3660
torsion,117,609.19,6.2307
torsion,117,610.94,6.0503
torsion,117,612.69,5.8698
torsion,117,614.44,5.6894
torsion,117,616.19,5.5541
torsion,117,617.94,5.4188
torsion,117,619.69,5.2835
torsion,117,621.44,5.1031
torsion,117,623.19,4.9678
torsion,117,624.95,4.8325
torsion,117,626.70,4.6521
torsion,117,628.45,4.5619
torsion,117,630.20,4.3814
torsion,117,631.95,4.2912
torsion,117,633.70,4.1559
torsion,117,635.45,4.0206
torsion,117,637.20,3.8853
torsion,117,638.95,3.7500
torsion,117,640.70,3.6598
torsion,117,642.45,3.5245
torsion,117,644.20,3.4343
torsion,117,645.95,3.2990
torsion,117,647.70,3.1637
torsion,117,649.45,3.0735
torsion,117,651.20,2.9832
torsion,117,652.95,2.8479
torsion,117,654.70,2.7577
torsion,117,656.46,2.6224
torsion,117,658.21,2.5322
torsion,117,659.96,2.4420
torsion,117,661.71,2.3518
torsion,117,663.46,2.2616
torsion,117,665.21,2.1714
torsion,117,666.96,2.0812
torsion,117,668.71,1.9910
torsion,117,670.46,1.9008
torsion,117,672.21,1.8106
torsion,117,673.96,1.7204
torsion,117,675.71,1.6753
torsion,117,677.46,1.5851
torsion,117,679.21,1.4948
torsion,117,680.96,1.4046
torsion,117,682.71,1.3144
torsion,117,684.46,1.2242
torsion,117,686.21,1.1340
torsion,117,687.96,1.1340
torsion,117,689.72,1.0438
torsion,117,691.47,0.9536
torsion,117,693.22,0.8634
torsion,117,694.97,0.7732
torsion,117,696.72,0.6830
torsion,117,698.47,0.6379
torsion,117,700.22,0.5928
torsion,117,701.97,0.5026
torsion,117,703.72,0.4124
torsion,117,705.47,0.3222
torsion,117,707.22,0.2320
torsion,117,708.97,0.2320
torsion,117,710.72,0.1418
torsion,117,712.47,0.0515
torsion,117,714.22,-0.0387
torsion,117,715.97,-0.1289
torsion,117,717.72,-0.1289
torsion,117,719.47,-0.2191
torsion,117,721.23,-0.3093
torsion,117,722.98,-0.3995
torsion,117,724.73,-0.4446
torsion,117,726.48,-0.4897
torsion,117,728.23,-0.5799
torsion,117,729.98,-0.6701
torsion,117,731.73,-0.7152
torsion,117,733.48,-0.7603
torsion,117,735.23,-0.8505
torsion,117,736.98,-0.9407
torsion,117,738.73,-0.9858
torsion,117,740.48,-1.0309
torsion,117,742.23,-1.1211
torsion,117,743.98,-1.1662
torsion,117,745.73,-1.2113
torsion,117,747.48,-1.3015
torsion,117,749.23,-1.3466
torsion,117,750.98,-1.3918
torsion,117,752.74,-1.4369
torsion,117,754.49,-1.5271
torsion,117,756.24,-1.5722
torsion,117,757.99,-1.6173
torsion,117,759.74,-1.6624
torsion,117,761.49,-1.7075
torsion,117,763.24,-1.7526
torsion,117,764.99,-1.7977
torsion,117,766.74,-1.8428
torsion,117,768.49,-1.8879
torsion,117,770.24,-1.9330
torsion,117,771.99,-1.9781
torsion,117,773.74,-1.9781
torsion,117,775.49,-2.0683
torsion,117,777.24,-2.0683
torsion,117,778.99,-2.1134
torsion,117,780.74,-2.1585
torsion,117,782.49,-2.1585
torsion,117,784.25,-2.2487
torsion,117,786.00,-2.2487
torsion,117,787.75,-2.2487
torsion,117,789.50,-2.3389
torsion,117,791.25,-2.3389
torsion,117,793.00,-2.4291
torsion,117,794.75,-2.4291
torsion,117,796.50,-2.4291
torsion,117,798.25,-2.4517
torsion,117,800.00,-2.4742
torsion,130,0.00,-1.8879
torsion,130,1.75,-1.8879
torsion,130,3.50,-1.8879
torsion,130,5.25,-1.8879
torsion,130,7.00,-1.9330
torsion,130,8.75,-1.9781
torsion,130,10.50,-1.9781
torsion,130,12.25,-1.9781
torsion,130,14.00,-2.0683
torsion,130,15.75,-2.0683
torsion,130,17.51,-2.0683
torsion,130,19.26,-2.1585
torsion,130,21.01,-2.1585
torsion,130,22.76,-2.1585
torsion,130,24.51,-2.2036
torsion,130,26.26,-2.2487
torsion,130,28.01,-2.2487
torsion,130,29.76,-2.2487
torsion,130,31.51,-2.2938
torsion,130,33.26,-2.3389
torsion,130,35.01,-2.3389
torsion,130,36.76,-2.3389
torsion,130,38.51,-2.3840
torsion,130,40.26,-2.3840
torsion,130,42.01,-2.4291
torsion,130,43.76,-2.4291
torsion,130,45.51,-2.4291
torsion,130,47.26,-2.4742
torsion,130,49.02,-2.5193
torsion,130,50.77,-2.5193
torsion,130,52.52,-2.5193
torsion,130,54.27,-2.5193
torsion,130,56.02,-2.5644
torsion,130,57.77,-2.5644
torsion,130,59.52,-2.6095
torsion,130,61.27,-2.6095
torsion,130,63.02,-2.6095
torsion,130,64.77,-2.6095
torsion,130,66.52,-2.6095
torsion,130,68.27,-2.6546
torsion,130,70.02,-2.6546
torsion,130,71.77,-2.6997
torsion,130,73.52,-2.6997
torsion,130,75.27,-2.6997
torsion,130,77.02,-2.6997
torsion,130,78.77,-2.7448
torsion,130,80.53,-2.7448
torsion,130,82.28,-2.7448
torsion,130,84.03,-2.7899
torsion,130,85.78,-2.7899
torsion,130,87.53,-2.7899
torsion,130,89.28,-2.7899
torsion,130,91.03,-2.7899
torsion,130,92.78,-2.7899
torsion,130,94.53,-2.8351
torsion,130,96.28,-2.8351
torsion,130,98.03,-2.8351
torsion,130,99.78,-2.8351
torsion,130,101.53,-2.8802
torsion,130,103.28,-2.8802
torsion,130,105.03,-2.8802
torsion,130,106.78,-2.8802
torsion,130,108.53,-2.8802
torsion,130,110.28,-2.8802
torsion,130,112.04,-2.8802
torsion,130,113.79,-2.8802
torsion,130,115.54,-2.8802
torsion,130,117.29,-2.8802
torsion,130,119.04,-2.7448
torsion,130,120.79,-2.6546
torsion,130,122.54,-2.5193
torsion,130,124.29,-2.2938
torsion,130,126.04,-2.0232
torsion,130,127.79,-1.7526
torsion,130,129.54,-1.3918
torsion,130,131.29,-1.0309
torsion,130,133.04,-0.5799
torsion,130,134.79,-0.0838
torsion,130,136.54,0.4124
torsion,130,138.29,0.9536
torsion,130,140.04,1.4948
torsion,130,141.79,2.2165
torsion,130,143.54,2.8028
torsion,130,145.30,3.4343
torsion,130,147.05,4.1108
torsion,130,148.80,4.7423
torsion,130,150.55,5.3737
torsion,130,152.30,6.0052
torsion,130,154.05,6.6366
torsion,130,155.80,7.2680
torsion,130,157.55,7.8995
torsion,130,159.30,8.4858
torsion,130,161.05,9.1173
torsion,130,162.80,9.7036
torsion,130,164.55,10.1546
torsion,130,166.30,10.6508
torsion,130,168.05,11.1018
torsion,130,169.80,11.5077
torsion,130,171.55,11.9137
torsion,130,173.30,12.1392
torsion,130,175.05,12.2294
torsion,130,176.81,12.4098
torsion,130,178.56,12.5451
torsion,130,180.31,12.6804
torsion,130,182.06,12.9510
torsion,130,183.81,13.2216
torsion,130,185.56,13.4021
torsion,130,187.31,13.5825
torsion,130,189.06,13.7629
torsion,130,190.81,13.9433
torsion,130,192.56,14.2139
torsion,130,194.31,14.3943
torsion,130,196.06,14.5747
torsion,130,197.81,14.7552
torsion,130,199.56,14.9356
torsion,130,201.31,15.1160
torsion,130,203.06,15.2964
torsion,130,204.81,15.4317
torsion,130,206.56,15.6121
torsion,130,208.32,15.7925
torsion,130,210.07,15.9729
torsion,130,211.82,16.1082
torsion,130,213.57,16.2436
torsion,130,215.32,16.4240
torsion,130,217.07,16.5593
torsion,130,218.82,16.6946
torsion,130,220.57,16.8750
torsion,130,222.32,16.9652
torsion,130,224.07,17.1456
torsion,130,225.82,17.2358
torsion,130,227.57,17.4162
torsion,130,229.32,17.5064
torsion,130,231.07,17.5966
torsion,130,232.82,17.7771
torsion,130,234.57,17.8673
torsion,130,236.32,17.9575
torsion,130,238.07,18.0928
torsion,130,239.82,18.2281
torsion,130,241.58,18.3183
torsion,130,243.33,18.4085
torsion,130,245.08,18.4987
torsion,130,246.83,18.5889
torsion,130,248.58,18.6791
torsion,130,250.33,18.7693
torsion,130,252.08,18.8595
torsion,130,253.83,18.9497
torsion,130,255.58,19.0399
torsion,130,257.33,19.0851
torsion,130,259.08,19.1753
torsion,130,260.83,19.2204
torsion,130,262.58,19.3106
torsion,130,264.33,19.3557
torsion,130,266.08,19.4008
torsion,130,267.83,19.4459
torsion,130,269.58,19.5361
torsion,130,271.33,19.5812
torsion,130,273.09,19.6263
torsion,130,274.84,19.6714
torsion,130,276.59,19.7165
torsion,130,278.34,19.7165
torsion,130,280.09,19.8067
torsion,130,281.84,19.8067
torsion,130,283.59,19.8067
torsion,130,285.34,19.8969
torsion,130,287.09,19.8969
torsion,130,288.84,19.8969
torsion,130,290.59,19.8969
torsion,130,292.34,19.9420
torsion,130,294.09,19.9871
torsion,130,295.84,19.9871
torsion,130,297.59,19.9871
torsion,130,299.34,19.9871
torsion,130,301.09,19.9871
torsion,130,302.84,19.9871
torsion,130,304.60,19.9871
torsion,130,306.35,20.0322
torsion,130,308.10,20.0322
torsion,130,309.85,20.0322
torsion,130,311.60,20.0322
torsion,130,313.35,19.9420
torsion,130,315.10,19.9420
torsion,130,316.85,19.9420
torsion,130,318.60,19.9420
torsion,130,320.35,19.9420
torsion,130,322.10,19.9420
torsion,130,323.85,19.8969
torsion,130,325.60,19.8518
torsion,130,327.35,19.8518
torsion,130,329.10,19.8067
torsion,130,330.85,19.8067
torsion,130,332.60,19.8067
torsion,130,334.35,19.7616
torsion,130,336.11,19.7165
torsion,130,337.86,19.7165
torsion,130,339.61,19.7165
torsion,130,341.36,19.7165
torsion,130,343.11,19.6714
torsion,130,344.86,19.6714
torsion,130,346.61,19.6263
torsion,130,348.36,19.6263
torsion,130,350.11,19.6263
torsion,130,351.86,19.6263
torsion,130,353.61,19.6263
torsion,130,355.36,19.5812
torsion,130,357.11,19.5812
torsion,130,358.86,19.5812
torsion,130,360.61,19.5812
torsion,130,362.36,19.5812
torsion,130,364.11,19.5812
torsion,130,365.86,19.5812
torsion,130,367.61,19.5812
torsion,130,369.37,19.5812
torsion,130,371.12,19.5812
torsion,130,372.87,19.5812
torsion,130,374.62,19.5812
torsion,130,376.37,19.5812
torsion,130,378.12,19.5812
torsion,130,379.87,19.6263
torsion,130,381.62,19.6263
torsion,130,383.37,19.6263
torsion,130,385.12,19.6263
torsion,130,386.87,19.6714
torsion,130,388.62,19.6714
torsion,130,390.37,19.6714
torsion,130,392.12,19.7165
torsion,130,393.87,19.7165
torsion,130,395.62,19.7616
torsion,130,397.37,19.7616
torsion,130,399.12,19.8067
torsion,130,400.88,19.8518
torsion,130,402.63,19.8518
torsion,130,404.38,19.8969
torsion,130,406.13,19.9420
torsion,130,407.88,19.9420
torsion,130,409.63,20.0322
torsion,130,411.38,20.0322
torsion,130,413.13,20.0322
torsion,130,414.88,20.0322
torsion,130,416.63,20.0322
torsion,130,418.38,20.0322
torsion,130,420.13,19.9871
torsion,130,421.88,19.9420
torsion,130,423.63,19.9420
torsion,130,425.38,19.9420
torsion,130,427.13,19.8518
torsion,130,428.88,19.8518
torsion,130,430.63,19.8518
torsion,130,432.39,19.7616
torsion,130,434.14,19.7616
torsion,130,435.89,19.7165
torsion,130,437.64,19.6714
torsion,130,439.39,19.6263
torsion,130,441.14,19.5812
torsion,130,442.89,19.5812
torsion,130,444.64,19.4910
torsion,130,446.39,19.4459
torsion,130,448.14,19.4008
torsion,130,449.89,19.3557
torsion,130,451.64,19.3106
torsion,130,453.39,19.2204
torsion,130,455.14,19.2204
torsion,130,456.89,19.1302
torsion,130,458.64,19.0851
torsion,130,460.39,19.0399
torsion,130,462.14,18.9948
torsion,130,463.89,18.9046
torsion,130,465.65,18.8595
torsion,130,467.40,18.8144
torsion,130,469.15,18.7242
torsion,130,470.90,18.6791
torsion,130,472.65,18.6340
torsion,130,474.40,18.5438
torsion,130,476.15,18.4536
torsion,130,477.90,18.4085
torsion,130,479.65,18.3634
torsion,130,481.40,18.2732
torsion,130,483.15,18.1830
torsion,130,484.90,18.1379
torsion,130,486.65,18.0928
torsion,130,488.40,18.0026
torsion,130,490.15,17.9124
torsion,130,491.90,17.8222
torsion,130,493.65,17.7771
torsion,130,495.40,17.7320
torsion,130,497.16,17.6418
torsion,130,498.91,17.5515
torsion,130,500.66,17.4613
torsion,130,502.41,17.3260
torsion,130,504.16,17.2358
torsion,130,505.91,17.1005
torsion,130,507.66,17.0103
torsion,130,509.41,16.8750
torsion,130,511.16,16.7848
torsion,130,512.91,16.6495
torsion,130,514.66,16.5142
torsion,130,516.41,16.3789
torsion,130,518.16,16.2436
torsion,130,519.91,16.1082
torsion,130,521.66,15.9729
torsion,130,523.41,15.8376
torsion,130,525.16,15.7023
torsion,130,526.91,15.5219
torsion,130,528.67,15.3866
torsion,130,530.42,15.2513
torsion,130,532.17,15.0709
torsion,130,533.92,14.9356
torsion,130,535.67,14.7552
torsion,130,537.42,14.5747
torsion,130,539.17,14.3943
torsion,130,540.92,14.2139
torsion,130,542.67,14.0786
torsion,130,544.42,13.8982
torsion,130,546.17,13.7178
torsion,130,547.92,13.5374
torsion,130,549.67,13.3570
torsion,130,551.42,13.1765
torsion,130,553.17,12.9961
torsion,130,554.92,12.8157
torsion,130,556.67,12.6353
torsion,130,558.42,12.4098
torsion,130,560.18,12.2294
torsion,130,561.93,12.0490
torsion,130,563.68,11.8686
torsion,130,565.43,11.6430
torsion,130,567.18,11.4626
torsion,130,568.93,11.2822
torsion,130,570.68,11.1018
torsion,130,572.43,10.8763
torsion,130,574.18,10.6959
torsion,130,575.93,10.4704
torsion,130,577.68,10.2899
torsion,130,579.43,10.1095
torsion,130,581.18,9.8840
torsion,130,582.93,9.7036
torsion,130,584.68,9.5232
torsion,130,586.43,9.3428
torsion,130,588.18,9.1624
torsion,130,589.93,8.9820
torsion,130,591.68,8.8015
torsion,130,593.44,8.6211
torsion,130,595.19,8.4407
torsion,130,596.94,8.2603
torsion,130,598.69,8.0799
torsion,130,600.44,7.8995
torsion,130,602.19,7.7191
torsion,130,603.94,7.5838
torsion,130,605.69,7.4485
torsion,130,607.44,7.2680
torsion,130,609.19,7.0876
torsion,130,610.94,6.9072
torsion,130,612.69,6.7268
torsion,130,614.44,6.6366
torsion,130,616.19,6.4562
torsion,130,617.94,6.2758
torsion,130,619.69,6.1405
torsion,130,621.44,6.0052
torsion,130,623.19,5.8698
torsion,130,624.95,5.6894
torsion,130,626.70,5.5541
torsion,130,628.45,5.4188
torsion,130,630.20,5.2835
torsion,130,631.95,5.1482
torsion,130,633.70,5.0580
torsion,130,635.45,4.8776
torsion,130,637.20,4.7874
torsion,130,638.95,4.6070
torsion,130,640.70,4.5168
torsion,130,642.45,4.3814
torsion,130,644.20,4.2461
torsion,130,645.95,4.1559
torsion,130,647.70,4.0206
torsion,130,649.45,3.8853
torsion,130,651.20,3.7951
torsion,130,652.95,3.6598
torsion,130,654.70,3.5696
torsion,130,656.46,3.4794
torsion,130,658.21,3.3892
torsion,130,659.96,3.2539
torsion,130,661.71,3.1637
torsion,130,663.46,3.0284
torsion,130,665.21,2.9381
torsion,130,666.96,2.8479
torsion,130,668.71,2.7577
torsion,130,670.46,2.6675
torsion,130,672.21,2.5773
torsion,130,673.96,2.4871
torsion,130,675.71,2.3969
torsion,130,677.46,2.3067
torsion,130,679.21,2.2165
torsion,130,680.96,2.1263
torsion,130,682.71,2.0361
torsion,130,684.46,1.9459
torsion,130,686.21,1.8557
torsion,130,687.96,1.8106
torsion,130,689.72,1.7204
torsion,130,691.47,1.6302
torsion,130,693.22,1.5851
torsion,130,694.97,1.4948
torsion,130,696.72,1.4046
torsion,130,698.47,1.3144
torsion,130,700.22,1.2242
torsion,130,701.97,1.1791
torsion,130,703.72,1.0889
torsion,130,705.47,0.9987
torsion,130,707.22,0.9085
torsion,130,708.97,0.8634
torsion,130,710.72,0.7732
torsion,130,712.47,0.6830
torsion,130,714.22,0.5928
torsion,130,715.97,0.5477
torsion,130,717.72,0.4575
torsion,130,719.47,0.4124
torsion,130,721.23,0.3222
torsion,130,722.98,0.2320
torsion,130,724.73,0.1418
torsion,130,726.48,0.0966
torsion,130,728.23,0.0064
torsion,130,729.98,-0.0838
torsion,130,731.73,-0.1289
torsion,130,733.48,-0.2191
torsion,130,735.23,-0.2642
torsion,130,736.98,-0.3544
torsion,130,738.73,-0.4446
torsion,130,740.48,-0.4897
torsion,130,742.23,-0.5799
torsion,130,743.98,-0.6250
torsion,130,745.73,-0.7152
torsion,130,747.48,-0.7603
torsion,130,749.23,-0.8054
torsion,130,750.98,-0.8956
torsion,130,752.74,-0.9858
torsion,130,754.49,-0.9858
torsion,130,756.24,-1.0760
torsion,130,757.99,-1.1662
torsion,130,759.74,-1.1662
torsion,130,761.49,-1.2564
torsion,130,763.24,-1.3015
torsion,130,764.99,-1.3466
torsion,130,766.74,-1.4369
torsion,130,768.49,-1.4369
torsion,130,770.24,-1.5271
torsion,130,771.99,-1.5271
torsion,130,773.74,-1.6173
torsion,130,775.49,-1.6173
torsion,130,777.24,-1.7075
torsion,130,778.99,-1.7075
torsion,130,780.74,-1.7977
torsion,130,782.49,-1.7977
torsion,130,784.25,-1.8879
torsion,130,786.00,-1.8879
torsion,130,787.75,-1.8879
torsion,130,789.50,-1.9781
torsion,130,791.25,-1.9781
torsion,130,793.00,-2.0232
torsion,130,794.75,-2.0683
torsion,130,796.50,-2.1134
torsion,130,798.25,-2.1134
torsion,130,800.00,-2.1134
torsion,143,0.00,-1.8879
torsion,143,1.75,-1.8879
torsion,143,3.50,-1.8879
torsion,143,5.25,-1.8879
torsion,143,7.00,-1.9330
torsion,143,8.75,-1.9781
torsion,143,10.50,-1.9781
torsion,143,12.25,-1.9781
torsion,143,14.00,-2.0683
torsion,143,15.75,-2.0683
torsion,143,17.51,-2.0683
torsion,143,19.26,-2.1585
torsion,143,21.01,-2.1585
torsion,143,22.76,-2.1585
torsion,143,24.51,-2.2036
torsion,143,26.26,-2.2487
torsion,143,28.01,-2.2487
torsion,143,29.76,-2.2487
torsion,143,31.51,-2.2938
torsion,143,33.26,-2.3389
torsion,143,35.01,-2.3389
torsion,143,36.76,-2.3389
torsion,143,38.51,-2.3840
torsion,143,40.26,-2.3840
torsion,143,42.01,-2.4291
torsion,143,43.76,-2.4291
torsion,143,45.51,-2.4291
torsion,143,47.26,-2.4742
torsion,143,49.02,-2.5193
torsion,143,50.77,-2.5193
torsion,143,52.52,-2.5193
torsion,143,54.27,-2.5193
torsion,143,56.02,-2.5644
torsion,143,57.77,-2.5644
torsion,143,59.52,-2.6095
torsion,143,61.27,-2.6095
torsion,143,63.02,-2.6095
torsion,143,64.77,-2.6095
torsion,143,66.52,-2.6095
torsion,143,68.27,-2.6546
torsion,143,70.02,-2.6546
torsion,143,71.77,-2.6997
torsion,143,73.52,-2.6997
torsion,143,75.27,-2.6997
torsion,143,77.02,-2.6997
torsion,143,78.77,-2.7448
torsion,143,80.53,-2.7448
torsion,143,82.28,-2.7448
torsion,143,84.03,-2.7899
torsion,143,85.78,-2.7899
torsion,143,87.53,-2.7899
torsion,143,89.28,-2.7899
torsion,143,91.03,-2.7899
torsion,143,92.78,-2.7899
torsion,143,94.53,-2.8351
torsion,143,96.28,-2.8351
torsion,143,98.03,-2.8351
torsion,143,99.78,-2.8351
torsion,143,101.53,-2.8802
torsion,143,103.28,-2.8802
torsion,143,105.03,-2.8802
torsion,143,106.78,-2.8802
torsion,143,108.53,-2.8802
torsion,143,110.28,-2.8802
torsion,143,112.04,-2.8802
torsion,143,113.79,-2.8802
torsion,143,115.54,-2.8802
torsion,143,117.29,-2.8802
torsion,143,119.04,-2.7448
torsion,143,120.79,-2.6546
torsion,143,122.54,-2.5193
torsion,143,124.29,-2.2938
torsion,143,126.04,-2.0232
torsion,143,127.79,-1.7526
torsion,143,129.54,-1.3918
torsion,143,131.29,-1.0309
torsion,143,133.04,-0.5799
torsion,143,134.79,-0.0838
torsion,143,136.54,0.4124
torsion,143,138.29,0.9536
torsion,143,140.04,1.4948
torsion,143,141.79,2.2165
torsion,143,143.54,2.8028
torsion,143,145.30,3.4343
torsion,143,147.05,4.1108
torsion,143,148.80,4.7423
torsion,143,150.55,5.3737
torsion,143,152.30,6.0052
torsion,143,154.05,6.6366
torsion,143,155.80,7.2680
torsion,143,157.55,7.8995
torsion,143,159.30,8.4858
torsion,143,161.05,9.1173
torsion,143,162.80,9.7036
torsion,143,164.55,10.1546
torsion,143,166.30,10.6508
torsion,143,168.05,11.1018
torsion,143,169.80,11.5077
torsion,143,171.55,11.9137
torsion,143,173.30,12.2294
torsion,143,175.05,12.5451
torsion,143,176.81,12.8608
torsion,143,178.56,13.0863
torsion,143,180.31,13.3570
torsion,143,182.06,13.5825
torsion,143,183.81,13.8531
torsion,143,185.56,14.0335
torsion,143,187.31,14.2139
torsion,143,189.06,14.3943
torsion,143,190.81,14.5747
torsion,143,192.56,14.8003
torsion,143,194.31,14.9807
torsion,143,196.06,15.1611
torsion,143,197.81,15.3415
torsion,143,199.56,15.5219
torsion,143,201.31,15.7023
torsion,143,203.06,15.8376
torsion,143,204.81,16.0180
torsion,143,206.56,16.1985
torsion,143,208.32,16.3338
torsion,143,210.07,16.4691
torsion,143,211.82,16.6495
torsion,143,213.57,16.7848
torsion,143,215.32,16.9201
torsion,143,217.07,17.1005
torsion,143,218.82,17.2358
torsion,143,220.57,17.3711
torsion,143,222.32,17.5064
torsion,143,224.07,17.6418
torsion,143,225.82,17.7771
torsion,143,227.57,17.8673
torsion,143,229.32,18.0477
torsion,143,231.07,18.1379
torsion,143,232.82,18.2281
torsion,143,234.57,18.3634
torsion,143,236.32,18.4987
torsion,143,238.07,18.5889
torsion,143,239.82,18.6791
torsion,143,241.58,18.7693
torsion,143,243.33,18.8595
torsion,143,245.08,18.9948
torsion,143,246.83,19.0851
torsion,143,248.58,19.1302
torsion,143,250.33,19.1753
torsion,143,252.08,19.2655
torsion,143,253.83,19.3557
torsion,143,255.58,19.4008
torsion,143,257.33,19.4910
torsion,143,259.08,19.5812
torsion,143,260.83,19.6263
torsion,143,262.58,19.6714
torsion,143,264.33,19.7616
torsion,143,266.08,19.7616
torsion,143,267.83,19.8518
torsion,143,269.58,19.8518
torsion,143,271.33,19.9420
torsion,143,273.09,19.9420
torsion,143,274.84,20.0322
torsion,143,276.59,20.0322
torsion,143,278.34,20.1224
torsion,143,280.09,20.1224
torsion,143,281.84,20.1224
torsion,143,283.59,20.2126
torsion,143,285.34,20.2126
torsion,143,287.09,20.2126
torsion,143,288.84,20.2126
torsion,143,290.59,20.2577
torsion,143,292.34,20.3028
torsion,143,294.09,20.3028
torsion,143,295.84,20.3028
torsion,143,297.59,20.3028
torsion,143,299.34,20.3028
torsion,143,301.09,20.3028
torsion,143,302.84,20.3028
torsion,143,304.60,20.3028
torsion,143,306.35,20.3028
torsion,143,308.10,20.3028
torsion,143,309.85,20.3028
torsion,143,311.60,20.3028
torsion,143,313.35,20.3028
torsion,143,315.10,20.2577
torsion,143,316.85,20.2577
torsion,143,318.60,20.2126
torsion,143,320.35,20.2126
torsion,143,322.10,20.2126
torsion,143,323.85,20.1675
torsion,143,325.60,20.1224
torsion,143,327.35,20.1224
torsion,143,329.10,20.1224
torsion,143,330.85,20.0773
torsion,143,332.60,20.0322
torsion,143,334.35,20.0322
torsion,143,336.11,20.0322
torsion,143,337.86,19.9871
torsion,143,339.61,19.9420
torsion,143,341.36,19.9420
torsion,143,343.11,19.9420
torsion,143,344.86,19.9420
torsion,143,346.61,19.8969
torsion,143,348.36,19.8969
torsion,143,350.11,19.8969
torsion,143,351.86,19.8518
torsion,143,353.61,19.8518
torsion,143,355.36,19.8518
torsion,143,357.11,19.8518
torsion,143,358.86,19.8518
torsion,143,360.61,19.8518
torsion,143,362.36,19.8518
torsion,143,364.11,19.8518
torsion,143,365.86,19.8518
torsion,143,367.61,19.8518
torsion,143,369.37,19.8518
torsion,143,371.12,19.8518
torsion,143,372.87,19.8518
torsion,143,374.62,19.8518
torsion,143,376.37,19.8518
torsion,143,378.12,19.8518
torsion,143,379.87,19.8518
torsion,143,381.62,19.8969
torsion,143,383.37,19.8969
torsion,143,385.12,19.8969
torsion,143,386.87,19.9420
torsion,143,388.62,19.9420
torsion,143,390.37,19.9420
torsion,143,392.12,19.9871
torsion,143,393.87,20.0322
torsion,143,395.62,20.0322
torsion,143,397.37,20.0322
torsion,143,399.12,20.1224
torsion,143,400.88,20.1224
torsion,143,402.63,20.1224
torsion,143,404.38,20.2126
torsion,143,406.13,20.2126
torsion,143,407.88,20.2577
torsion,143,409.63,20.3028
torsion,143,411.38,20.3028
torsion,143,413.13,20.3028
torsion,143,414.88,20.3028
torsion,143,416.63,20.3028
torsion,143,418.38,20.3028
torsion,143,420.13,20.3028
torsion,143,421.88,20.2577
torsion,143,423.63,20.2126
torsion,143,425.38,20.2126
torsion,143,427.13,20.2126
torsion,143,428.88,20.1224
torsion,143,430.63,20.1224
torsion,143,432.39,20.0773
torsion,143,434.14,20.0322
torsion,143,435.89,20.0322
torsion,143,437.64,19.9420
torsion,143,439.39,19.9420
torsion,143,441.14,19.8518
torsion,143,442.89,19.8518
torsion,143,444.64,19.7616
torsion,143,446.39,19.7616
torsion,143,448.14,19.6714
torsion,143,449.89,19.6714
torsion,143,451.64,19.5812
torsion,143,453.39,19.5812
torsion,143,455.14,19.4910
torsion,143,456.89,19.4008
torsion,143,458.64,19.4008
torsion,143,460.39,19.3106
torsion,143,462.14,19.2655
torsion,143,463.89,19.2204
torsion,143,465.65,19.1302
torsion,143,467.40,19.0851
torsion,143,469.15,19.0399
torsion,143,470.90,18.9497
torsion,143,472.65,18.9046
torsion,143,474.40,18.8595
torsion,143,476.15,18.7693
torsion,143,477.90,18.7242
torsion,143,479.65,18.6340
torsion,143,481.40,18.5889
torsion,143,483.15,18.4987
torsion,143,484.90,18.4536
torsion,143,486.65,18.3634
torsion,143,488.40,18.3183
torsion,143,490.15,18.2281
torsion,143,491.90,18.1830
torsion,143,493.65,18.0928
torsion,143,495.40,18.0026
torsion,143,497.16,17.9124
torsion,143,498.91,17.8222
torsion,143,500.66,17.7320
torsion,143,502.41,17.6418
torsion,143,504.16,17.5515
torsion,143,505.91,17.4613
torsion,143,507.66,17.3711
torsion,143,509.41,17.2358
torsion,143,511.16,17.1456
torsion,143,512.91,17.0554
torsion,143,514.66,16.8750
torsion,143,516.41,16.7848
torsion,143,518.16,16.6946
torsion,143,519.91,16.5142
torsion,143,521.66,16.4240
torsion,143,523.41,16.2887
torsion,143,525.16,16.1082
torsion,143,526.91,16.0180
torsion,143,528.67,15.8376
torsion,143,530.42,15.7023
torsion,143,532.17,15.5670
torsion,143,533.92,15.3866
torsion,143,535.67,15.2964
torsion,143,537.42,15.1160
torsion,143,539.17,14.9356
torsion,143,540.92,14.7552
torsion,143,542.67,14.6198
torsion,143,544.42,14.4394
torsion,143,546.17,14.2590
torsion,143,547.92,14.1237
torsion,143,549.67,13.9433
torsion,143,551.42,13.8080
torsion,143,553.17,13.6276
torsion,143,554.92,13.4472
torsion,143,556.67,13.2668
torsion,143,558.42,13.0863
torsion,143,560.18,12.9059
torsion,143,561.93,12.7255
torsion,143,563.68,12.5451
torsion,143,565.43,12.3647
torsion,143,567.18,12.1392
torsion,143,568.93,11.9588
torsion,143,570.68,11.7784
torsion,143,572.43,11.5979
torsion,143,574.18,11.4175
torsion,143,575.93,11.2371
torsion,143,577.68,11.0116
torsion,143,579.43,10.8312
torsion,143,581.18,10.6508
torsion,143,582.93,10.4704
torsion,143,584.68,10.2899
torsion,143,586.43,10.1095
torsion,143,588.18,9.9291
torsion,143,589.93,9.7487
torsion,143,591.68,9.5683
torsion,143,593.44,9.3879
torsion,143,595.19,9.2075
torsion,143,596.94,9.0271
torsion,143,598.69,8.8466
torsion,143,600.44,8.6662
torsion,143,602.19,8.4858
torsion,143,603.94,8.3054
torsion,143,605.69,8.1701
torsion,143,607.44,8.0348
torsion,143,609.19,7.8544
torsion,143,610.94,7.6740
torsion,143,612.69,7.5387
torsion,143,614.44,7.3582
torsion,143,616.19,7.2229
torsion,143,617.94,7.0425
torsion,143,619.69,6.9072
torsion,143,621.44,6.7719
torsion,143,623.19,6.6366
torsion,143,624.95,6.4562
torsion,143,626.70,6.3660
torsion,143,628.45,6.1856
torsion,143,630.20,6.0503
torsion,143,631.95,5.9149
torsion,143,633.70,5.7796
torsion,143,635.45,5.6443
torsion,143,637.20,5.5090
torsion,143,638.95,5.3737
torsion,143,640.70,5.2835
torsion,143,642.45,5.1482
torsion,143,644.20,5.0129
torsion,143,645.95,4.8776
torsion,143,647.70,4.7874
torsion,143,649.45,4.6521
torsion,143,651.20,4.5168
torsion,143,652.95,4.4265
torsion,143,654.70,4.3363
torsion,143,656.46,4.2461
torsion,143,658.21,4.0657
torsion,143,659.96,3.9755
torsion,143,661.71,3.8853
torsion,143,663.46,3.7951
torsion,143,665.21,3.7049
torsion,143,666.96,3.6147
torsion,143,668.71,3.4794
torsion,143,670.46,3.3892
torsion,143,672.21,3.2990
torsion,143,673.96,3.2088
torsion,143,675.71,3.1186
torsion,143,677.46,3.0284
torsion,143,679.21,2.9381
torsion,143,680.96,2.8479
torsion,143,682.71,2.7577
torsion,143,684.46,2.6675
torsion,143,686.21,2.5773
torsion,143,687.96,2.4871
torsion,143,689.72,2.3969
torsion,143,691.47,2.3067
torsion,143,693.22,2.2165
torsion,143,694.97,2.1263
torsion,143,696.72,2.0361
torsion,143,698.47,1.9459
torsion,143,700.22,1.8557
torsion,143,701.97,1.7655
torsion,143,703.72,1.7204
torsion,143,705.47,1.6753
torsion,143,707.22,1.5851
torsion,143,708.97,1.4948
torsion,143,710.72,1.4046
torsion,143,712.47,1.3144
torsion,143,714.22,1.2242
torsion,143,715.97,1.1340
torsion,143,717.72,1.0438
torsion,143,719.47,0.9536
torsion,143,721.23,0.8634
torsion,143,722.98,0.8634
torsion,143,724.73,0.7732
torsion,143,726.48,0.6830
torsion,143,728.23,0.5928
torsion,143,729.98,0.5026
torsion,143,731.73,0.4124
torsion,143,733.48,0.3222
torsion,143,735.23,0.2320
torsion,143,736.98,0.2320
torsion,143,738.73,0.1418
torsion,143,740.48,0.0515
torsion,143,742.23,-0.0387
torsion,143,743.98,-0.1289
torsion,143,745.73,-0.2191
torsion,143,747.48,-0.2642
torsion,143,749.23,-0.3093
torsion,143,750.98,-0.3995
torsion,143,752.74,-0.4446
torsion,143,754.49,-0.4897
torsion,143,756.24,-0.5799
torsion,143,757.99,-0.6701
torsion,143,759.74,-0.7152
torsion,143,761.49,-0.7603
torsion,143,763.24,-0.8505
torsion,143,764.99,-0.8956
torsion,143,766.74,-0.9407
torsion,143,768.49,-0.9858
torsion,143,770.24,-1.0760
torsion,143,771.99,-1.0760
torsion,143,773.74,-1.1662
torsion,143,775.49,-1.2113
torsion,143,777.24,-1.2564
torsion,143,778.99,-1.3015
torsion,143,780.74,-1.3466
torsion,143,782.49,-1.3918
torsion,143,784.25,-1.4369
torsion,143,786.00,-1.4820
torsion,143,787.75,-1.5271
torsion,143,789.50,-1.5271
torsion,143,791.25,-1.6173
torsion,143,793.00,-1.6173
torsion,143,794.75,-1.7075
torsion,143,796.50,-1.7075
torsion,143,798.25,-1.7075
torsion,143,800.00,-1.7075
